﻿<?xml version="1.0" encoding="utf-8"?>
<configuration>
  <properties>
      <property name="//LIB_RESOURCE_HTTP-implement.module///resources/LIB_RESOURCE_HTTP/HTTP_v1/httpConnectorResource/port">
       <environment name="DEFAULT" value="~TIBVAL_HTTP_port~" />
    </property>
    <property name="//LIB_RESOURCE_HTTP-implement.module///resources/LIB_RESOURCE_HTTP/HTTP_v1/httpConnectorResource/host">
      <environment name="DEFAULT" value="~TIBVAL_HTTP_host~" />
    </property>
    <property name="//PT_PENSIONS_Proposals-service.module///services/PT_PENSIONS_Proposals/Proposal_v1/operations/modifyProposal">
      <environment name="DEFAULT" value="modifyProposal" />
    </property>
    <property name="//PT_PENSIONS_Proposals-service.module///services/PT_PENSIONS_Proposals/Proposal_v1/operations/createProposalIncrementTransferIn">
      <environment name="DEFAULT" value="createProposalIncrementTransferIn" />
    </property>
    <property name="//PT_PENSIONS_Proposals-service.module///services/PT_PENSIONS_Proposals/Proposal_v1/operations/findProposalBeneficiaries">
      <environment name="DEFAULT" value="findProposalBeneficiaries" />
    </property>
    <property name="//PT_PENSIONS_Proposals-service.module///services/PT_PENSIONS_Proposals/Proposal_v1/operations/getProposalIncrement">
      <environment name="DEFAULT" value="getProposalIncrement" />
    </property>
    <property name="//PT_PENSIONS_Proposals-service.module///services/PT_PENSIONS_Proposals/Proposal_v1/operations/findProposalIncrementTransferIns">
      <environment name="DEFAULT" value="findProposalIncrementTransferIns" />
    </property>
    <property name="//PT_PENSIONS_Proposals-service.module///services/PT_PENSIONS_Proposals/Proposal_v1/operations/createProposalIncrementCharge">
      <environment name="DEFAULT" value="createProposalIncrementCharge" />
    </property>
    <property name="//PT_PENSIONS_Proposals-service.module///services/PT_PENSIONS_Proposals/Proposal_v1/operations/createProposalIncrementContribution">
      <environment name="DEFAULT" value="createProposalIncrementContribution" />
    </property>
    <property name="//PT_PENSIONS_Proposals-service.module///services/PT_PENSIONS_Proposals/Proposal_v1/operations/getProposalIncrementContribution">
      <environment name="DEFAULT" value="getProposalIncrementContribution" />
    </property>
    <property name="//PT_PENSIONS_Proposals-service.module///services/PT_PENSIONS_Proposals/Proposal_v1/operations/createProposalIncrement">
      <environment name="DEFAULT" value="createProposalIncrement" />
    </property>
    <property name="//PT_PENSIONS_Proposals-service.module///services/PT_PENSIONS_Proposals/Proposal_v1/operations/getProposalIncrementTransferIn">
      <environment name="DEFAULT" value="getProposalIncrementTransferIn" />
    </property>
    <property name="//PT_PENSIONS_Proposals-service.module///services/PT_PENSIONS_Proposals/Proposal_v1/operations/getProposal">
      <environment name="DEFAULT" value="getProposal" />
    </property>
    <property name="//PT_PENSIONS_Proposals-service.module///services/PT_PENSIONS_Proposals/Proposal_v1/operations/getProposalBeneficiary">
      <environment name="DEFAULT" value="getProposalBeneficiary" />
    </property>
    <property name="//PT_PENSIONS_Proposals-service.module///services/PT_PENSIONS_Proposals/Proposal_v1/operations/submitProposal">
      <environment name="DEFAULT" value="submitProposal" />
    </property>
    <property name="//PT_PENSIONS_Proposals-service.module///services/PT_PENSIONS_Proposals/Proposal_v1/operations/findProposalIncrementCharges">
      <environment name="DEFAULT" value="findProposalIncrementCharges" />
    </property>
    <property name="//PT_PENSIONS_Proposals-service.module///services/PT_PENSIONS_Proposals/Proposal_v1/operations/updateProposalIncrementContribution">
      <environment name="DEFAULT" value="updateProposalIncrementContribution" />
     </property>
    <property name="//PT_PENSIONS_Proposals-service.module///services/PT_PENSIONS_Proposals/Proposal_v1/operations/findProposals">
      <environment name="DEFAULT" value="findProposals" />
    </property>
    <property name="//PT_PENSIONS_Proposals-service.module///services/PT_PENSIONS_Proposals/Proposal_v1/operations/findProposalIncrementContribution">
      <environment name="DEFAULT" value="findProposalIncrementContribution" />
    </property>
    <property name="//PT_PENSIONS_Proposals-service.module///services/PT_PENSIONS_Proposals/Proposal_v1/operations/findProposalIncrements">
      <environment name="DEFAULT" value="findProposalIncrements" />
    </property>
    <property name="//PT_PENSIONS_Proposals-service.module///services/PT_PENSIONS_Proposals/Proposal_v1/operations/createProposal">
      <environment name="DEFAULT" value="createProposal" />
    </property>
    <property name="//PT_PENSIONS_Proposals-service.module///services/PT_PENSIONS_Proposals/Proposal_v1/operations/getProposalIncrementCharge">
      <environment name="DEFAULT" value="getProposalIncrementCharge" />
    </property>
    <property name="//PT_PENSIONS_Proposals-service.module///services/PT_PENSIONS_Proposals/Proposal_v1/operations/modifyProposalBeneficiary">
      <environment name="DEFAULT" value="modifyProposalBeneficiary" />
    </property>
    <property name="//PT_PENSIONS_Proposals-service.module///services/PT_PENSIONS_Proposals/Proposal_v1/operations/modifyProposalIncrement">
      <environment name="DEFAULT" value="modifyProposalIncrement" />
    </property>
    <property name="//PT_PENSIONS_Proposals-service.module///services/PT_PENSIONS_Proposals/Proposal_v1/operations/modifyProposalIncrementCharge">
      <environment name="DEFAULT" value="modifyProposalIncrementCharge" />
    </property>
    <property name="//PT_PENSIONS_Proposals-service.module///services/PT_PENSIONS_Proposals/Proposal_v1/operations/modifyProposalIncrementContribution">
      <environment name="DEFAULT" value="modifyProposalIncrementContribution" />
    </property>
    <property name="//PT_PENSIONS_Proposals-service.module///services/PT_PENSIONS_Proposals/Proposal_v1/operations/modifyProposalIncrementTransferIn">
      <environment name="DEFAULT" value="modifyProposalIncrementTransferIn" />
    </property>
    <property name="//PT_PENSIONS_Proposals-service.module///services/PT_PENSIONS_Proposals/Proposal_v1/operations/createtProposalBeneficiary">
      <environment name="DEFAULT" value="createtProposalBeneficiary" />
    </property>
    <property name="//PT_PENSIONS_Proposals-service.module///services/PT_PENSIONS_Proposals/Proposal_v1/href/chargesURI">
      <environment name="DEFAULT" value="/charges/" />
    </property>
    <property name="//PT_PENSIONS_Proposals-service.module///services/PT_PENSIONS_Proposals/Proposal_v1/href/policyURI">
      <environment name="DEFAULT" value="/secure/api/v1/policies/" />
    </property>
    <property name="//PT_PENSIONS_Proposals-service.module///services/PT_PENSIONS_Proposals/Proposal_v1/href/productURI">
      <environment name="DEFAULT" value="/secure/api/v1/products/" />
    </property>
    <property name="//PT_PENSIONS_Proposals-service.module///services/PT_PENSIONS_Proposals/Proposal_v1/href/proposalsURI">
      <environment name="DEFAULT" value="/secure/api/sales/v1/proposals/" />
      </property>
    <property name="//PT_PENSIONS_Proposals-service.module///services/PT_PENSIONS_Proposals/Proposal_v1/href/transferInsURI">
      <environment name="DEFAULT" value="/transferIns/" />
    </property>
    <property name="//PT_PENSIONS_Proposals-service.module///services/PT_PENSIONS_Proposals/Proposal_v1/href/incrementsURI">
      <environment name="DEFAULT" value="/increments/" />
    </property>
    <property name="//PT_PENSIONS_Proposals-service.module///services/PT_PENSIONS_Proposals/Proposal_v1/href/beneficiariesURI">
      <environment name="DEFAULT" value="/beneficiaries/" />
    </property>
    <property name="//PT_PENSIONS_Proposals-service.module///services/PT_PENSIONS_Proposals/Proposal_v1/href/contributionsURI">
      <environment name="DEFAULT" value="/contributions/" />
    </property>
    <property name="//PT_PENSIONS_Proposals-service.module///services/PT_PENSIONS_Proposals/Proposal_v1/href/investmentChoicesURI">
      <environment name="DEFAULT" value="/secure/api/v1/investmentChoices/" />
    </property>
    <property name="//PT_PENSIONS_Proposals-service.module///services/PT_PENSIONS_Proposals/Proposal_v1/href/applicationsURI">
      <environment name="DEFAULT" value="/secure/api/sales/v1/applications/" />
    </property>
    <property name="//PT_PENSIONS_Proposals-service.module///services/PT_PENSIONS_Proposals/Proposal_v1/statusCode/code204">
      <environment name="DEFAULT" value="NO-CONTENT" />
    </property>
    <property name="//PT_PENSIONS_Proposals-service.module///services/PT_PENSIONS_Proposals/Proposal_v1/statusCode/code201">
      <environment name="DEFAULT" value="CREATED" />
    </property>
    <property name="//PT_PENSIONS_Proposals-implement.module///services/PT_PENSIONS_Proposals/Proposals_v1/ftlRequest/channel_FindProposals">
      <environment name="DEFAULT" value="bt_pensions_proposals_findproposals_v1" />
    </property>
    <property name="//PT_PENSIONS_Proposals-implement.module///services/PT_PENSIONS_Proposals/Proposals_v1/ftlRequest/channel_FindProposalBeneficiaries">
      <environment name="DEFAULT" value="bt_pensions_proposals_findproposalbeneficiaries_v1" />
    </property>
    <property name="//PT_PENSIONS_Proposals-implement.module///services/PT_PENSIONS_Proposals/Proposals_v1/ftlRequest/channel_ModifyProposal">
      <environment name="DEFAULT" value="bt_pensions_proposals_modifyproposal_v1" />
    </property>
    <property name="//PT_PENSIONS_Proposals-implement.module///services/PT_PENSIONS_Proposals/Proposals_v1/ftlRequest/channel_GetProposalIncrement">
      <environment name="DEFAULT" value="bt_pensions_proposals_getproposalincrement_v1" />
    </property>
    <property name="//PT_PENSIONS_Proposals-implement.module///services/PT_PENSIONS_Proposals/Proposals_v1/ftlRequest/channel_GetProposalIncrementCharge">
      <environment name="DEFAULT" value="bt_pensions_proposals_getproposalincrementcharge_v1" />
    </property>
    <property name="//PT_PENSIONS_Proposals-implement.module///services/PT_PENSIONS_Proposals/Proposals_v1/ftlRequest/format">
      <environment name="DEFAULT" value="CSF" />
    </property>
    <property name="//PT_PENSIONS_Proposals-implement.module///services/PT_PENSIONS_Proposals/Proposals_v1/ftlRequest/channel_CreateProposal">
      <environment name="DEFAULT" value="bt_pensions_proposals_createproposal_v1" />
    </property>
    <property name="//PT_PENSIONS_Proposals-implement.module///services/PT_PENSIONS_Proposals/Proposals_v1/ftlRequest/channel_ModifyProposalIncrement">
      <environment name="DEFAULT" value="bt_pensions_proposals_modifyproposalincrement_v1" />
    </property>
    <property name="//PT_PENSIONS_Proposals-implement.module///services/PT_PENSIONS_Proposals/Proposals_v1/ftlRequest/channel_CreateProposalIncrement">
      <environment name="DEFAULT" value="bt_pensions_proposals_createproposalincrement_v1" />
    </property>
    <property name="//PT_PENSIONS_Proposals-implement.module///services/PT_PENSIONS_Proposals/Proposals_v1/ftlRequest/channel_GetProposalBeneficiary">
      <environment name="DEFAULT" value="bt_pensions_proposals_getproposalbeneficiary_v1" />
    </property>
    <property name="//PT_PENSIONS_Proposals-implement.module///services/PT_PENSIONS_Proposals/Proposals_v1/ftlRequest/channel_ModifyProposalBeneficiary">
      <environment name="DEFAULT" value="bt_pensions_proposals_modifyproposalbeneficiary_v1" />
    </property>
    <property name="//PT_PENSIONS_Proposals-implement.module///services/PT_PENSIONS_Proposals/Proposals_v1/ftlRequest/channel_ModifyProposalIncrementContribution">
      <environment name="DEFAULT" value="bt_pensions_proposals_modifyproposalincrementcontribution_v1" />
    </property>
    <property name="//PT_PENSIONS_Proposals-implement.module///services/PT_PENSIONS_Proposals/Proposals_v1/ftlRequest/channel_CreateProposalIncrementTransferIn">
      <environment name="DEFAULT" value="bt_pensions_proposals_createproposalincrementtransferin_v1" />
    </property>
    <property name="//PT_PENSIONS_Proposals-implement.module///services/PT_PENSIONS_Proposals/Proposals_v1/ftlRequest/channel_ModifyProposalIncrementCharge">
      <environment name="DEFAULT" value="bt_pensions_proposals_modifyproposalincrementcharge_v1" />
    </property>
    <property name="//PT_PENSIONS_Proposals-implement.module///services/PT_PENSIONS_Proposals/Proposals_v1/ftlRequest/channel_GetProposalIncrementTransferIn">
      <environment name="DEFAULT" value="bt_pensions_proposals_getproposalincrementtransferin_v1" />
    </property>
    <property name="//PT_PENSIONS_Proposals-implement.module///services/PT_PENSIONS_Proposals/Proposals_v1/ftlRequest/channel_UpdateProposalIncrementContribution">
      <environment name="DEFAULT" value="bt_pensions_proposals_updateproposalincrementcontribution_v1" />
    </property>
    <property name="//PT_PENSIONS_Proposals-implement.module///services/PT_PENSIONS_Proposals/Proposals_v1/ftlRequest/formatName">
      <environment name="DEFAULT" value="" />
    </property>
    <property name="//PT_PENSIONS_Proposals-implement.module///services/PT_PENSIONS_Proposals/Proposals_v1/ftlRequest/channel_FindProposalIncrements">
      <environment name="DEFAULT" value="bt_pensions_proposals_findproposalincrements_v1" />
    </property>
    <property name="//PT_PENSIONS_Proposals-implement.module///services/PT_PENSIONS_Proposals/Proposals_v1/ftlRequest/channel_RetrieveProposal">
      <environment name="DEFAULT" value="bt_pensions_proposals_getproposal_v1" />
    </property>
    <property name="//PT_PENSIONS_Proposals-implement.module///services/PT_PENSIONS_Proposals/Proposals_v1/ftlRequest/channel_FindProposalIncrementCharges">
      <environment name="DEFAULT" value="bt_pensions_proposals_findproposalincrementcharges_v1" />
    </property>
    <property name="//PT_PENSIONS_Proposals-implement.module///services/PT_PENSIONS_Proposals/Proposals_v1/ftlRequest/channel_FindProposalIncrementContributions">
      <environment name="DEFAULT" value="bt_pensions_proposals_findproposalincrementcontributions_v1" />
    </property>
    <property name="//PT_PENSIONS_Proposals-implement.module///services/PT_PENSIONS_Proposals/Proposals_v1/ftlRequest/channel_CreateProposalBeneficiary">
      <environment name="DEFAULT" value="bt_pensions_proposals_createproposalbeneficiary_v1" />
    </property>
    <property name="//PT_PENSIONS_Proposals-implement.module///services/PT_PENSIONS_Proposals/Proposals_v1/ftlRequest/channel_SubmitProposal">
      <environment name="DEFAULT" value="bt_pensions_proposals_submitproposal_v1" />
    </property>
    <property name="//PT_PENSIONS_Proposals-implement.module///services/PT_PENSIONS_Proposals/Proposals_v1/ftlRequest/channel_CreateProposalIncrementContribution">
      <environment name="DEFAULT" value="bt_pensions_proposals_createproposalincrementcontribution_v1" />
    </property>
    <property name="//PT_PENSIONS_Proposals-implement.module///services/PT_PENSIONS_Proposals/Proposals_v1/ftlRequest/channel_ModifyProposalIncrementTransferIn">
      <environment name="DEFAULT" value="bt_pensions_proposals_modifyproposalincrementtransferin_v1" />
    </property>
    <property name="//PT_PENSIONS_Proposals-implement.module///services/PT_PENSIONS_Proposals/Proposals_v1/ftlRequest/endpoint">
      <environment name="DEFAULT" value="SyncRequestDyn_ep" />
    </property>
    <property name="//PT_PENSIONS_Proposals-implement.module///services/PT_PENSIONS_Proposals/Proposals_v1/ftlRequest/channel_CreateProposalIncrementCharge">
      <environment name="DEFAULT" value="bt_pensions_proposals_createproposalincrementcharge_v1" />
    </property>
    <property name="//PT_PENSIONS_Proposals-implement.module///services/PT_PENSIONS_Proposals/Proposals_v1/ftlRequest/channel_GetProposalIncrementContribution">
      <environment name="DEFAULT" value="bt_pensions_proposals_getproposalincrementcontribution_v1" />
    </property>
    <property name="//PT_PENSIONS_Proposals-implement.module///services/PT_PENSIONS_Proposals/Proposals_v1/ftlRequest/channel_FindProposalIncrementTransferIns">
      <environment name="DEFAULT" value="bt_pensions_proposals_findproposalincrementtransferins_v1" />
    </property>
    <property name="//PT_PENSIONS_Proposals-implement.module///services/PT_PENSIONS_Proposals/Proposals_v1/ftlRequest/advanced/activityTimeout">
      <environment name="DEFAULT" value="30000" />
    </property>
  </properties>
  <deployment>
    <appspace>
      <environment name="DEFAULT" value="RLG_AS_PT"/>
    </appspace>
	<uploadArchivePath>
      <environment name="DEFAULT" value="Proposals"/>
    </uploadArchivePath>
  </deployment>
</configuration>