<?xml version="1.0" encoding="utf-8"?>
<configuration>
  <properties>
    <property name="//PT_PENSIONS_Proposals-service.module///services/PT_PENSIONS_Proposals/Proposal_v2/operations/getProposalIncrement">
      <environment name="DEFAULT" value="getProposalIncrement" />
    </property>
    <property name="//PT_PENSIONS_Proposals-service.module///services/PT_PENSIONS_Proposals/Proposal_v2/operations/modifyProposalIncrementCharge">
      <environment name="DEFAULT" value="modifyProposalIncrementCharge" />
    </property>
    <property name="//PT_PENSIONS_Proposals-service.module///services/PT_PENSIONS_Proposals/Proposal_v2/operations/findProposalIncrementCharges">
      <environment name="DEFAULT" value="findProposalIncrementCharges" />
    </property>
    <property name="//PT_PENSIONS_Proposals-service.module///services/PT_PENSIONS_Proposals/Proposal_v2/operations/createProposalIncrementCharge">
      <environment name="DEFAULT" value="createProposalIncrementCharge" />
    </property>
    <property name="//PT_PENSIONS_Proposals-service.module///services/PT_PENSIONS_Proposals/Proposal_v2/operations/findProposals">
      <environment name="DEFAULT" value="findProposals" />
    </property>
    <property name="//PT_PENSIONS_Proposals-service.module///services/PT_PENSIONS_Proposals/Proposal_v2/operations/modifyProposal">
      <environment name="DEFAULT" value="modifyProposal" />
    </property>
    <property name="//PT_PENSIONS_Proposals-service.module///services/PT_PENSIONS_Proposals/Proposal_v2/operations/getProposal">
      <environment name="DEFAULT" value="getProposal" />
    </property>
    <property name="//PT_PENSIONS_Proposals-service.module///services/PT_PENSIONS_Proposals/Proposal_v2/operations/findProposalIncrements">
      <environment name="DEFAULT" value="findProposalIncrements" />
    </property>
    <property name="//PT_PENSIONS_Proposals-service.module///services/PT_PENSIONS_Proposals/Proposal_v2/operations/createProposalIncrement">
      <environment name="DEFAULT" value="createProposalIncrement" />
    </property>
    <property name="//PT_PENSIONS_Proposals-service.module///services/PT_PENSIONS_Proposals/Proposal_v2/operations/modifyProposalIncrement">
      <environment name="DEFAULT" value="modifyProposalIncrement" />
    </property>
    <property name="//PT_PENSIONS_Proposals-service.module///services/PT_PENSIONS_Proposals/Proposal_v2/operations/createProposal">
      <environment name="DEFAULT" value="createProposal" />
    </property>
    <property name="//PT_PENSIONS_Proposals-service.module///services/PT_PENSIONS_Proposals/Proposal_v2/operations/submitProposal">
      <environment name="DEFAULT" value="submitProposal" />
    </property>
    <property name="//PT_PENSIONS_Proposals-service.module///services/PT_PENSIONS_Proposals/Proposal_v2/operations/getProposalIncrementCharge">
      <environment name="DEFAULT" value="getProposalIncrementCharge" />
    </property>
    <property name="//PT_PENSIONS_Proposals-service.module///services/PT_PENSIONS_Proposals/Proposal_v2/operations/removeProposalIncrement">
      <environment name="DEFAULT" value="removeProposalIncrement" />
    </property>
    <property name="//PT_PENSIONS_Proposals-service.module///services/PT_PENSIONS_Proposals/Proposal_v2/href/policyURI">
      <environment name="DEFAULT" value="/secure/api/v2/policies/" />
    </property>
    <property name="//PT_PENSIONS_Proposals-service.module///services/PT_PENSIONS_Proposals/Proposal_v2/href/applicationsURI">
      <environment name="DEFAULT" value="/secure/api/sales/v1/applications/" />
    </property>
    <property name="//PT_PENSIONS_Proposals-service.module///services/PT_PENSIONS_Proposals/Proposal_v2/href/productURI">
      <environment name="DEFAULT" value="/secure/api/v1/products/" />
    </property>
    <property name="//PT_PENSIONS_Proposals-service.module///services/PT_PENSIONS_Proposals/Proposal_v2/href/investmentChoicesURI">
      <environment name="DEFAULT" value="/secure/api/v1/investmentChoices/" />
    </property>
    <property name="//PT_PENSIONS_Proposals-service.module///services/PT_PENSIONS_Proposals/Proposal_v2/href/incrementsURI">
      <environment name="DEFAULT" value="/increments/" />
    </property>
    <property name="//PT_PENSIONS_Proposals-service.module///services/PT_PENSIONS_Proposals/Proposal_v2/href/chargesURI">
      <environment name="DEFAULT" value="/charges/" />
    </property>
    <property name="//PT_PENSIONS_Proposals-service.module///services/PT_PENSIONS_Proposals/Proposal_v2/href/proposalsURI">
      <environment name="DEFAULT" value="/secure/api/sales/v2/proposals/" />
    </property>
    <property name="//PT_PENSIONS_Proposals-service.module///services/PT_PENSIONS_Proposals/Proposal_v2/href/contributionsURI">
      <environment name="DEFAULT" value="/contributions/" />
    </property>
    <property name="//PT_PENSIONS_Proposals-service.module///services/PT_PENSIONS_Proposals/Proposal_v2/href/transferInsURI">
      <environment name="DEFAULT" value="/transferIns/" />
    </property>
    <property name="//PT_PENSIONS_Proposals-service.module///services/PT_PENSIONS_Proposals/Proposal_v2/href/beneficiariesURI">
      <environment name="DEFAULT" value="/beneficiaries/" />
    </property>
    <property name="//PT_PENSIONS_Proposals-service.module///services/PT_PENSIONS_Proposals/Proposal_v2/error/defaultRESTstatusCode">
      <environment name="DEFAULT" value="400" />
    </property>
    <property name="//PT_PENSIONS_Proposals-service.module///services/PT_PENSIONS_Proposals/Proposal_v2/error/defaultExceptionType">
      <environment name="DEFAULT" value="BUSINESS" />
    </property>
    <property name="//PT_PENSIONS_Proposals-service.module///services/PT_PENSIONS_Proposals/Proposal_v2/error/destinationName">
      <environment name="DEFAULT" value="SMS" />
    </property>
    <property name="//PT_PENSIONS_Proposals-service.module///services/PT_PENSIONS_Proposals/Proposal_v2/error/errorCode/TIB-Invalid-Input-Format-103">
      <environment name="DEFAULT" value="TIB-Invalid-Input-Format-103" />
    </property>
    <property name="//PT_PENSIONS_Proposals-service.module///services/PT_PENSIONS_Proposals/Proposal_v2/error/errorCode/TIB-Invalid-Input-Format-105">
      <environment name="DEFAULT" value="TIB-Invalid-Input-Format-105" />
    </property>
    <property name="//PT_PENSIONS_Proposals-service.module///services/PT_PENSIONS_Proposals/Proposal_v2/error/errorMsg/Provide_all_attributes">
      <environment name="DEFAULT" value="Provide all attributes" />
    </property>
    <property name="//PT_PENSIONS_Proposals-service.module///services/PT_PENSIONS_Proposals/Proposal_v2/error/errorMsg/InvalidEndDate">
      <environment name="DEFAULT" value="EndDate cannot be less then startDate" />
    </property>
    <property name="//PT_PENSIONS_Proposals-implement.module///resources/httpClientSMS/staleCheck">
      <environment name="DEFAULT" value="false" />
    </property>
    <property name="//PT_PENSIONS_Proposals-implement.module///resources/httpClientSMS/maximumTotalConnections">
      <environment name="DEFAULT" value="200" />
    </property>
    <property name="//PT_PENSIONS_Proposals-implement.module///resources/httpClientSMS/idleConnectionTimeout">
      <environment name="DEFAULT" value="10" />
    </property>
    <property name="//PT_PENSIONS_Proposals-implement.module///resources/httpClientSMS/defaultHost">
      <environment name="DEFAULT" value="~TIBVAL_SMS_HTTP_defaultHost~" />
    </property>
    <property name="//PT_PENSIONS_Proposals-implement.module///resources/httpClientSMS/disableConnectionPooling">
      <environment name="DEFAULT" value="false" />
    </property>
    <property name="//PT_PENSIONS_Proposals-implement.module///resources/httpClientSMS/defaultPort">
      <environment name="DEFAULT" value="~TIBVAL_SMS_HTTP_defaultPort~" />
    </property>
    <property name="//PT_PENSIONS_Proposals-implement.module///resources/httpClientSMS/maximumTotalConnectionsPerHostRoute">
      <environment name="DEFAULT" value="20" />
    </property>
    <property name="//PT_PENSIONS_Proposals-implement.module///resources/httpClientSMS/advanced/useNonPreemptiveAuthentication">
      <environment name="DEFAULT" value="false" />
    </property>
    <property name="//PT_PENSIONS_Proposals-implement.module///resources/httpClientSMS/advanced/retryCount">
      <environment name="DEFAULT" value="3" />
    </property>
    <property name="//PT_PENSIONS_Proposals-implement.module///resources/httpClientSMS/advanced/logRequestResponseTime">
      <environment name="DEFAULT" value="false" />
    </property>
    <property name="//PT_PENSIONS_Proposals-implement.module///resources/httpClientSMS/advanced/acceptRedirect">
      <environment name="DEFAULT" value="false" />
    </property>
    <property name="//PT_PENSIONS_Proposals-implement.module///resources/httpClientSMS/advanced/socketTimeout">
      <environment name="DEFAULT" value="0" />
    </property>
    <property name="//PT_PENSIONS_Proposals-implement.module///resources/httpClientSMS/advanced/useSingleCookieHeader">
      <environment name="DEFAULT" value="false" />
    </property>
    <property name="//PT_PENSIONS_Proposals-implement.module///resources/httpClientSMS/advanced/connectionTimeout">
      <environment name="DEFAULT" value="0" />
    </property>
    <property name="//PT_PENSIONS_Proposals-implement.module///services/PT_PENSIONS_Proposals/Proposals_v2/invokeActivityTimeout">
      <environment name="DEFAULT" value="30" />
    </property>
    <property name="//PT_PENSIONS_Proposals-implement.module///services/PT_PENSIONS_Proposals/Proposals_v2/ftlRequest/channel_FindProposals">
      <environment name="DEFAULT" value="bt_pensions_proposals_findproposals_v2" />
    </property>
    <property name="//PT_PENSIONS_Proposals-implement.module///services/PT_PENSIONS_Proposals/Proposals_v2/ftlRequest/channel_GetProposalIncrement">
      <environment name="DEFAULT" value="bt_pensions_proposals_getproposalincrement_v2" />
    </property>
    <property name="//PT_PENSIONS_Proposals-implement.module///services/PT_PENSIONS_Proposals/Proposals_v2/ftlRequest/channel_FindProposalIncrements">
      <environment name="DEFAULT" value="bt_pensions_proposals_findproposalincrements_v2" />
    </property>
    <property name="//PT_PENSIONS_Proposals-implement.module///services/PT_PENSIONS_Proposals/Proposals_v2/ftlRequest/channel_SubmitProposal">
      <environment name="DEFAULT" value="bt_pensions_proposals_submitproposal_v2" />
    </property>
    <property name="//PT_PENSIONS_Proposals-implement.module///services/PT_PENSIONS_Proposals/Proposals_v2/ftlRequest/channel_GetProposal">
      <environment name="DEFAULT" value="bt_pensions_proposals_getproposal_v2" />
    </property>
    <property name="//PT_PENSIONS_Proposals-implement.module///services/PT_PENSIONS_Proposals/Proposals_v2/ftlRequest/endpoint">
      <environment name="DEFAULT" value="SyncRequestDyn_ep" />
    </property>
    <property name="//PT_PENSIONS_Proposals-implement.module///services/PT_PENSIONS_Proposals/Proposals_v2/ftlRequest/advanced/activityTimeout">
      <environment name="DEFAULT" value="30000" />
    </property>
    <property name="//PT_PENSIONS_Proposals-implement.module///services/PT_PENSIONS_Proposals/Proposals_v2/endPointService/destinationName">
      <environment name="DEFAULT" value="SMS" />
    </property>
    <property name="//PT_PENSIONS_Proposals-implement.module///services/PT_PENSIONS_Proposals/Proposals_v2/error/defaultExceptionType">
      <environment name="DEFAULT" value="BUSINESS" />
    </property>
    <property name="//PT_PENSIONS_Proposals-implement.module///services/PT_PENSIONS_Proposals/Proposals_v2/error/defaultRESTstatusCode">
      <environment name="DEFAULT" value="400" />
    </property>
    <property name="//PT_PENSIONS_Proposals-implement.module///services/PT_PENSIONS_Proposals/Proposals_v2/error/invalidRequestMsg">
      <environment name="DEFAULT" value="The request is invalid." />
    </property>
    <property name="//PT_PENSIONS_Proposals-implement.module///services/PT_PENSIONS_Proposals/Proposals_v2/error/errorCode/TIB-Invalid-Input-Format-101">
      <environment name="DEFAULT" value="TIB-Invalid-Input-Format-101" />
    </property>
    <property name="//PT_PENSIONS_Proposals-implement.module///services/PT_PENSIONS_Proposals/Proposals_v2/error/errorCode/TIB-Invalid-Input-Format-102">
      <environment name="DEFAULT" value="TIB-Invalid-Input-Format-102" />
    </property>
    <property name="//PT_PENSIONS_Proposals-implement.module///services/PT_PENSIONS_Proposals/Proposals_v2/error/errorCode/TIB-Invalid-Input-Format-104">
      <environment name="DEFAULT" value="TIB-Invalid-Input-Format-104" />
    </property>
    <property name="//PT_PENSIONS_Proposals-implement.module///services/PT_PENSIONS_Proposals/Proposals_v2/error/errorCode/TIB-Invalid-Input-Format-103">
      <environment name="DEFAULT" value="TIB-Invalid-Input-Format-103" />
    </property>
    <property name="//PT_PENSIONS_Proposals-implement.module///services/PT_PENSIONS_Proposals/Proposals_v2/error/errorMsgContain/quote">
      <environment name="DEFAULT" value="quote" />
    </property>
    <property name="//PT_PENSIONS_Proposals-implement.module///services/PT_PENSIONS_Proposals/Proposals_v2/error/errorMsgContain/application">
      <environment name="DEFAULT" value="application" />
    </property>
    <property name="//PT_PENSIONS_Proposals-implement.module///services/PT_PENSIONS_Proposals/Proposals_v2/error/errorMsgContain/product">
      <environment name="DEFAULT" value="product" />
    </property>
    <property name="//PT_PENSIONS_Proposals-implement.module///services/PT_PENSIONS_Proposals/Proposals_v2/error/errorMsgContain/proposal">
      <environment name="DEFAULT" value="proposal" />
    </property>
    <property name="//PT_PENSIONS_Proposals-implement.module///services/PT_PENSIONS_Proposals/Proposals_v2/error/errorMsgContain/increment">
      <environment name="DEFAULT" value="increment" />
    </property>
    <property name="//PT_PENSIONS_Proposals-implement.module///services/PT_PENSIONS_Proposals/Proposals_v2/error/errorMsgContain/charge">
      <environment name="DEFAULT" value="charge" />
    </property>
    <property name="//PT_PENSIONS_Proposals-implement.module///services/PT_PENSIONS_Proposals/Proposals_v2/error/errorMsg/proposalIdInvalid">
      <environment name="DEFAULT" value="proposalId is invalid (GUID)" />
    </property>
    <property name="//PT_PENSIONS_Proposals-implement.module///services/PT_PENSIONS_Proposals/Proposals_v2/error/errorMsg/productIdInvalid">
      <environment name="DEFAULT" value="Product. Id is invalid" />
    </property>
    <property name="//PT_PENSIONS_Proposals-implement.module///services/PT_PENSIONS_Proposals/Proposals_v2/error/errorMsg/applicationIdInvalid">
      <environment name="DEFAULT" value="application.id is invalid (GUID)" />
    </property>
    <property name="//PT_PENSIONS_Proposals-implement.module///services/PT_PENSIONS_Proposals/Proposals_v2/error/errorMsg/quoteIdInvalid">
      <environment name="DEFAULT" value="quote.id is invalid (GUID)" />
    </property>
    <property name="//PT_PENSIONS_Proposals-implement.module///services/PT_PENSIONS_Proposals/Proposals_v2/error/errorMsg/incrementIdInvalid">
      <environment name="DEFAULT" value="incrementId is invalid (GUID)" />
    </property>
    <property name="//PT_PENSIONS_Proposals-implement.module///services/PT_PENSIONS_Proposals/Proposals_v2/error/errorMsg/chargeIdInvalid">
      <environment name="DEFAULT" value="chargeid is invalid (GUID)" />
    </property>
    <property name="//LIB_RESOURCE_HTTP-implement.module///resources/LIB_RESOURCE_HTTP/HTTP_v1/httpConnectorResource/port">
      <environment name="DEFAULT" value="~TIBVAL_HTTP_defaultport~" />
    </property>
    <property name="//LIB_RESOURCE_HTTP-implement.module///resources/LIB_RESOURCE_HTTP/HTTP_v1/httpConnectorResource/host">
      <environment name="DEFAULT" value="~TIBVAL_HTTP_defaultHost~" />
    </property>
  </properties>
  <deployment>
    <appspace>
      <environment name="DEFAULT" value="RLG_AS_PT"/>
    </appspace>
	<uploadArchivePath>
      <environment name="DEFAULT" value="Proposals"/>
    </uploadArchivePath>
  </deployment>  
</configuration>