﻿<?xml version="1.0" encoding="utf-8"?>
<configuration>
  <properties>
    <property name="//BT_PENSIONS_Lookup_ValidateBankAccount-implement.module///services/BT_PENSIONS_Lookup_ValidateBankAccount/ValidateBankAccount_v1/ftlRequest/formatName">
      <environment name="DEFAULT" value="" />
    </property>
    <property name="//BT_PENSIONS_Lookup_ValidateBankAccount-implement.module///services/BT_PENSIONS_Lookup_ValidateBankAccount/ValidateBankAccount_v1/ftlRequest/endpoint">
      <environment name="DEFAULT" value="SyncRequestDyn_ep" />
    </property>
    <property name="//BT_PENSIONS_Lookup_ValidateBankAccount-implement.module///services/BT_PENSIONS_Lookup_ValidateBankAccount/ValidateBankAccount_v1/ftlRequest/soapChannel">
      <environment name="DEFAULT" value="TT_PENSIONS_Lookup_ValidateBankAccount" />
    </property>
    <property name="//BT_PENSIONS_Lookup_ValidateBankAccount-implement.module///services/BT_PENSIONS_Lookup_ValidateBankAccount/ValidateBankAccount_v1/ftlRequest/advanced/activityTimeout">
      <environment name="DEFAULT" value="30000" />
    </property>
    <property name="//BT_PENSIONS_Lookup_ValidateBankAccount-service.module///services/BT_PENSIONS_Lookup_ValidateBankAccount/ValidateBankAccount_v1/ftlValidateBankAccount/formatName">
      <environment name="DEFAULT" value="" />
    </property>
    <property name="//BT_PENSIONS_Lookup_ValidateBankAccount-service.module///services/BT_PENSIONS_Lookup_ValidateBankAccount/ValidateBankAccount_v1/ftlValidateBankAccount/endpoint">
        <environment name="DEFAULT" value="SyncResponseDyn_ep" />
    </property>
    <property name="//BT_PENSIONS_Lookup_ValidateBankAccount-service.module///services/BT_PENSIONS_Lookup_ValidateBankAccount/ValidateBankAccount_v1/ftlValidateBankAccount/contentMatcher">
      <environment name="DEFAULT" value="{&quot;channel&quot;:&quot;BT_PENSIONS_Lookup_ValidateBankAccount&quot;}" />
    </property>
    <property name="//BT_PENSIONS_Lookup_ValidateBankAccount-service.module///services/BT_PENSIONS_Lookup_ValidateBankAccount/ValidateBankAccount_v1/ftlValidateBankAccount/advanced/subscriberName">
      <environment name="DEFAULT" value="" />
    </property>
    <property name="//BT_PENSIONS_Lookup_ValidateBankAccount-service.module///services/BT_PENSIONS_Lookup_ValidateBankAccount/ValidateBankAccount_v1/ftlValidateBankAccount/advanced/ftlQueueDispatcherThreads">
      <environment name="DEFAULT" value="1" />
    </property>
    <property name="//BT_PENSIONS_Lookup_ValidateBankAccount-service.module///services/BT_PENSIONS_Lookup_ValidateBankAccount/ValidateBankAccount_v1/ftlValidateBankAccount/advanced/ftlQueueSize">
      <environment name="DEFAULT" value="-1" />
    </property>
    <property name="//BT_PENSIONS_Lookup_ValidateBankAccount-service.module///services/BT_PENSIONS_Lookup_ValidateBankAccount/ValidateBankAccount_v1/ftlValidateBankAccount/advanced/durableName">
      <environment name="DEFAULT" value="BT_PENSIONS_Lookup_ValidateBankAccount" />
    </property>
    <property name="//BT_PENSIONS_Lookup_ValidateBankAccount-service.module///services/BT_PENSIONS_Lookup_ValidateBankAccount/ValidateBankAccount_v1/ftlValidateBankAccount/advanced/activityWorkerThreads">
      <environment name="DEFAULT" value="50%" />
    </property>
  </properties>
  <deployment>
    <appspace>
      <environment name="DEFAULT" value="RLG_AS_BT"/>
    </appspace>
	<uploadArchivePath>
      <environment name="DEFAULT" value="BankAccountValidation"/>
    </uploadArchivePath>
  </deployment>
</configuration>