﻿<?xml version="1.0" encoding="utf-8"?>
<!-- Comments start here -->
<configuration>
  <properties>
    <property name="//BT_PENSIONS_Lookup_RetrieveAddresses-service.module///sevices/BT_PENSIONS_Lookup_RetrieveAddressess/RetrieveAddress_v1/ftlRetrieveAddress/contentMatcher">
      <environment name="DEFAULT" value="{&quot;channel&quot;:&quot;bt_pensions_lookup_retrieveaddresses_v1&quot;}" />
    </property>
    <property name="//BT_PENSIONS_Lookup_RetrieveAddresses-service.module///sevices/BT_PENSIONS_Lookup_RetrieveAddressess/RetrieveAddress_v1/ftlRetrieveAddress/endpoints">
      <environment name="DEFAULT" value="SyncResponseDyn_ep" />
    </property>
    <property name="//BT_PENSIONS_Lookup_RetrieveAddresses-service.module///sevices/BT_PENSIONS_Lookup_RetrieveAddressess/RetrieveAddress_v1/ftlRetrieveAddress/formatName">
      <environment name="DEFAULT" value="CSF" />
    </property>
    <property name="//BT_PENSIONS_Lookup_RetrieveAddresses-service.module///sevices/BT_PENSIONS_Lookup_RetrieveAddressess/RetrieveAddress_v1/ftlRetrieveAddress/advanced/ftlQueueSize">
      <environment name="DEFAULT" value="-1" />
    </property>
    <property name="//BT_PENSIONS_Lookup_RetrieveAddresses-service.module///sevices/BT_PENSIONS_Lookup_RetrieveAddressess/RetrieveAddress_v1/ftlRetrieveAddress/advanced/durableName">
      <environment name="DEFAULT" value="bt_pensions_lookup_retrieveaddresses_v1" />
    </property>
    <property name="//BT_PENSIONS_Lookup_RetrieveAddresses-service.module///sevices/BT_PENSIONS_Lookup_RetrieveAddressess/RetrieveAddress_v1/ftlRetrieveAddress/advanced/subscriberName">
      <environment name="DEFAULT" value="" />
    </property>
    <property name="//BT_PENSIONS_Lookup_RetrieveAddresses-service.module///sevices/BT_PENSIONS_Lookup_RetrieveAddressess/RetrieveAddress_v1/ftlRetrieveAddress/advanced/ftlQueueDispatcherThreads">
      <environment name="DEFAULT" value="1" />
    </property>
    <property name="//BT_PENSIONS_Lookup_RetrieveAddresses-service.module///sevices/BT_PENSIONS_Lookup_RetrieveAddressess/RetrieveAddress_v1/ftlRetrieveAddress/advanced/activityWorkerThreads">
      <environment name="DEFAULT" value="50%" />
      </property>
    <property name="//BT_PENSIONS_Lookup_RetrieveAddresses-implement.module///services/BT_PENSIONS_Lookup_RetrieveAddresses/RetrieveAddress_v1/ftlRequest/endpoints">
      <environment name="DEFAULT" value="SyncRequestDyn_ep" />
     </property>
    <property name="//BT_PENSIONS_Lookup_RetrieveAddresses-implement.module///services/BT_PENSIONS_Lookup_RetrieveAddresses/RetrieveAddress_v1/serviceName/ActivityTimeout">
      <environment name="DEFAULT" value="30000" />
    </property>
    <property name="//BT_PENSIONS_Lookup_RetrieveAddresses-implement.module///services/BT_PENSIONS_Lookup_RetrieveAddresses/RetrieveAddress_v1/serviceName/soapFormat">
      <environment name="DEFAULT" value="CSF" />
    </property>
    <property name="//BT_PENSIONS_Lookup_RetrieveAddresses-implement.module///services/BT_PENSIONS_Lookup_RetrieveAddresses/RetrieveAddress_v1/serviceName/Channel_RetrieveAddresses">
      <environment name="DEFAULT" value="tt_pensions_lookup_retrieveaddresses_v1" />
    </property>
  </properties>
  <deployment>
    <appspace>
      <environment name="DEFAULT" value="RLG_AS_BT"/>
    </appspace>
	<uploadArchivePath>
      <environment name="DEFAULT" value="RetrieveAddresses"/>
    </uploadArchivePath>
  </deployment>
</configuration>