{
  "swagger" : "2.0",
  "info" : {
    "version" : "1.0",
    "title" : "Summary about the new REST service.",
    "description" : "Summary about the new REST service."
  },
  "host" : "localhost:8080",
  "basePath" : "/",
  "schemes" : [ "http" ],
  "paths" : {
    "/secure/api/sales/v2/proposals/{proposalId}" : {
      "post" : {
        "description" : "submit the proposal (request and response will be defined later)",
        "operationId" : "post-secure-api-sales-v2-proposals",
        "consumes" : [ "application/json" ],
        "produces" : [ "application/json" ],
        "parameters" : [ {
          "name" : "body",
          "in" : "body",
          "description" : "",
          "type" : "string",
          "required" : true
        }, {
          "name" : "proposalId",
          "in" : "path",
          "description" : "",
          "type" : "string",
          "required" : true
        } ],
        "responses" : {
          "200" : {
            "description" : "a string to be returned",
            "schema" : {
              "type" : "string"
            }
          },
          "400" : {
            "description" : "The request was invalid or cannot be otherwise served.",
            "schema" : {
              "$ref" : "#/definitions/RESTException"
            }
          },
          "401" : {
            "description" : "Authentication credentials were missing or incorrect.",
            "schema" : {
              "$ref" : "#/definitions/RESTException"
            }
          },
          "404" : {
            "description" : "The URI requested is invalid or the resource requested does not exist.",
            "schema" : {
              "$ref" : "#/definitions/RESTException"
            }
          },
          "500" : {
            "description" : "A server error was encountered during a downstream call by the API",
            "schema" : {
              "$ref" : "#/definitions/RESTException"
            }
          },
          "201" : {
            "description" : "Created",
            "schema" : {
              "type" : "string"
            }
          }
        }
      },
      "get" : {
        "description" : "retrieve proposal details",
        "operationId" : "get-secure-api-sales-v2-proposals",
        "consumes" : [ "application/json" ],
        "produces" : [ "application/json" ],
        "parameters" : [ {
          "name" : "proposalId",
          "in" : "path",
          "description" : "",
          "type" : "string",
          "required" : true
        } ],
        "responses" : {
          "200" : {
            "description" : "a proposal to be returned",
            "schema" : {
              "$ref" : "#/definitions/proposal"
            },
            "headers" : { }
          },
          "400" : {
            "description" : "The request was invalid or cannot be otherwise served.",
            "schema" : {
              "$ref" : "#/definitions/RESTException"
            }
          },
          "401" : {
            "description" : "Authentication credentials were missing or incorrect.",
            "schema" : {
              "$ref" : "#/definitions/RESTException"
            }
          },
          "404" : {
            "description" : "The URI requested is invalid or the resource requested does not exist.",
            "schema" : {
              "$ref" : "#/definitions/RESTException"
            }
          },
          "500" : {
            "description" : "A server error was encountered during a downstream call by the API",
            "schema" : {
              "$ref" : "#/definitions/RESTException"
            }
          }
        }
      },
      "put" : {
        "description" : "modify a proposal",
        "operationId" : "put-secure-api-sales-v2-proposals",
        "consumes" : [ "application/json" ],
        "produces" : [ "application/json" ],
        "parameters" : [ {
          "name" : "body",
          "in" : "body",
          "description" : "",
          "schema" : {
            "$ref" : "#/definitions/proposalModifyRequest"
          },
          "required" : true
        }, {
          "name" : "proposalId",
          "in" : "path",
          "description" : "",
          "type" : "string",
          "required" : true
        } ],
        "responses" : {
          "200" : {
            "description" : "a string to be returned",
            "schema" : {
              "type" : "string"
            }
          },
          "400" : {
            "description" : "The request was invalid or cannot be otherwise served.",
            "schema" : {
              "$ref" : "#/definitions/RESTException"
            }
          },
          "401" : {
            "description" : "Authentication credentials were missing or incorrect.",
            "schema" : {
              "$ref" : "#/definitions/RESTException"
            }
          },
          "404" : {
            "description" : "The URI requested is invalid or the resource requested does not exist.",
            "schema" : {
              "$ref" : "#/definitions/RESTException"
            }
          },
          "500" : {
            "description" : "A server error was encountered during a downstream call by the API",
            "schema" : {
              "$ref" : "#/definitions/RESTException"
            }
          },
          "204" : {
            "description" : "No Content",
            "schema" : {
              "type" : "string"
            }
          }
        }
      }
    }
  },
  "definitions" : {
    "proposal" : {
      "type" : "object",
      "required" : [ "product", "application", "id" ],
      "properties" : {
        "product" : {
          "$ref" : "#/definitions/product"
        },
        "application" : {
          "$ref" : "#/definitions/application"
        },
        "endDate" : {
          "type" : "string",
          "format" : "date"
        },
        "id" : {
          "type" : "string"
        },
        "href" : {
          "type" : "string"
        },
        "startDate" : {
          "type" : "string",
          "format" : "date"
        },
        "increments" : {
          "type" : "array",
          "items" : {
            "$ref" : "#/definitions/increments",
            "uniqueItems" : false
          }
        },
        "policy" : {
          "$ref" : "#/definitions/policy"
        },
        "proposalStatusType" : {
          "type" : "string"
        }
      }
    },
    "RESTException" : {
      "type" : "object",
      "properties" : { }
    },
    "proposalModifyRequest" : {
      "type" : "object",
      "required" : [ "product", "endDate", "startDate", "proposalStatusType" ],
      "properties" : {
        "product" : {
          "$ref" : "#/definitions/product"
        },
        "endDate" : {
          "type" : "string",
          "format" : "date"
        },
        "startDate" : {
          "type" : "string",
          "format" : "date"
        },
        "proposalStatusType" : {
          "type" : "string"
        }
      }
    },
    "product" : {
      "type" : "object",
      "required" : [ "id" ],
      "properties" : {
        "name" : {
          "type" : "string"
        },
        "id" : {
          "type" : "string"
        },
        "href" : {
          "type" : "string"
        }
      }
    },
    "charges" : {
      "type" : "object",
      "properties" : {
        "chargePeriodType" : {
          "type" : "string"
        },
        "chargeEndDate" : {
          "type" : "string",
          "format" : "date"
        },
        "facilitationType" : {
          "type" : "string"
        },
        "chargeDuration" : {
          "type" : "integer"
        },
        "id" : {
          "type" : "string"
        },
        "href" : {
          "type" : "string"
        },
        "chargeBasisType" : {
          "type" : "string"
        },
        "chargePaymentFrequency" : {
          "type" : "string"
        },
        "chargeValue" : {
          "type" : "number"
        },
        "chargeStartDate" : {
          "type" : "string",
          "format" : "date"
        }
      }
    },
    "contributions" : {
      "type" : "object",
      "required" : [ "contributionFrequencyType", "contributionAmount", "contributorId", "id" ],
      "properties" : {
        "contributionFrequencyType" : {
          "type" : "string"
        },
        "contributionAmount" : {
          "type" : "integer"
        },
        "contributorId" : {
          "type" : "integer"
        },
        "paymentFrequencyType" : {
          "type" : "string"
        },
        "id" : {
          "type" : "string"
        },
        "href" : {
          "type" : "string"
        }
      }
    },
    "application" : {
      "type" : "object",
      "required" : [ "id" ],
      "properties" : {
        "id" : {
          "type" : "string"
        },
        "href" : {
          "type" : "string"
        }
      }
    },
    "investmentChoice" : {
      "type" : "object",
      "required" : [ "id" ],
      "properties" : {
        "name" : {
          "type" : "string"
        },
        "id" : {
          "type" : "string"
        },
        "href" : {
          "type" : "string"
        }
      }
    },
    "transferIn" : {
      "type" : "object",
      "required" : [ "id" ],
      "properties" : {
        "estimatedValue" : {
          "type" : "integer"
        },
        "providerReference" : {
          "type" : "string"
        },
        "id" : {
          "type" : "string"
        },
        "href" : {
          "type" : "string"
        }
      }
    },
    "increments" : {
      "type" : "object",
      "required" : [ "id" ],
      "properties" : {
        "incrementAmount" : {
          "type" : "integer"
        },
        "charges" : {
          "type" : "array",
          "items" : {
            "$ref" : "#/definitions/charges",
            "uniqueItems" : false
          }
        },
        "contributions" : {
          "$ref" : "#/definitions/contributions"
        },
        "investmentChoice" : {
          "$ref" : "#/definitions/investmentChoice"
        },
        "transferIn" : {
          "$ref" : "#/definitions/transferIn"
        },
        "id" : {
          "type" : "string"
        },
        "href" : {
          "type" : "string"
        }
      }
    },
    "policy" : {
      "type" : "object",
      "properties" : {
        "id" : {
          "type" : "string"
        },
        "href" : {
          "type" : "string"
        }
      }
    }
  }
}