{
  "swagger" : "2.0",
  "info" : {
    "version" : "1.0",
    "title" : "Summary about the new REST service.",
    "description" : "Summary about the new REST service."
  },
  "host" : "localhost:8080",
  "basePath" : "/",
  "schemes" : [ "http" ],
  "paths" : {
    "/secure/api/sales/v2/proposals/{proposalId}/increments" : {
      "post" : {
        "description" : "create an increment",
        "operationId" : "post-secure-api-sales-v2-proposals-increments",
        "consumes" : [ "application/json" ],
        "produces" : [ "application/json" ],
        "parameters" : [ {
          "name" : "body",
          "in" : "body",
          "description" : "",
          "schema" : {
            "$ref" : "#/definitions/incrementRequest"
          },
          "required" : true
        }, {
          "name" : "proposalId",
          "in" : "path",
          "description" : "",
          "type" : "string",
          "required" : true
        } ],
        "responses" : {
          "200" : {
            "description" : "a commonResponse to be returned",
            "schema" : {
              "$ref" : "#/definitions/commonResponse"
            }
          },
          "400" : {
            "description" : "The request was invalid or cannot be otherwise served.",
            "schema" : {
              "$ref" : "#/definitions/RESTException"
            }
          },
          "401" : {
            "description" : "Authentication credentials were missing or incorrect.",
            "schema" : {
              "$ref" : "#/definitions/RESTException"
            }
          },
          "404" : {
            "description" : "The URI requested is invalid or the resource requested does not exist.",
            "schema" : {
              "$ref" : "#/definitions/RESTException"
            }
          },
          "500" : {
            "description" : "A server error was encountered during a downstream call by the API",
            "schema" : {
              "$ref" : "#/definitions/RESTException"
            }
          },
          "201" : {
            "description" : "Created",
            "schema" : {
              "$ref" : "#/definitions/commonResponse"
            }
          }
        }
      },
      "get" : {
        "description" : "retrieve a list of increment",
        "operationId" : "get-secure-api-sales-v2-proposals-increments",
        "consumes" : [ "application/json" ],
        "produces" : [ "application/json" ],
        "parameters" : [ {
          "name" : "incrementType",
          "in" : "query",
          "description" : "",
          "type" : "string",
          "required" : false
        }, {
          "name" : "proposalId",
          "in" : "path",
          "description" : "",
          "type" : "string",
          "required" : true
        } ],
        "responses" : {
          "200" : {
            "description" : "a increments to be returned",
            "schema" : {
              "type" : "array",
              "items" : {
                "$ref" : "#/definitions/increments",
                "uniqueItems" : false
              }
            },
            "headers" : { }
          },
          "400" : {
            "description" : "The request was invalid or cannot be otherwise served.",
            "schema" : {
              "$ref" : "#/definitions/RESTException"
            }
          },
          "401" : {
            "description" : "Authentication credentials were missing or incorrect.",
            "schema" : {
              "$ref" : "#/definitions/RESTException"
            }
          },
          "404" : {
            "description" : "The URI requested is invalid or the resource requested does not exist.",
            "schema" : {
              "$ref" : "#/definitions/RESTException"
            }
          },
          "500" : {
            "description" : "A server error was encountered during a downstream call by the API",
            "schema" : {
              "$ref" : "#/definitions/RESTException"
            }
          }
        }
      }
    }
  },
  "definitions" : {
    "incrementRequest" : {
      "type" : "object",
      "required" : [ "investmentChoiceId" ],
      "properties" : {
        "incrementAmount" : {
          "type" : "integer"
        },
        "contribution" : {
          "$ref" : "#/definitions/contribution"
        },
        "incrementType" : {
          "type" : "string"
        },
        "investmentChoiceId" : {
          "type" : "string"
        },
        "transferIn" : {
          "$ref" : "#/definitions/transferIn"
        }
      }
    },
    "RESTException" : {
      "type" : "object",
      "properties" : { }
    },
    "contribution" : {
      "type" : "object",
      "required" : [ "bankAccountHolderSurname", "bankAccount", "contributionFrequencyType", "contributionAmount", "contributorId", "bankBranchName", "bankName", "paymentModeType", "sortCode", "bankAccountHolderFirstName", "bankBranchAddressId" ],
      "properties" : {
        "bankAccountHolderSurname" : {
          "type" : "string"
        },
        "bankAccount" : {
          "type" : "integer"
        },
        "contributionFrequencyType" : {
          "type" : "string"
        },
        "increasePercentage" : {
          "type" : "integer"
        },
        "contributorId" : {
          "type" : "integer"
        },
        "bankBranchName" : {
          "type" : "string"
        },
        "paymentFrequencyType" : {
          "type" : "string"
        },
        "bankName" : {
          "type" : "string"
        },
        "bankRollNumber" : {
          "type" : "integer"
        },
        "paymentModeType" : {
          "type" : "string"
        },
        "sortCode" : {
          "type" : "integer"
        },
        "bankAccountHolderFirstName" : {
          "type" : "string"
        },
        "bankBranchAddressId" : {
          "type" : "integer"
        },
        "contributionAmount" : {
          "type" : "integer"
        },
        "paymentDay" : {
          "type" : "integer"
        },
        "autoIncreaseType" : {
          "type" : "string"
        },
        "startDate" : {
          "type" : "string",
          "format" : "date"
        }
      }
    },
    "contributions" : {
      "type" : "object",
      "required" : [ "contributionFrequencyType", "contributionAmount", "contributorId", "id" ],
      "properties" : {
        "contributionFrequencyType" : {
          "type" : "string"
        },
        "contributionAmount" : {
          "type" : "integer"
        },
        "contributorId" : {
          "type" : "integer"
        },
        "paymentFrequencyType" : {
          "type" : "string"
        },
        "id" : {
          "type" : "string"
        },
        "href" : {
          "type" : "string"
        }
      }
    },
    "commonResponse" : {
      "type" : "object",
      "properties" : {
        "id" : {
          "type" : "string"
        }
      }
    },
    "investmentChoice" : {
      "type" : "object",
      "required" : [ "id" ],
      "properties" : {
        "name" : {
          "type" : "string"
        },
        "id" : {
          "type" : "string"
        },
        "href" : {
          "type" : "string"
        }
      }
    },
    "transferIn" : {
      "type" : "object",
      "required" : [ "estimatedValue", "protectedPensionAgeFlag", "transferType", "fullTransferFlag", "blockTransferFlag" ],
      "properties" : {
        "valueCrystallisedFlag" : {
          "type" : "boolean"
        },
        "protectedPensionAgeFlag" : {
          "type" : "boolean"
        },
        "actualValue" : {
          "type" : "integer"
        },
        "earliestEntitledRetirementAge" : {
          "type" : "string"
        },
        "protectedPensionAgeType" : {
          "type" : "string"
        },
        "protectedTaxFreeCash" : {
          "$ref" : "#/definitions/protectedTaxFreeCash"
        },
        "providerPlanReference" : {
          "type" : "string"
        },
        "estimatedValue" : {
          "type" : "integer"
        },
        "earmarkingOrderFlag" : {
          "type" : "boolean"
        },
        "providerReference" : {
          "type" : "string"
        },
        "transferType" : {
          "type" : "string"
        },
        "fullTransferFlag" : {
          "type" : "boolean"
        },
        "blockTransferFlag" : {
          "type" : "boolean"
        },
        "guaranteeDate" : {
          "type" : "string",
          "format" : "date"
        },
        "confirmEarliestEntitledRetirementAgeFlag" : {
          "type" : "boolean"
        },
        "pensionSharingOrderFlag" : {
          "type" : "boolean"
        }
      }
    },
    "protectedTaxFreeCash" : {
      "type" : "object",
      "properties" : {
        "totalPartialTransfer" : {
          "type" : "integer"
        },
        "valueOfRetirementOnApril" : {
          "type" : "integer"
        },
        "protectedTaxFreeCashFlag" : {
          "type" : "boolean"
        },
        "anyPartialTransferFlag" : {
          "type" : "boolean"
        },
        "protectedTaxFreeValueOnApril" : {
          "type" : "integer"
        }
      }
    },
    "_items" : {
      "type" : "object",
      "required" : [ "id" ],
      "properties" : {
        "incrementAmount" : {
          "type" : "integer"
        },
        "contributions" : {
          "$ref" : "#/definitions/contributions"
        },
        "incrementType" : {
          "type" : "string"
        },
        "investmentChoice" : {
          "$ref" : "#/definitions/investmentChoice"
        },
        "transferIn" : {
          "$ref" : "#/definitions/transferIn"
        },
        "id" : {
          "type" : "string"
        },
        "href" : {
          "type" : "string"
        }
      }
    },
    "increments" : {
      "type" : "object",
      "properties" : {
        "_items" : {
          "type" : "array",
          "items" : {
            "$ref" : "#/definitions/_items",
            "uniqueItems" : false
          }
        }
      }
    }
  }
}