{
  "swagger" : "2.0",
  "info" : {
    "version" : "1.0",
    "title" : "Summary about the new REST service.",
    "description" : "Summary about the new REST service."
  },
  "host" : "localhost:8080",
  "basePath" : "/",
  "schemes" : [ "http" ],
  "paths" : {
    "/secure/api/sales/v2/proposals/{proposalId}/increments/{incrementId}/charges" : {
      "post" : {
        "description" : "create a charge",
        "operationId" : "post-secure-api-sales-v2-proposals-increments-charges",
        "consumes" : [ "application/json" ],
        "produces" : [ "application/json" ],
        "parameters" : [ {
          "name" : "body",
          "in" : "body",
          "description" : "",
          "schema" : {
            "$ref" : "#/definitions/chargeRequest"
          },
          "required" : true
        }, {
          "name" : "incrementId",
          "in" : "path",
          "description" : "",
          "type" : "string",
          "required" : true
        }, {
          "name" : "proposalId",
          "in" : "path",
          "description" : "",
          "type" : "string",
          "required" : true
        } ],
        "responses" : {
          "200" : {
            "description" : "a commonResponse to be returned",
            "schema" : {
              "$ref" : "#/definitions/commonResponse"
            }
          },
          "400" : {
            "description" : "The request was invalid or cannot be otherwise served.",
            "schema" : {
              "$ref" : "#/definitions/RESTException"
            }
          },
          "401" : {
            "description" : "Authentication credentials were missing or incorrect.",
            "schema" : {
              "$ref" : "#/definitions/RESTException"
            }
          },
          "404" : {
            "description" : "The URI requested is invalid or the resource requested does not exist.",
            "schema" : {
              "$ref" : "#/definitions/RESTException"
            }
          },
          "500" : {
            "description" : "A server error was encountered during a downstream call by the API",
            "schema" : {
              "$ref" : "#/definitions/RESTException"
            }
          },
          "201" : {
            "description" : "Created",
            "schema" : {
              "$ref" : "#/definitions/commonResponse"
            }
          }
        }
      },
      "get" : {
        "description" : "retrieve a list of charges",
        "operationId" : "get-secure-api-sales-v2-proposals-increments-charges",
        "consumes" : [ "application/json" ],
        "produces" : [ "application/json" ],
        "parameters" : [ {
          "name" : "incrementId",
          "in" : "path",
          "description" : "",
          "type" : "string",
          "required" : true
        }, {
          "name" : "proposalId",
          "in" : "path",
          "description" : "",
          "type" : "string",
          "required" : true
        } ],
        "responses" : {
          "200" : {
            "description" : "a charges to be returned",
            "schema" : {
              "$ref" : "#/definitions/charges"
            },
            "headers" : { }
          },
          "400" : {
            "description" : "The request was invalid or cannot be otherwise served.",
            "schema" : {
              "$ref" : "#/definitions/RESTException"
            }
          },
          "401" : {
            "description" : "Authentication credentials were missing or incorrect.",
            "schema" : {
              "$ref" : "#/definitions/RESTException"
            }
          },
          "404" : {
            "description" : "The URI requested is invalid or the resource requested does not exist.",
            "schema" : {
              "$ref" : "#/definitions/RESTException"
            }
          },
          "500" : {
            "description" : "A server error was encountered during a downstream call by the API",
            "schema" : {
              "$ref" : "#/definitions/RESTException"
            }
          }
        }
      }
    }
  },
  "definitions" : {
    "RESTException" : {
      "type" : "object",
      "properties" : { }
    },
    "chargeRequest" : {
      "type" : "object",
      "properties" : {
        "chargePeriodType" : {
          "type" : "string"
        },
        "chargeEndDate" : {
          "type" : "string",
          "format" : "date"
        },
        "facilitationType" : {
          "type" : "string"
        },
        "chargeDuration" : {
          "type" : "integer"
        },
        "chargeBasisType" : {
          "type" : "string"
        },
        "chargePaymentFrequency" : {
          "type" : "string"
        },
        "chargeValue" : {
          "type" : "number"
        },
        "chargeStartDate" : {
          "type" : "string",
          "format" : "date"
        }
      }
    },
    "charges" : {
      "type" : "object",
      "properties" : {
        "_items" : {
          "type" : "array",
          "items" : {
            "$ref" : "#/definitions/_items",
            "uniqueItems" : false
          }
        }
      }
    },
    "commonResponse" : {
      "type" : "object",
      "properties" : {
        "id" : {
          "type" : "string"
        }
      }
    },
    "_items" : {
      "type" : "object",
      "properties" : {
        "chargePeriodType" : {
          "type" : "string"
        },
        "chargeEndDate" : {
          "type" : "string",
          "format" : "date"
        },
        "facilitationType" : {
          "type" : "string"
        },
        "chargeDuration" : {
          "type" : "integer"
        },
        "id" : {
          "type" : "string"
        },
        "href" : {
          "type" : "string"
        },
        "chargeBasisType" : {
          "type" : "string"
        },
        "chargePaymentFrequency" : {
          "type" : "string"
        },
        "chargeValue" : {
          "type" : "number"
        },
        "chargeStartDate" : {
          "type" : "string",
          "format" : "date"
        }
      }
    }
  }
}