{
  "swagger" : "2.0",
  "info" : {
    "version" : "1.0",
    "title" : "Summary about the new REST service.",
    "description" : "Summary about the new REST service."
  },
  "host" : "localhost:8080",
  "basePath" : "/",
  "schemes" : [ "http" ],
  "paths" : {
    "/secure/api/sales/v2/proposals/{proposalId}/increments/{incrementId}/charges/{chargeId}" : {
      "get" : {
        "description" : "retrieve charge details",
        "operationId" : "get-secure-api-sales-v2-proposals-increments-charges",
        "consumes" : [ "application/json" ],
        "produces" : [ "application/json" ],
        "parameters" : [ {
          "name" : "chargeId",
          "in" : "path",
          "description" : "",
          "type" : "string",
          "required" : true
        }, {
          "name" : "incrementId",
          "in" : "path",
          "description" : "",
          "type" : "string",
          "required" : true
        }, {
          "name" : "proposalId",
          "in" : "path",
          "description" : "",
          "type" : "string",
          "required" : true
        } ],
        "responses" : {
          "200" : {
            "description" : "a charge to be returned",
            "schema" : {
              "$ref" : "#/definitions/charge"
            },
            "headers" : { }
          },
          "400" : {
            "description" : "The request was invalid or cannot be otherwise served.",
            "schema" : {
              "$ref" : "#/definitions/RESTException"
            }
          },
          "401" : {
            "description" : "Authentication credentials were missing or incorrect.",
            "schema" : {
              "$ref" : "#/definitions/RESTException"
            }
          },
          "404" : {
            "description" : "The URI requested is invalid or the resource requested does not exist.",
            "schema" : {
              "$ref" : "#/definitions/RESTException"
            }
          },
          "500" : {
            "description" : "A server error was encountered during a downstream call by the API",
            "schema" : {
              "$ref" : "#/definitions/RESTException"
            }
          }
        }
      },
      "put" : {
        "description" : "Modify a charge",
        "operationId" : "put-secure-api-sales-v2-proposals-increments-charges",
        "consumes" : [ "application/json" ],
        "produces" : [ "application/json" ],
        "parameters" : [ {
          "name" : "body",
          "in" : "body",
          "description" : "",
          "schema" : {
            "$ref" : "#/definitions/chargeRequest"
          },
          "required" : true
        }, {
          "name" : "chargeId",
          "in" : "path",
          "description" : "",
          "type" : "string",
          "required" : true
        }, {
          "name" : "incrementId",
          "in" : "path",
          "description" : "",
          "type" : "string",
          "required" : true
        }, {
          "name" : "proposalId",
          "in" : "path",
          "description" : "",
          "type" : "string",
          "required" : true
        } ],
        "responses" : {
          "200" : {
            "description" : "a string to be returned",
            "schema" : {
              "type" : "string"
            }
          },
          "400" : {
            "description" : "The request was invalid or cannot be otherwise served.",
            "schema" : {
              "$ref" : "#/definitions/RESTException"
            }
          },
          "401" : {
            "description" : "Authentication credentials were missing or incorrect.",
            "schema" : {
              "$ref" : "#/definitions/RESTException"
            }
          },
          "404" : {
            "description" : "The URI requested is invalid or the resource requested does not exist.",
            "schema" : {
              "$ref" : "#/definitions/RESTException"
            }
          },
          "500" : {
            "description" : "A server error was encountered during a downstream call by the API",
            "schema" : {
              "$ref" : "#/definitions/RESTException"
            }
          },
          "204" : {
            "description" : "No Content",
            "schema" : {
              "type" : "string"
            }
          }
        }
      }
    }
  },
  "definitions" : {
    "RESTException" : {
      "type" : "object",
      "properties" : { }
    },
    "chargeRequest" : {
      "type" : "object",
      "properties" : {
        "chargePeriodType" : {
          "type" : "string"
        },
        "chargeEndDate" : {
          "type" : "string",
          "format" : "date"
        },
        "facilitationType" : {
          "type" : "string"
        },
        "chargeDuration" : {
          "type" : "integer"
        },
        "chargeBasisType" : {
          "type" : "string"
        },
        "chargePaymentFrequency" : {
          "type" : "string"
        },
        "chargeValue" : {
          "type" : "number"
        },
        "chargeStartDate" : {
          "type" : "string",
          "format" : "date"
        }
      }
    },
    "charge" : {
      "type" : "object",
      "properties" : {
        "chargePeriodType" : {
          "type" : "string"
        },
        "chargeEndDate" : {
          "type" : "string",
          "format" : "date"
        },
        "facilitationType" : {
          "type" : "string"
        },
        "chargeDuration" : {
          "type" : "integer"
        },
        "id" : {
          "type" : "string"
        },
        "href" : {
          "type" : "string"
        },
        "chargeBasisType" : {
          "type" : "string"
        },
        "chargePaymentFrequency" : {
          "type" : "string"
        },
        "chargeValue" : {
          "type" : "number"
        },
        "chargeStartDate" : {
          "type" : "string",
          "format" : "date"
        }
      }
    }
  }
}