<?xml version="1.0" encoding="utf-8"?>
<configuration>
  <properties>
    <property name="//BT_PENSIONS_Policies-service.module///services/BT_PENSIONS_Policies/Policies/ftlPolicies/contentMatcher_createExit">
      <environment name="DEFAULT" value="{&quot;channel&quot;:&quot;bt_pensions_policies_createExit_v2&quot;}" />
    </property>
	<property name="//BT_PENSIONS_Policies-service.module///services/BT_PENSIONS_Policies/Policies/ftlPolicies/contentMatcher_createExitQuotes">
      <environment name="DEFAULT" value="{&quot;channel&quot;:&quot;bt_pensions_policies_createExitQuotes_v2&quot;}" />
    </property>
	<property name="//BT_PENSIONS_Policies-service.module///services/BT_PENSIONS_Policies/Policies/ftlPolicies/contentMatcher_getExitQuotes">
      <environment name="DEFAULT" value="{&quot;channel&quot;:&quot;bt_pensions_policies_getExitQuotes_v2&quot;}" />
    </property>
	<property name="//BT_PENSIONS_Policies-service.module///services/BT_PENSIONS_Policies/Policies/ftlPolicies/operation_createExit">
      <environment name="DEFAULT" value="{&quot;channel&quot;:&quot;createExit&quot;}" />
    </property>
	<property name="//BT_PENSIONS_Policies-service.module///services/BT_PENSIONS_Policies/Policies/ftlPolicies/operation_createExitQuotes">
      <environment name="DEFAULT" value="{&quot;channel&quot;:&quot;createExitQuotes&quot;}" />
    </property>
	<property name="//BT_PENSIONS_Policies-service.module///services/BT_PENSIONS_Policies/Policies/ftlPolicies/operation_getExitQuotes">
      <environment name="DEFAULT" value="{&quot;channel&quot;:&quot;getExitQuotes&quot;}" />
    </property>
    <property name="//BT_PENSIONS_Policies-service.module///services/BT_PENSIONS_Policies/Policies/ftlPolicies/contentMatcher_findIncrements">
      <environment name="DEFAULT" value="{&quot;channel&quot;:&quot;bt_pensions_policies_findIncrements_v2&quot;}" />
    </property>
    <property name="//BT_PENSIONS_Policies-service.module///services/BT_PENSIONS_Policies/Policies/ftlPolicies/contentMatcher_findBeneficiaries">
      <environment name="DEFAULT" value="{&quot;channel&quot;:&quot;bt_pensions_policies_findBeneficiaries_v2&quot;}" />
    </property>
    <property name="//BT_PENSIONS_Policies-service.module///services/BT_PENSIONS_Policies/Policies/ftlPolicies/operation_findIncrements">
      <environment name="DEFAULT" value="findIncrements" />
    </property>
    <property name="//BT_PENSIONS_Policies-service.module///services/BT_PENSIONS_Policies/Policies/ftlPolicies/contentMatcher_findTransactions">
      <environment name="DEFAULT" value="{&quot;channel&quot;:&quot;bt_pensions_policies_findTransactions_v2&quot;}" />
    </property>
    <property name="//BT_PENSIONS_Policies-service.module///services/BT_PENSIONS_Policies/Policies/ftlPolicies/contentMatcher_findPolicies">
      <environment name="DEFAULT" value="{&quot;channel&quot;:&quot;bt_pensions_policies_findPolicies_v2&quot;}" />
    </property>
    <property name="//BT_PENSIONS_Policies-service.module///services/BT_PENSIONS_Policies/Policies/ftlPolicies/endpoint">
      <environment name="DEFAULT" value="SyncResponseDyn_ep" />
    </property>
    <property name="//BT_PENSIONS_Policies-service.module///services/BT_PENSIONS_Policies/Policies/ftlPolicies/operation_findPolicies">
      <environment name="DEFAULT" value="findPolicies" />
    </property>
    <property name="//BT_PENSIONS_Policies-service.module///services/BT_PENSIONS_Policies/Policies/ftlPolicies/format">
      <environment name="DEFAULT" value="CSF" />
    </property>
    <property name="//BT_PENSIONS_Policies-service.module///services/BT_PENSIONS_Policies/Policies/ftlPolicies/ftlConnection">
      <environment name="DEFAULT" value="LIB.RESOURCE.FTL.FTL_v1.ftl.FTLRealmServerConnection" />
    </property>
    <property name="//BT_PENSIONS_Policies-service.module///services/BT_PENSIONS_Policies/Policies/ftlPolicies/operation_getPolicy">
      <environment name="DEFAULT" value="getPolicy" />
    </property>
    <property name="//BT_PENSIONS_Policies-service.module///services/BT_PENSIONS_Policies/Policies/ftlPolicies/contentMatcher_getPolicy">
      <environment name="DEFAULT" value="{&quot;channel&quot;:&quot;bt_pensions_policies_getPolicy_v2&quot;}" />
    </property>
    <property name="//BT_PENSIONS_Policies-service.module///services/BT_PENSIONS_Policies/Policies/ftlPolicies/operation_findTransactions">
      <environment name="DEFAULT" value="findTransactions" />
    </property>
    <property name="//BT_PENSIONS_Policies-service.module///services/BT_PENSIONS_Policies/Policies/ftlPolicies/operation_findBeneficiaries">
      <environment name="DEFAULT" value="findBeneficiaries" />
    </property>
    <property name="//BT_PENSIONS_Policies-service.module///services/BT_PENSIONS_Policies/Policies/ftlPolicies/contentMatcher_createBankAccount">
      <environment name="DEFAULT" value="{&quot;channel&quot;:&quot;bt_pensions_policies_createBankAccount&quot;}" />
    </property>
    <property name="//BT_PENSIONS_Policies-service.module///services/BT_PENSIONS_Policies/Policies/ftlPolicies/contentMatcher_findBankAccount">
      <environment name="DEFAULT" value="{&quot;channel&quot;:&quot;bt_pensions_policies_findBankAccounts&quot;}" />
    </property>
    <property name="//BT_PENSIONS_Policies-service.module///services/BT_PENSIONS_Policies/Policies/ftlPolicies/contentMatcher_getBankAccount">
      <environment name="DEFAULT" value="{&quot;channel&quot;:&quot;bt_pensions_policies_getBankAccount&quot;}" />
    </property>
    <property name="//BT_PENSIONS_Policies-service.module///services/BT_PENSIONS_Policies/Policies/ftlPolicies/contentMatcher_modifyBankAccount">
      <environment name="DEFAULT" value="{&quot;channel&quot;:&quot;bt_pensions_policies_modifyBankAccount&quot;}" />
    </property>
    <property name="//BT_PENSIONS_Policies-service.module///services/BT_PENSIONS_Policies/Policies/ftlPolicies/operation_createBankAccount">
      <environment name="DEFAULT" value="createBankAccount" />
    </property>
    <property name="//BT_PENSIONS_Policies-service.module///services/BT_PENSIONS_Policies/Policies/ftlPolicies/operation_findBankAccount">
      <environment name="DEFAULT" value="findBankAccount" />
    </property>
    <property name="//BT_PENSIONS_Policies-service.module///services/BT_PENSIONS_Policies/Policies/ftlPolicies/operation_getBankAccount">
      <environment name="DEFAULT" value="getBankAccount" />
    </property>
    <property name="//BT_PENSIONS_Policies-service.module///services/BT_PENSIONS_Policies/Policies/ftlPolicies/operation_modifyBankAccount">
      <environment name="DEFAULT" value="modifyBankAccount" />
    </property>
    <property name="//BT_PENSIONS_Policies-service.module///services/BT_PENSIONS_Policies/Policies/ftlPolicies/advanced/subscriberName">
      <environment name="DEFAULT" value="" />
    </property>
    <property name="//BT_PENSIONS_Policies-service.module///services/BT_PENSIONS_Policies/Policies/ftlPolicies/advanced/activityWorkerThreads">
      <environment name="DEFAULT" value="50%" />
    </property>
    <property name="//BT_PENSIONS_Policies-service.module///services/BT_PENSIONS_Policies/Policies/ftlPolicies/advanced/ftlQueueSize">
      <environment name="DEFAULT" value="-1" />
    </property>
    <property name="//BT_PENSIONS_Policies-service.module///services/BT_PENSIONS_Policies/Policies/ftlPolicies/advanced/ftlQueueDispatcherThreads">
      <environment name="DEFAULT" value="1" />
    </property>
    <property name="//BT_PENSIONS_Policies-service.module///services/BT_PENSIONS_Policies/Policies/ftlPolicies/advanced/newProperty">
      <environment name="DEFAULT" value="" />
    </property>
    <property name="//BT_PENSIONS_Policies-service.module///services/BT_PENSIONS_Policies/Policies/ftlPolicies/advanced/durableNames/durable_findPolicies">
      <environment name="DEFAULT" value="bt_pensions_policies_findPolicies_v2" />
    </property>
    <property name="//BT_PENSIONS_Policies-service.module///services/BT_PENSIONS_Policies/Policies/ftlPolicies/advanced/durableNames/durable_findIncrements">
      <environment name="DEFAULT" value="bt_pensions_policies_findIncrements_v2" />
    </property>
    <property name="//BT_PENSIONS_Policies-service.module///services/BT_PENSIONS_Policies/Policies/ftlPolicies/advanced/durableNames/findTransactions">
      <environment name="DEFAULT" value="bt_pensions_policies_findTransactions_v2" />
    </property>
    <property name="//BT_PENSIONS_Policies-service.module///services/BT_PENSIONS_Policies/Policies/ftlPolicies/advanced/durableNames/findBeneficiaries">
      <environment name="DEFAULT" value="bt_pensions_policies_findBeneficiaries_v2" />
    </property>
    <property name="//BT_PENSIONS_Policies-service.module///services/BT_PENSIONS_Policies/Policies/ftlPolicies/advanced/durableNames/durable_getPolicy">
      <environment name="DEFAULT" value="bt_pensions_policies_getPolicy_v2" />
    </property>
    <property name="//BT_PENSIONS_Policies-service.module///services/BT_PENSIONS_Policies/Policies/ftlPolicies/advanced/durableNames/durable_findBankAccounts">
      <environment name="DEFAULT" value="bt_pensions_policies_findBankAccounts" />
    </property>
    <property name="//BT_PENSIONS_Policies-service.module///services/BT_PENSIONS_Policies/Policies/ftlPolicies/advanced/durableNames/durable_createBankAccount">
      <environment name="DEFAULT" value="bt_pensions_policies_createBankAccount" />
    </property>
    <property name="//BT_PENSIONS_Policies-service.module///services/BT_PENSIONS_Policies/Policies/ftlPolicies/advanced/durableNames/durable_modifyBankAccount">
      <environment name="DEFAULT" value="bt_pensions_policies_modifyBankAccount" />
    </property>
    <property name="//BT_PENSIONS_Policies-service.module///services/BT_PENSIONS_Policies/Policies/ftlPolicies/advanced/durableNames/durable_getBankAccount">
      <environment name="DEFAULT" value="bt_pensions_policies_getBankAccount" />
    </property>
    <property name="//BT_PENSIONS_Policies-service.module///services/BT_PENSIONS_Policies/Policies/ftlPolicies/advanced/durableNames/durable_createExit">
      <environment name="DEFAULT" value="bt_pensions_policies_createExit" />
    </property>
    <property name="//BT_PENSIONS_Policies-service.module///services/BT_PENSIONS_Policies/Policies/ftlPolicies/advanced/durableNames/durable_createExitQuotes">
      <environment name="DEFAULT" value="bt_pensions_policies_createExitQuotes" />
    </property>
    <property name="//BT_PENSIONS_Policies-service.module///services/BT_PENSIONS_Policies/Policies/ftlPolicies/advanced/durableNames/durable_getExitQuotes">
      <environment name="DEFAULT" value="bt_pensions_policies_getExitQuotes" />
    </property>	
    <property name="//BT_PENSIONS_Policies-implement.module///services/BT_PENSIONS_POLICIES/Policies/channel_createAccountWithdrawal">
      <environment name="DEFAULT" value="tt_pensions_sonata_transactionmgmt_findexitquote_v2" />
    </property>
    <property name="//BT_PENSIONS_Policies-implement.module///services/BT_PENSIONS_POLICIES/Policies/channel_createSmartCommsRequest">
      <environment name="DEFAULT" value="tt_pensions_smartcomm_correspondence_createsmartcomm_v2" />
    </property>
    <property name="//BT_PENSIONS_Policies-implement.module///services/BT_PENSIONS_POLICIES/Policies/channel_createTSSRecord">
      <environment name="DEFAULT" value="tt_pensions_tss_transactiondata_createtssrecord_v2" />
    </property>
    <property name="//BT_PENSIONS_Policies-implement.module///services/BT_PENSIONS_POLICIES/Policies/channel_getTransactionDate">
      <environment name="DEFAULT" value="tt_pensions_ics_transactiondate_gettransactiondate_v2" />
    </property>
    <property name="//BT_PENSIONS_Policies-implement.module///services/BT_PENSIONS_POLICIES/Policies/channel_getCustomer">
      <environment name="DEFAULT" value="tt_pensions_dyn_customers_getcustomer_v1" />
    </property>
    <property name="//BT_PENSIONS_Policies-implement.module///services/BT_PENSIONS_POLICIES/Policies/restStausCode">
      <environment name="DEFAULT" value="400" />
    </property>
    <property name="//BT_PENSIONS_Policies-implement.module///services/BT_PENSIONS_POLICIES/Policies/exceptionCode">
      <environment name="DEFAULT" value="400" />
    </property>
    <property name="//BT_PENSIONS_Policies-implement.module///services/BT_PENSIONS_POLICIES/Policies/exceptionMessage">
      <environment name="DEFAULT" value="Invalid request" />
    </property>
    <property name="//BT_PENSIONS_Policies-implement.module///services/BT_PENSIONS_POLICIES/Policies/channel_getAccountDetails">
      <environment name="DEFAULT" value="tt_pensions_sonata_getaccountdetails" />
    </property>
    <property name="//BT_PENSIONS_Policies-implement.module///services/BT_PENSIONS_POLICIES/Policies/channel_saveClient">
      <environment name="DEFAULT" value="tt_pensions_sonata_saveclient" />
    </property>
    <property name="//BT_PENSIONS_Policies-implement.module///services/BT_PENSIONS_POLICIES/Policies/channel_saveAccount">
      <environment name="DEFAULT" value="tt_pensions_sonata_saveaccount" />
    </property>
    <property name="//BT_PENSIONS_Policies-implement.module///services/BT_PENSIONS_POLICIES/Policies/channel_getClient">
      <environment name="DEFAULT" value="tt_pensions_sonata_getclient" />
    </property>
    <property name="//BT_PENSIONS_Policies-implement.module///services/BT_PENSIONS_POLICIES/Policies/channel_getIncrementDetails">
      <environment name="DEFAULT" value="tt_pensions_sonata_getincrementdetails" />
    </property>
    <property name="//BT_PENSIONS_Policies-implement.module///services/BT_PENSIONS_POLICIES/Policies/channel_getAccountTransactionList">
      <environment name="DEFAULT" value="tt_pensions_sonata_getaccounttransactionlist" />
    </property>
    <property name="//BT_PENSIONS_Policies-implement.module///services/BT_PENSIONS_POLICIES/Policies/channel_getAccountList">
      <environment name="DEFAULT" value="tt_pensions_sonata_getaccountlist" />
    </property>
    <property name="//BT_PENSIONS_Policies-implement.module///services/BT_PENSIONS_POLICIES/Policies/channel_getRegularContributionPlan">
      <environment name="DEFAULT" value="tt_pensions_sonata_getregularcontributionplan" />
    </property>
    <property name="//BT_PENSIONS_Policies-implement.module///services/BT_PENSIONS_POLICIES/Policies/ftlRequest/endpoint">
      <environment name="DEFAULT" value="SyncRequestDyn_ep" />
    </property>
    <property name="//BT_PENSIONS_Policies-implement.module///services/BT_PENSIONS_POLICIES/Policies/ftlRequest/formatName">
      <environment name="DEFAULT" value="CSF" />
    </property>
    <property name="//BT_PENSIONS_Policies-implement.module///services/BT_PENSIONS_POLICIES/Policies/ftlRequest/ftlConnection">
      <environment name="DEFAULT" value="LIB.RESOURCE.FTLCLIENT.FTLCLIENT_v1.ftl.ClientFTLRealmServerConnection" />
    </property>
    <property name="//BT_PENSIONS_Policies-implement.module///services/BT_PENSIONS_POLICIES/Policies/ftlRequest/advanced/activityTimeout">
      <environment name="DEFAULT" value="30000" />
    </property>
    <property name="//BT_PENSIONS_Policies-implement.module///services/BT_PENSIONS_POLICIES/Policies/StaticInvocationValues/transactionCategoryCodeType">
      <environment name="DEFAULT" value="TECT" />
    </property>
    <property name="//BT_PENSIONS_Policies-implement.module///services/BT_PENSIONS_POLICIES/Policies/StaticInvocationValues/quotationTypeTrue">
      <environment name="DEFAULT" value="true" />
    </property>
    <property name="//BT_PENSIONS_Policies-implement.module///services/BT_PENSIONS_POLICIES/Policies/StaticInvocationValues/quotationTypeFalse">
      <environment name="DEFAULT" value="false" />
    </property>
    <property name="//BT_PENSIONS_Policies-implement.module///services/BT_PENSIONS_POLICIES/Policies/StaticInvocationValues/transactionTypeCode">
      <environment name="DEFAULT" value="UBLP" />
    </property>
    <property name="//BT_PENSIONS_Policies-implement.module///services/BT_PENSIONS_POLICIES/Policies/StaticInvocationValues/expenseType">
      <environment name="DEFAULT" value="EXTC" />
    </property>	
    <property name="//BT_PENSIONS_Policies-implement.module///services/BT_PENSIONS_POLICIES/Policies/StaticInvocationValues/username">
      <environment name="DEFAULT" value="engine" />
    </property>
    <property name="//BT_PENSIONS_Policies-implement.module///services/BT_PENSIONS_POLICIES/Policies/StaticInvocationValues/country">
      <environment name="DEFAULT" value="UK" />
    </property>
    <property name="//BT_PENSIONS_Policies-implement.module///services/BT_PENSIONS_POLICIES/Policies/StaticInvocationValues/databaseIdentifier">
      <environment name="DEFAULT" value="SONATA301" />
    </property>
    <property name="//BT_PENSIONS_Policies-implement.module///services/BT_PENSIONS_POLICIES/Policies/StaticInvocationValues/includeClientAccountRelationship">
      <environment name="DEFAULT" value="true" />
    </property>
    <property name="//BT_PENSIONS_Policies-implement.module///services/BT_PENSIONS_POLICIES/Policies/StaticInvocationValues/language">
      <environment name="DEFAULT" value="EN" />
    </property>
    <property name="//BT_PENSIONS_Policies-implement.module///services/BT_PENSIONS_POLICIES/Policies/StaticInvocationValues/includeProduct">
      <environment name="DEFAULT" value="true" />
    </property>
    <property name="//BT_PENSIONS_Policies-implement.module///services/BT_PENSIONS_POLICIES/Policies/StaticInvocationValues/includeAccountDetail">
      <environment name="DEFAULT" value="true" />
    </property>
    <property name="//BT_PENSIONS_Policies-implement.module///services/BT_PENSIONS_POLICIES/Policies/StaticInvocationValues/includeBeneficary">
      <environment name="DEFAULT" value="true" />
    </property>
    <property name="//BT_PENSIONS_Policies-implement.module///services/BT_PENSIONS_POLICIES/Policies/StaticInvocationValues/includeReqularContributionPlan">
      <environment name="DEFAULT" value="true" />
    </property>
    <property name="//BT_PENSIONS_Policies-implement.module///services/BT_PENSIONS_POLICIES/Policies/StaticInvocationValues/includeBalance">
      <environment name="DEFAULT" value="true" />
    </property>
    <property name="//BT_PENSIONS_Policies-implement.module///services/BT_PENSIONS_POLICIES/Policies/ProcessName/findTransactions">
      <environment name="DEFAULT" value="findTransactions" />
    </property>
    <property name="//BT_PENSIONS_Policies-implement.module///services/BT_PENSIONS_POLICIES/Policies/ProcessName/findBeneficiaries">
      <environment name="DEFAULT" value="findBeneficiaries" />
    </property>
    <property name="//BT_PENSIONS_Policies-implement.module///services/BT_PENSIONS_POLICIES/Policies/ProcessName/getPolicy">
      <environment name="DEFAULT" value="getPolicy" />
    </property>
    <property name="//BT_PENSIONS_Policies-implement.module///services/BT_PENSIONS_POLICIES/Policies/ProcessName/createAccountWithdrawal">
      <environment name="DEFAULT" value="createAccountWithdrawal" />
    </property>
    <property name="//BT_PENSIONS_Policies-implement.module///services/BT_PENSIONS_POLICIES/Policies/ProcessName/createTSSRecord">
      <environment name="DEFAULT" value="createTSSRecord" />
    </property>
    <property name="//BT_PENSIONS_Policies-implement.module///services/BT_PENSIONS_POLICIES/Policies/ProcessName/createSmartCommsRequest">
      <environment name="DEFAULT" value="createSmartCommsRequest" />
    </property>	
    <property name="//BT_PENSIONS_Policies-implement.module///services/BT_PENSIONS_POLICIES/Policies/ProcessName/getTransactionDate">
      <environment name="DEFAULT" value="getTransactionDate" />
    </property>	
     </properties>
	<deployment>
    <appspace>
      <environment name="DEFAULT" value="RLG_AS_BT"/>
    </appspace>
	<uploadArchivePath>
      <environment name="DEFAULT" value="Policies"/>
    </uploadArchivePath>
  </deployment>
</configuration>