﻿<?xml version="1.0" encoding="utf-8"?>
<configuration>
  <properties>
    <property name="//BT_PENSIONS_Applicants-service.module///services/BT_PENSIONS_Applicants/Applicants_v1/ftlApplicants/contentMatcher_createApplicantContact">
      <environment name="DEFAULT" value="{&quot;channel&quot;:&quot;bt_pensions_applicants_createapplicantcontact_v1&quot;}" />
    </property>
    <property name="//BT_PENSIONS_Applicants-service.module///services/BT_PENSIONS_Applicants/Applicants_v1/ftlApplicants/contentMatcher_updateApplicantContact">
      <environment name="DEFAULT" value="{&quot;channel&quot;:&quot;bt_pensions_applicants_updateapplicantcontact_v1&quot;}" />
    </property>
    <property name="//BT_PENSIONS_Applicants-service.module///services/BT_PENSIONS_Applicants/Applicants_v1/ftlApplicants/contentMatcher_FindApplicantContacts">
      <environment name="DEFAULT" value="{&quot;channel&quot;:&quot;bt_pensions_applicants_findapplicantcontacts_v1&quot;}" />
    </property>
    <property name="//BT_PENSIONS_Applicants-service.module///services/BT_PENSIONS_Applicants/Applicants_v1/ftlApplicants/endpoint">
      <environment name="DEFAULT" value="SyncResponseDyn_ep" />
    </property>
    <property name="//BT_PENSIONS_Applicants-service.module///services/BT_PENSIONS_Applicants/Applicants_v1/ftlApplicants/contentMatcher_retrieveApplicantDetails">
      <environment name="DEFAULT" value="{&quot;channel&quot;:&quot;bt_pensions_applicants_getapplicant_v1&quot;}" />
    </property>
    <property name="//BT_PENSIONS_Applicants-service.module///services/BT_PENSIONS_Applicants/Applicants_v1/ftlApplicants/endpoint_subscriber">
      <environment name="DEFAULT" value="SyncResponseDyn_ep" />
    </property>
    <property name="//BT_PENSIONS_Applicants-service.module///services/BT_PENSIONS_Applicants/Applicants_v1/ftlApplicants/contentMatcher_deleteApplicant">
      <environment name="DEFAULT" value="{&quot;channel&quot;:&quot;bt_pensions_applicants_deleteapplicant_v1&quot;}" />
    </property>
    <property name="//BT_PENSIONS_Applicants-service.module///services/BT_PENSIONS_Applicants/Applicants_v1/ftlApplicants/contentMatcher_retrieveApplicants">
      <environment name="DEFAULT" value="{&quot;channel&quot;:&quot;bt_pensions_applicants_findapplicants_v1&quot;}" />
    </property>
    <property name="//BT_PENSIONS_Applicants-service.module///services/BT_PENSIONS_Applicants/Applicants_v1/ftlApplicants/contentMatcher_updateApplicant">
      <environment name="DEFAULT" value="{&quot;channel&quot;:&quot;bt_pensions_applicants_updateapplicant_v1&quot;}" />
    </property>
    <property name="//BT_PENSIONS_Applicants-service.module///services/BT_PENSIONS_Applicants/Applicants_v1/ftlApplicants/contentMatcher_modifyApplicant">
      <environment name="DEFAULT" value="{&quot;channel&quot;:&quot;bt_pensions_applicants_modifyapplicant_v1&quot;}" />
    </property>
    <property name="//BT_PENSIONS_Applicants-service.module///services/BT_PENSIONS_Applicants/Applicants_v1/ftlApplicants/contentMatcher_createApplicant">
      <environment name="DEFAULT" value="{&quot;channel&quot;:&quot;bt_pensions_applicants_createapplicant_v1&quot;}" />
    </property>
    <property name="//BT_PENSIONS_Applicants-service.module///services/BT_PENSIONS_Applicants/Applicants_v1/ftlApplicants/advanced/thread">
      <environment name="DEFAULT" value="1" />
    </property>
    <property name="//BT_PENSIONS_Applicants-service.module///services/BT_PENSIONS_Applicants/Applicants_v1/ftlApplicants/advanced/durableName">
      <environment name="DEFAULT" value="" />
    </property>
    <property name="//BT_PENSIONS_Applicants-service.module///services/BT_PENSIONS_Applicants/Applicants_v1/ftlApplicants/advanced/subscriberName">
      <environment name="DEFAULT" value="" />
    </property>
    <property name="//BT_PENSIONS_Applicants-service.module///services/BT_PENSIONS_Applicants/Applicants_v1/ftlApplicants/advanced/workerThreads">
      <environment name="DEFAULT" value="50%" />
    </property>
    <property name="//BT_PENSIONS_Applicants-service.module///services/BT_PENSIONS_Applicants/Applicants_v1/ftlApplicants/advanced/queueSize">
      <environment name="DEFAULT" value="-1" />
    </property>
    <property name="//BT_PENSIONS_Applicants-service.module///services/BT_PENSIONS_Applicants/Applicants_v1/ftlApplicants/advanced/durableNames/durable_updateApplicant">
      <environment name="DEFAULT" value="bt_pensions_applicants_updateapplicant_v1" />
    </property>
    <property name="//BT_PENSIONS_Applicants-service.module///services/BT_PENSIONS_Applicants/Applicants_v1/ftlApplicants/advanced/durableNames/durable_findApplicantContacts">
      <environment name="DEFAULT" value="bt_pensions_applicants_findapplicantcontacts_v1" />
    </property>
    <property name="//BT_PENSIONS_Applicants-service.module///services/BT_PENSIONS_Applicants/Applicants_v1/ftlApplicants/advanced/durableNames/durable_findApplicants">
      <environment name="DEFAULT" value="bt_pensions_applicants_findapplicants_v1" />
    </property>
    <property name="//BT_PENSIONS_Applicants-service.module///services/BT_PENSIONS_Applicants/Applicants_v1/ftlApplicants/advanced/durableNames/durable_modifyApplicant">
      <environment name="DEFAULT" value="bt_pensions_applicants_modifyapplicant_v1" />
    </property>
    <property name="//BT_PENSIONS_Applicants-service.module///services/BT_PENSIONS_Applicants/Applicants_v1/ftlApplicants/advanced/durableNames/durable_createApplicant">
      <environment name="DEFAULT" value="bt_pensions_applicants_createapplicant_v1" />
    </property>
    <property name="//BT_PENSIONS_Applicants-service.module///services/BT_PENSIONS_Applicants/Applicants_v1/ftlApplicants/advanced/durableNames/durable_updateApplicateContact">
      <environment name="DEFAULT" value="bt_pensions_applicants_updateapplicantcontact_v1" />
    </property>
    <property name="//BT_PENSIONS_Applicants-service.module///services/BT_PENSIONS_Applicants/Applicants_v1/ftlApplicants/advanced/durableNames/durable_deleteApplicant">
      <environment name="DEFAULT" value="bt_pensions_applicants_deleteapplicant_v1" />
    </property>
    <property name="//BT_PENSIONS_Applicants-service.module///services/BT_PENSIONS_Applicants/Applicants_v1/ftlApplicants/advanced/durableNames/durable_createApplicantContact">
      <environment name="DEFAULT" value="bt_pensions_applicants_createapplicantcontact_v1" />
    </property>
    <property name="//BT_PENSIONS_Applicants-service.module///services/BT_PENSIONS_Applicants/Applicants_v1/ftlApplicants/advanced/durableNames/durable_getApplicant">
      <environment name="DEFAULT" value="bt_pensions_applicants_getapplicant_v1" />
    </property>
    <property name="//BT_PENSIONS_Applicants-service.module///services/BT_PENSIONS_Applicants/Applicants_v1/operations/createApplicantContact">
      <environment name="DEFAULT" value="createApplicantContact" />
    </property>
    <property name="//BT_PENSIONS_Applicants-service.module///services/BT_PENSIONS_Applicants/Applicants_v1/operations/retrieveApplicantDetails">
      <environment name="DEFAULT" value="retrieveApplicantDetails" />
    </property>
    <property name="//BT_PENSIONS_Applicants-service.module///services/BT_PENSIONS_Applicants/Applicants_v1/operations/deleteApplicant">
      <environment name="DEFAULT" value="deleteApplicant" />
    </property>
    <property name="//BT_PENSIONS_Applicants-service.module///services/BT_PENSIONS_Applicants/Applicants_v1/operations/updateApplicantContact">
      <environment name="DEFAULT" value="updateApplicantContact" />
    </property>
    <property name="//BT_PENSIONS_Applicants-service.module///services/BT_PENSIONS_Applicants/Applicants_v1/operations/modifyApplicant">
      <environment name="DEFAULT" value="modifyApplicant" />
    </property>
    <property name="//BT_PENSIONS_Applicants-service.module///services/BT_PENSIONS_Applicants/Applicants_v1/operations/updateApplicant">
      <environment name="DEFAULT" value="updateApplicant" />
    </property>
    <property name="//BT_PENSIONS_Applicants-service.module///services/BT_PENSIONS_Applicants/Applicants_v1/operations/createApplicant">
      <environment name="DEFAULT" value="createApplicant" />
    </property>
    <property name="//BT_PENSIONS_Applicants-service.module///services/BT_PENSIONS_Applicants/Applicants_v1/operations/retrieveApplicants">
      <environment name="DEFAULT" value="retrieveApplicants" />
    </property>
    <property name="//BT_PENSIONS_Applicants-service.module///services/BT_PENSIONS_Applicants/Applicants_v1/operations/FindApplicantContacts">
      <environment name="DEFAULT" value="FindApplicantContacts" />
    </property>
    <property name="//BT_PENSIONS_Applicants-implement.module///services/BT_PENSIONS_Applicants/Applicants_v1/ftl/channel_updateApplicantContact">
      <environment name="DEFAULT" value="tt_pensions_sms_applicants_updateapplicantcontact_v1" />
    </property>
    <property name="//BT_PENSIONS_Applicants-implement.module///services/BT_PENSIONS_Applicants/Applicants_v1/ftl/channel_createApplicantContact">
      <environment name="DEFAULT" value="tt_pensions_sms_applicants_createapplicantcontact_v1" />
    </property>
    <property name="//BT_PENSIONS_Applicants-implement.module///services/BT_PENSIONS_Applicants/Applicants_v1/ftl/channel_retrieveApplicantDetails">
      <environment name="DEFAULT" value="tt_pensions_sms_applicants_getapplicant_v1" />
    </property>
    <property name="//BT_PENSIONS_Applicants-implement.module///services/BT_PENSIONS_Applicants/Applicants_v1/ftl/channel_updateApplicant">
      <environment name="DEFAULT" value="tt_pensions_sms_applicants_updateapplicant_v1" />
    </property>
    <property name="//BT_PENSIONS_Applicants-implement.module///services/BT_PENSIONS_Applicants/Applicants_v1/ftl/channel_FindApplicantContacts">
      <environment name="DEFAULT" value="tt_pensions_sms_applicants_findapplicantcontacts_v1" />
    </property>
    <property name="//BT_PENSIONS_Applicants-implement.module///services/BT_PENSIONS_Applicants/Applicants_v1/ftl/timeout">
      <environment name="DEFAULT" value="30000" />
    </property>
    <property name="//BT_PENSIONS_Applicants-implement.module///services/BT_PENSIONS_Applicants/Applicants_v1/ftl/endpoint">
      <environment name="DEFAULT" value="SyncRequestDyn_ep" />
     </property>
    <property name="//BT_PENSIONS_Applicants-implement.module///services/BT_PENSIONS_Applicants/Applicants_v1/ftl/channel_deleteApplicant">
      <environment name="DEFAULT" value="tt_pensions_sms_applicants_deleteapplicant_v1" />
    </property>
    <property name="//BT_PENSIONS_Applicants-implement.module///services/BT_PENSIONS_Applicants/Applicants_v1/ftl/channel_createApplicant">
      <environment name="DEFAULT" value="tt_pensions_sms_applicants_createapplicant_v1" />
    </property>
    <property name="//BT_PENSIONS_Applicants-implement.module///services/BT_PENSIONS_Applicants/Applicants_v1/ftl/channel_modifyApplicant">
      <environment name="DEFAULT" value="tt_pensions_sms_applicants_modifyapplicant_v1" />
    </property>
    <property name="//BT_PENSIONS_Applicants-implement.module///services/BT_PENSIONS_Applicants/Applicants_v1/ftl/channel_retrieveApplicants">
      <environment name="DEFAULT" value="tt_pensions_sms_applicants_findapplicants_v1" />
    </property>
  </properties>
  <deployment>
    <appspace>
      <environment name="DEFAULT" value="RLG_AS_BT"/>
    </appspace>
	<uploadArchivePath>
      <environment name="DEFAULT" value="Applicants"/>
    </uploadArchivePath>
  </deployment>
</configuration>