{
  "swagger": "2.0",
  "info": {
    "version": "1.0",
    "title": "Proposals"
  },
  "host": "adviser.royallondon.com",
  "basePath": "/secure/api",
  "schemes": [
    "https"
  ],
  "paths": {
    "/sales/v1/proposals": {
      "get": {
        "summary": "retrieve a list of proposals",
        "parameters": [
          {
            "name": "expand",
            "in": "query",
            "required": false,
            "type": "string",
            "description": "Please refer to the sharepoint link http://rliprojects-portal/programme/scottishlife/ThinkBeyond/APIFactory/Project%20Documents/2.%20Solution%20Design/Integration%20Layer%20and%20APIs%20Technical%20Note_1.1.docx on usage of Expand, Sorting and paging approach"
          },
          {
            "name": "page",
            "in": "query",
            "required": false,
            "type": "number",
            "description": "Please refer to the sharepoint link http://rliprojects-portal/programme/scottishlife/ThinkBeyond/APIFactory/Project%20Documents/2.%20Solution%20Design/Integration%20Layer%20and%20APIs%20Technical%20Note_1.1.docx on usage of Expand, Sorting and paging approach"
          },
          {
            "name": "pageSize",
            "in": "query",
            "required": false,
            "type": "number",
            "description": "Please refer to the sharepoint link http://rliprojects-portal/programme/scottishlife/ThinkBeyond/APIFactory/Project%20Documents/2.%20Solution%20Design/Integration%20Layer%20and%20APIs%20Technical%20Note_1.1.docx on usage of Expand, Sorting and paging approach"
          },
          {
            "name": "sessionId",
            "in": "query",
            "required": false,
            "type": "string",
            "description": "Please refer to the sharepoint link http://rliprojects-portal/programme/scottishlife/ThinkBeyond/APIFactory/Project%20Documents/2.%20Solution%20Design/Integration%20Layer%20and%20APIs%20Technical%20Note_1.1.docx on usage of Expand, Sorting and paging approach"
          },
          {
            "name": "pageReset",
            "in": "query",
            "required": false,
            "type": "string",
            "description": "Please refer to the sharepoint link http://rliprojects-portal/programme/scottishlife/ThinkBeyond/APIFactory/Project%20Documents/2.%20Solution%20Design/Integration%20Layer%20and%20APIs%20Technical%20Note_1.1.docx on usage of Expand, Sorting and paging approach"
          },
          {
            "name": "sortBy",
            "in": "query",
            "required": false,
            "type": "string",
            "description": "Please refer to the sharepoint link http://rliprojects-portal/programme/scottishlife/ThinkBeyond/APIFactory/Project%20Documents/2.%20Solution%20Design/Integration%20Layer%20and%20APIs%20Technical%20Note_1.1.docx on usage of Expand, Sorting and paging approach"
          },
          {
            "name": "sortOrder",
            "in": "query",
            "required": false,
            "type": "string",
            "description": "Please refer to the sharepoint link http://rliprojects-portal/programme/scottishlife/ThinkBeyond/APIFactory/Project%20Documents/2.%20Solution%20Design/Integration%20Layer%20and%20APIs%20Technical%20Note_1.1.docx on usage of Expand, Sorting and paging approach"
          },
          {
            "name": "applicationId",
            "in": "query",
            "required": false,
            "type": "string",
            "description": "a list of applicationIds with delimeter of ','. Example:  12345678,1234569"
          },
          {
            "name": "applicantId",
            "in": "query",
            "required": false,
            "type": "string",
            "description": "retrive list of proposals for a give applicantId. ex: 12345"
          }
        ],
        "responses": {
          "200": {
            "description": "OK",
            "schema": {
              "$ref": "#/definitions/proposals"
            }
          },
          "400": {
            "description": "The request was invalid or cannot be otherwise served.",
            "schema": {
              "$ref": "#/definitions/errorResponse"
            }
          },
          "401": {
            "description": "Authentication credentials were missing or incorrect.",
            "schema": {
              "$ref": "#/definitions/errorResponse"
            }
          },
          "500": {
            "description": "A server error was encountered during a downstream call by the API",
            "schema": {
              "$ref": "#/definitions/errorResponse"
            }
          }
        }
      },
      "post": {
        "summary": "create a proposal",
        "parameters": [
          {
            "name": "body",
            "in": "body",
            "description": "proposal entity to be created",
            "required": true,
            "schema": {
              "$ref": "#/definitions/proposalRequest"
            }
          }
        ],
        "responses": {
          "201": {
            "description": "Created",
            "schema": {
              "$ref": "#/definitions/commonResponse"
            }
          },
          "400": {
            "description": "The request was invalid or cannot be otherwise served.",
            "schema": {
              "$ref": "#/definitions/errorResponse"
            }
          },
          "401": {
            "description": "Authentication credentials were missing or incorrect.",
            "schema": {
              "$ref": "#/definitions/errorResponse"
            }
          },
          "500": {
            "description": "A server error was encountered during a downstream call by the API",
            "schema": {
              "$ref": "#/definitions/errorResponse"
            }
          }
        }
      }
    },
    "/sales/v1/proposals/{proposalId}": {
      "get": {
        "summary": "retrieve proposal details",
        "parameters": [
          {
            "name": "proposalId",
            "in": "path",
            "required": true,
            "type": "string"
          }
        ],
        "responses": {
          "200": {
            "description": "OK",
            "schema": {
              "$ref": "#/definitions/proposal"
            }
          },
          "400": {
            "description": "The request was invalid or cannot be otherwise served.",
            "schema": {
              "$ref": "#/definitions/errorResponse"
            }
          },
          "401": {
            "description": "Authentication credentials were missing or incorrect.",
            "schema": {
              "$ref": "#/definitions/errorResponse"
            }
          },
          "404": {
            "description": "Resource Not found.",
            "schema": {
              "$ref": "#/definitions/errorResponse"
            }
          },
          "500": {
            "description": "A server error was encountered during a downstream call by the API",
            "schema": {
              "$ref": "#/definitions/errorResponse"
            }
          }
        }
      },
      "post": {
        "summary": "submit the proposal (request and response will be defined later)",
        "parameters": [
          {
            "name": "proposalId",
            "in": "path",
            "required": true,
            "type": "string"
          }
        ],
        "responses": {
          "201": {
            "description": "Created"
          },
          "400": {
            "description": "The request was invalid or cannot be otherwise served.",
            "schema": {
              "$ref": "#/definitions/errorResponse"
            }
          },
          "401": {
            "description": "Authentication credentials were missing or incorrect.",
            "schema": {
              "$ref": "#/definitions/errorResponse"
            }
          },
          "404": {
            "description": "Resource Not found.",
            "schema": {
              "$ref": "#/definitions/errorResponse"
            }
          },
          "500": {
            "description": "A server error was encountered during a downstream call by the API",
            "schema": {
              "$ref": "#/definitions/errorResponse"
            }
          }
        }
      },
      "put": {
        "summary": "modify a proposal",
        "parameters": [
          {
            "name": "proposalId",
            "in": "path",
            "required": true,
            "type": "string"
          },
          {
            "name": "body",
            "in": "body",
            "description": "proposal entity to be modified",
            "required": true,
            "schema": {
              "$ref": "#/definitions/proposalModifyRequest"
            }
          }
        ],
        "responses": {
          "204": {
            "description": "No Content"
          },
          "400": {
            "description": "The request was invalid or cannot be otherwise served.",
            "schema": {
              "$ref": "#/definitions/errorResponse"
            }
          },
          "401": {
            "description": "Authentication credentials were missing or incorrect.",
            "schema": {
              "$ref": "#/definitions/errorResponse"
            }
          },
          "404": {
            "description": "Resource Not found.",
            "schema": {
              "$ref": "#/definitions/errorResponse"
            }
          },
          "500": {
            "description": "A server error was encountered during a downstream call by the API",
            "schema": {
              "$ref": "#/definitions/errorResponse"
            }
          }
        }
      }
    },
    "/sales/v1/proposals/{proposalId}/increments": {
      "get": {
        "summary": "retrieve a list of increment",
        "parameters": [
          {
            "name": "proposalId",
            "in": "path",
            "required": true,
            "type": "string"
          }
        ],
        "responses": {
          "200": {
            "description": "OK",
            "schema": {
              "$ref": "#/definitions/increments"
            }
          },
          "400": {
            "description": "The request was invalid or cannot be otherwise served.",
            "schema": {
              "$ref": "#/definitions/errorResponse"
            }
          },
          "401": {
            "description": "Authentication credentials were missing or incorrect.",
            "schema": {
              "$ref": "#/definitions/errorResponse"
            }
          },
          "500": {
            "description": "A server error was encountered during a downstream call by the API",
            "schema": {
              "$ref": "#/definitions/errorResponse"
            }
          }
        }
      },
      "post": {
        "summary": "create an increment",
        "parameters": [
          {
            "name": "proposalId",
            "in": "path",
            "required": true,
            "type": "string"
          },
          {
            "name": "body",
            "in": "body",
            "description": "increment entity to be created",
            "required": true,
            "schema": {
              "$ref": "#/definitions/incrementRequest"
            }
          }
        ],
        "responses": {
          "201": {
            "description": "Created",
            "schema": {
              "$ref": "#/definitions/commonResponse"
            }
          },
          "400": {
            "description": "The request was invalid or cannot be otherwise served.",
            "schema": {
              "$ref": "#/definitions/errorResponse"
            }
          },
          "401": {
            "description": "Authentication credentials were missing or incorrect.",
            "schema": {
              "$ref": "#/definitions/errorResponse"
            }
          },
          "500": {
            "description": "A server error was encountered during a downstream call by the API",
            "schema": {
              "$ref": "#/definitions/errorResponse"
            }
          }
        }
      }
    },
    "/sales/v1/proposals/{proposalId}/increments/{incrementId}": {
      "get": {
        "summary": "retrieve increment details",
        "parameters": [
          {
            "name": "proposalId",
            "in": "path",
            "required": true,
            "type": "string"
          },
          {
            "name": "incrementId",
            "in": "path",
            "required": true,
            "type": "string"
          }
        ],
        "responses": {
          "200": {
            "description": "OK",
            "schema": {
              "$ref": "#/definitions/increment"
            }
          },
          "400": {
            "description": "The request was invalid or cannot be otherwise served.",
            "schema": {
              "$ref": "#/definitions/errorResponse"
            }
          },
          "401": {
            "description": "Authentication credentials were missing or incorrect.",
            "schema": {
              "$ref": "#/definitions/errorResponse"
            }
          },
          "404": {
            "description": "Resource Not found.",
            "schema": {
              "$ref": "#/definitions/errorResponse"
            }
          },
          "500": {
            "description": "A server error was encountered during a downstream call by the API",
            "schema": {
              "$ref": "#/definitions/errorResponse"
            }
          }
        }
      },
      "put": {
        "summary": "Modify an increment",
        "parameters": [
          {
            "name": "proposalId",
            "in": "path",
            "required": true,
            "type": "string"
          },
          {
            "name": "incrementId",
            "in": "path",
            "required": true,
            "type": "string"
          },
          {
            "name": "body",
            "in": "body",
            "description": "increment entity to be modified",
            "required": true,
            "schema": {
              "$ref": "#/definitions/incrementRequest"
            }
          }
        ],
        "responses": {
          "204": {
            "description": "No Content"
          },
          "400": {
            "description": "The request was invalid or cannot be otherwise served.",
            "schema": {
              "$ref": "#/definitions/errorResponse"
            }
          },
          "401": {
            "description": "Authentication credentials were missing or incorrect.",
            "schema": {
              "$ref": "#/definitions/errorResponse"
            }
          },
          "404": {
            "description": "Resource Not found.",
            "schema": {
              "$ref": "#/definitions/errorResponse"
            }
          },
          "500": {
            "description": "A server error was encountered during a downstream call by the API",
            "schema": {
              "$ref": "#/definitions/errorResponse"
            }
          }
        }
      }
    },
    "/sales/v1/proposals/{proposalId}/increments/{incrementId}/charges": {
      "get": {
        "summary": "retrieve a list of charges",
        "parameters": [
          {
            "name": "proposalId",
            "in": "path",
            "required": true,
            "type": "string"
          },
          {
            "name": "incrementId",
            "in": "path",
            "required": true,
            "type": "string"
          }
        ],
        "responses": {
          "200": {
            "description": "OK",
            "schema": {
              "$ref": "#/definitions/charges"
            }
          },
          "400": {
            "description": "The request was invalid or cannot be otherwise served.",
            "schema": {
              "$ref": "#/definitions/errorResponse"
            }
          },
          "401": {
            "description": "Authentication credentials were missing or incorrect.",
            "schema": {
              "$ref": "#/definitions/errorResponse"
            }
          },
          "404": {
            "description": "Resource Not found.",
            "schema": {
              "$ref": "#/definitions/errorResponse"
            }
          },
          "500": {
            "description": "A server error was encountered during a downstream call by the API",
            "schema": {
              "$ref": "#/definitions/errorResponse"
            }
          }
        }
      },
      "post": {
        "summary": "create a charge",
        "parameters": [
          {
            "name": "proposalId",
            "in": "path",
            "required": true,
            "type": "string"
          },
          {
            "name": "incrementId",
            "in": "path",
            "required": true,
            "type": "string"
          },
          {
            "name": "body",
            "in": "body",
            "description": "charge entity to be created",
            "required": true,
            "schema": {
              "$ref": "#/definitions/chargeRequest"
            }
          }
        ],
        "responses": {
          "201": {
            "description": "Created",
            "schema": {
              "$ref": "#/definitions/commonResponse"
            }
          },
          "400": {
            "description": "The request was invalid or cannot be otherwise served.",
            "schema": {
              "$ref": "#/definitions/errorResponse"
            }
          },
          "401": {
            "description": "Authentication credentials were missing or incorrect.",
            "schema": {
              "$ref": "#/definitions/errorResponse"
            }
          },
          "404": {
            "description": "Resource Not found.",
            "schema": {
              "$ref": "#/definitions/errorResponse"
            }
          },
          "500": {
            "description": "A server error was encountered during a downstream call by the API",
            "schema": {
              "$ref": "#/definitions/errorResponse"
            }
          }
        }
      }
    },
    "/sales/v1/proposals/{proposalId}/increments/{incrementId}/charges/{chargeId}": {
      "get": {
        "summary": "retrieve charge details",
        "parameters": [
          {
            "name": "proposalId",
            "in": "path",
            "required": true,
            "type": "string"
          },
          {
            "name": "incrementId",
            "in": "path",
            "required": true,
            "type": "string"
          },
          {
            "name": "chargeId",
            "in": "path",
            "required": true,
            "type": "string"
          }
        ],
        "responses": {
          "200": {
            "description": "OK",
            "schema": {
              "$ref": "#/definitions/charge"
            }
          },
          "400": {
            "description": "The request was invalid or cannot be otherwise served.",
            "schema": {
              "$ref": "#/definitions/errorResponse"
            }
          },
          "401": {
            "description": "Authentication credentials were missing or incorrect.",
            "schema": {
              "$ref": "#/definitions/errorResponse"
            }
          },
          "404": {
            "description": "Resource Not found.",
            "schema": {
              "$ref": "#/definitions/errorResponse"
            }
          },
          "500": {
            "description": "A server error was encountered during a downstream call by the API",
            "schema": {
              "$ref": "#/definitions/errorResponse"
            }
          }
        }
      },
      "put": {
        "summary": "Modify a charge",
        "parameters": [
          {
            "name": "proposalId",
            "in": "path",
            "required": true,
            "type": "string"
          },
          {
            "name": "chargeId",
            "in": "path",
            "required": true,
            "type": "string"
          },
          {
            "name": "incrementId",
            "in": "path",
            "required": true,
            "type": "string"
          },
          {
            "name": "body",
            "in": "body",
            "description": "charge entity to be modified",
            "required": true,
            "schema": {
              "$ref": "#/definitions/chargeRequest"
            }
          }
        ],
        "responses": {
          "204": {
            "description": "No Content"
          },
          "400": {
            "description": "The request was invalid or cannot be otherwise served.",
            "schema": {
              "$ref": "#/definitions/errorResponse"
            }
          },
          "401": {
            "description": "Authentication credentials were missing or incorrect.",
            "schema": {
              "$ref": "#/definitions/errorResponse"
            }
          },
          "404": {
            "description": "Resource Not found.",
            "schema": {
              "$ref": "#/definitions/errorResponse"
            }
          },
          "500": {
            "description": "A server error was encountered during a downstream call by the API",
            "schema": {
              "$ref": "#/definitions/errorResponse"
            }
          }
        }
      }
    },
    "/sales/v1/proposals/{proposalId}/increments/{incrementId}/contributions": {
      "get": {
        "summary": "retrieve a list of contributions",
        "parameters": [
          {
            "name": "proposalId",
            "in": "path",
            "required": true,
            "type": "string"
          },
          {
            "name": "incrementId",
            "in": "path",
            "required": true,
            "type": "string"
          }
        ],
        "responses": {
          "200": {
            "description": "OK",
            "schema": {
              "$ref": "#/definitions/contributions"
            }
          },
          "400": {
            "description": "The request was invalid or cannot be otherwise served.",
            "schema": {
              "$ref": "#/definitions/errorResponse"
            }
          },
          "401": {
            "description": "Authentication credentials were missing or incorrect.",
            "schema": {
              "$ref": "#/definitions/errorResponse"
            }
          },
          "404": {
            "description": "Resource Not Found.",
            "schema": {
              "$ref": "#/definitions/errorResponse"
            }
          },
          "500": {
            "description": "A server error was encountered during a downstream call by the API",
            "schema": {
              "$ref": "#/definitions/errorResponse"
            }
          }
        }
      },
      "post": {
        "summary": "create a contribution",
        "parameters": [
          {
            "name": "proposalId",
            "in": "path",
            "required": true,
            "type": "string"
          },
          {
            "name": "incrementId",
            "in": "path",
            "required": true,
            "type": "string"
          },
          {
            "name": "body",
            "in": "body",
            "description": "contribution entity to be created",
            "required": true,
            "schema": {
              "$ref": "#/definitions/contributionRequest"
            }
          }
        ],
        "responses": {
          "201": {
            "description": "Created",
            "schema": {
              "$ref": "#/definitions/commonResponse"
            }
          },
          "400": {
            "description": "The request was invalid or cannot be otherwise served.",
            "schema": {
              "$ref": "#/definitions/errorResponse"
            }
          },
          "401": {
            "description": "Authentication credentials were missing or incorrect.",
            "schema": {
              "$ref": "#/definitions/errorResponse"
            }
          },
          "404": {
            "description": "Resource Not Found.",
            "schema": {
              "$ref": "#/definitions/errorResponse"
            }
          },
          "500": {
            "description": "A server error was encountered during a downstream call by the API",
            "schema": {
              "$ref": "#/definitions/errorResponse"
            }
          }
        }
      }
    },
    "/sales/v1/proposals/{proposalId}/increments/{incrementId}/contributions/{contributionId}": {
      "get": {
        "summary": "retrieve contribution details",
        "parameters": [
          {
            "name": "proposalId",
            "in": "path",
            "required": true,
            "type": "string"
          },
          {
            "name": "incrementId",
            "in": "path",
            "required": true,
            "type": "string"
          },
          {
            "name": "contributionId",
            "in": "path",
            "required": true,
            "type": "string"
          }
        ],
        "responses": {
          "200": {
            "description": "OK",
            "schema": {
              "$ref": "#/definitions/contribution"
            }
          },
          "400": {
            "description": "The request was invalid or cannot be otherwise served.",
            "schema": {
              "$ref": "#/definitions/errorResponse"
            }
          },
          "401": {
            "description": "Authentication credentials were missing or incorrect.",
            "schema": {
              "$ref": "#/definitions/errorResponse"
            }
          },
          "404": {
            "description": "Resource Not found.",
            "schema": {
              "$ref": "#/definitions/errorResponse"
            }
          },
          "500": {
            "description": "A server error was encountered during a downstream call by the API",
            "schema": {
              "$ref": "#/definitions/errorResponse"
            }
          }
        }
      },
      "put": {
        "summary": "Modify a contribution",
        "parameters": [
          {
            "name": "proposalId",
            "in": "path",
            "required": true,
            "type": "string"
          },
          {
            "name": "incrementId",
            "in": "path",
            "required": true,
            "type": "string"
          },
          {
            "name": "contributionId",
            "in": "path",
            "required": true,
            "type": "string"
          },
          {
            "name": "body",
            "in": "body",
            "description": "contribution entity to be modified",
            "required": true,
            "schema": {
              "$ref": "#/definitions/contributionRequest"
            }
          }
        ],
        "responses": {
          "204": {
            "description": "No Content"
          },
          "400": {
            "description": "The request was invalid or cannot be otherwise served.",
            "schema": {
              "$ref": "#/definitions/errorResponse"
            }
          },
          "401": {
            "description": "Authentication credentials were missing or incorrect.",
            "schema": {
              "$ref": "#/definitions/errorResponse"
            }
          },
          "404": {
            "description": "Resource Not found.",
            "schema": {
              "$ref": "#/definitions/errorResponse"
            }
          },
          "500": {
            "description": "A server error was encountered during a downstream call by the API",
            "schema": {
              "$ref": "#/definitions/errorResponse"
            }
          }
        }
      },
      "patch": {
        "summary": "Modify a contribution",
        "parameters": [
          {
            "name": "proposalId",
            "in": "path",
            "required": true,
            "type": "string"
          },
          {
            "name": "incrementId",
            "in": "path",
            "required": true,
            "type": "string"
          },
          {
            "name": "contributionId",
            "in": "path",
            "required": true,
            "type": "string"
          },
          {
            "name": "body",
            "in": "body",
            "description": "contribution entity to be modified",
            "required": true,
            "schema": {
              "$ref": "#/definitions/contributionPatchRequest"
            }
          }
        ],
        "responses": {
          "204": {
            "description": "No Content"
          },
          "400": {
            "description": "The request was invalid or cannot be otherwise served.",
            "schema": {
              "$ref": "#/definitions/errorResponse"
            }
          },
          "401": {
            "description": "Authentication credentials were missing or incorrect.",
            "schema": {
              "$ref": "#/definitions/errorResponse"
            }
          },
          "404": {
            "description": "Resource Not found.",
            "schema": {
              "$ref": "#/definitions/errorResponse"
            }
          },
          "500": {
            "description": "A server error was encountered during a downstream call by the API",
            "schema": {
              "$ref": "#/definitions/errorResponse"
            }
          }
        }
      }
    },
    "/sales/v1/proposals/{proposalId}/increments/{incrementId}/transferIns": {
      "get": {
        "summary": "retrieve a list of trnasferIn",
        "parameters": [
          {
            "name": "proposalId",
            "in": "path",
            "required": true,
            "type": "string"
          },
          {
            "name": "incrementId",
            "in": "path",
            "required": true,
            "type": "string"
          }
        ],
        "responses": {
          "200": {
            "description": "OK",
            "schema": {
              "$ref": "#/definitions/transferIns"
            }
          },
          "400": {
            "description": "The request was invalid or cannot be otherwise served.",
            "schema": {
              "$ref": "#/definitions/errorResponse"
            }
          },
          "401": {
            "description": "Authentication credentials were missing or incorrect.",
            "schema": {
              "$ref": "#/definitions/errorResponse"
            }
          },
          "404": {
            "description": "Resource Not Found.",
            "schema": {
              "$ref": "#/definitions/errorResponse"
            }
          },
          "500": {
            "description": "A server error was encountered during a downstream call by the API",
            "schema": {
              "$ref": "#/definitions/errorResponse"
            }
          }
        }
      },
      "post": {
        "summary": "create a transferIn",
        "parameters": [
          {
            "name": "proposalId",
            "in": "path",
            "required": true,
            "type": "string"
          },
          {
            "name": "incrementId",
            "in": "path",
            "required": true,
            "type": "string"
          },
          {
            "name": "body",
            "in": "body",
            "description": "transferIn entity to be created",
            "required": true,
            "schema": {
              "$ref": "#/definitions/transferInRequest"
            }
          }
        ],
        "responses": {
          "201": {
            "description": "Created",
            "schema": {
              "$ref": "#/definitions/commonResponse"
            }
          },
          "400": {
            "description": "The request was invalid or cannot be otherwise served.",
            "schema": {
              "$ref": "#/definitions/errorResponse"
            }
          },
          "401": {
            "description": "Authentication credentials were missing or incorrect.",
            "schema": {
              "$ref": "#/definitions/errorResponse"
            }
          },
          "404": {
            "description": "Resource Not Found.",
            "schema": {
              "$ref": "#/definitions/errorResponse"
            }
          },
          "500": {
            "description": "A server error was encountered during a downstream call by the API",
            "schema": {
              "$ref": "#/definitions/errorResponse"
            }
          }
        }
      }
    },
    "/sales/v1/proposals/{proposalId}/increments/{incrementId}/transferIns/{transferInId}": {
      "get": {
        "summary": "retrieve contribution details",
        "parameters": [
          {
            "name": "proposalId",
            "in": "path",
            "required": true,
            "type": "string"
          },
          {
            "name": "incrementId",
            "in": "path",
            "required": true,
            "type": "string"
          },
          {
            "name": "transferInId",
            "in": "path",
            "required": true,
            "type": "string"
          }
        ],
        "responses": {
          "200": {
            "description": "OK",
            "schema": {
              "$ref": "#/definitions/transferIn"
            }
          },
          "400": {
            "description": "The request was invalid or cannot be otherwise served.",
            "schema": {
              "$ref": "#/definitions/errorResponse"
            }
          },
          "401": {
            "description": "Authentication credentials were missing or incorrect.",
            "schema": {
              "$ref": "#/definitions/errorResponse"
            }
          },
          "404": {
            "description": "Resource Not found.",
            "schema": {
              "$ref": "#/definitions/errorResponse"
            }
          },
          "500": {
            "description": "A server error was encountered during a downstream call by the API",
            "schema": {
              "$ref": "#/definitions/errorResponse"
            }
          }
        }
      },
      "put": {
        "summary": "Modify a transferIn",
        "parameters": [
          {
            "name": "proposalId",
            "in": "path",
            "required": true,
            "type": "string"
          },
          {
            "name": "incrementId",
            "in": "path",
            "required": true,
            "type": "string"
          },
          {
            "name": "transferInId",
            "in": "path",
            "required": true,
            "type": "string"
          },
          {
            "name": "body",
            "in": "body",
            "description": "contribution entity to be modified",
            "required": true,
            "schema": {
              "$ref": "#/definitions/transferInRequest"
            }
          }
        ],
        "responses": {
          "204": {
            "description": "No Content"
          },
          "400": {
            "description": "The request was invalid or cannot be otherwise served.",
            "schema": {
              "$ref": "#/definitions/errorResponse"
            }
          },
          "401": {
            "description": "Authentication credentials were missing or incorrect.",
            "schema": {
              "$ref": "#/definitions/errorResponse"
            }
          },
          "404": {
            "description": "Resource Not found.",
            "schema": {
              "$ref": "#/definitions/errorResponse"
            }
          },
          "500": {
            "description": "A server error was encountered during a downstream call by the API",
            "schema": {
              "$ref": "#/definitions/errorResponse"
            }
          }
        }
      }
    },
    "/sales/v1/proposals/{proposalId}/beneficiaries": {
      "get": {
        "summary": "retrieve a list of beneficiaries",
        "parameters": [
          {
            "name": "proposalId",
            "in": "path",
            "required": true,
            "type": "string"
          }
        ],
        "responses": {
          "200": {
            "description": "OK",
            "schema": {
              "$ref": "#/definitions/beneficiaries"
            }
          },
          "400": {
            "description": "The request was invalid or cannot be otherwise served.",
            "schema": {
              "$ref": "#/definitions/errorResponse"
            }
          },
          "401": {
            "description": "Authentication credentials were missing or incorrect.",
            "schema": {
              "$ref": "#/definitions/errorResponse"
            }
          },
          "404": {
            "description": "Resource Not Found.",
            "schema": {
              "$ref": "#/definitions/errorResponse"
            }
          },
          "500": {
            "description": "A server error was encountered during a downstream call by the API",
            "schema": {
              "$ref": "#/definitions/errorResponse"
            }
          }
        }
      },
      "post": {
        "summary": "create a beneficiary",
        "parameters": [
          {
            "name": "proposalId",
            "in": "path",
            "required": true,
            "type": "string"
          },
          {
            "name": "body",
            "in": "body",
            "description": "beneficiary entity to be created",
            "required": true,
            "schema": {
              "$ref": "#/definitions/beneficiaryRequest"
            }
          }
        ],
        "responses": {
          "201": {
            "description": "Created",
            "schema": {
              "$ref": "#/definitions/commonResponse"
            }
          },
          "400": {
            "description": "The request was invalid or cannot be otherwise served.",
            "schema": {
              "$ref": "#/definitions/errorResponse"
            }
          },
          "401": {
            "description": "Authentication credentials were missing or incorrect.",
            "schema": {
              "$ref": "#/definitions/errorResponse"
            }
          },
          "404": {
            "description": "Resource Not Found.",
            "schema": {
              "$ref": "#/definitions/errorResponse"
            }
          },
          "500": {
            "description": "A server error was encountered during a downstream call by the API",
            "schema": {
              "$ref": "#/definitions/errorResponse"
            }
          }
        }
      }
    },
    "/sales/v1/proposals/{proposalId}/beneficiaries/{beneficiaryId}": {
      "get": {
        "summary": "retrieve beneficiary details",
        "parameters": [
          {
            "name": "proposalId",
            "in": "path",
            "required": true,
            "type": "string"
          },
          {
            "name": "beneficiaryId",
            "in": "path",
            "required": true,
            "type": "string"
          }
        ],
        "responses": {
          "200": {
            "description": "OK",
            "schema": {
              "$ref": "#/definitions/beneficiary"
            }
          },
          "400": {
            "description": "The request was invalid or cannot be otherwise served.",
            "schema": {
              "$ref": "#/definitions/errorResponse"
            }
          },
          "401": {
            "description": "Authentication credentials were missing or incorrect.",
            "schema": {
              "$ref": "#/definitions/errorResponse"
            }
          },
          "404": {
            "description": "Resource Not found.",
            "schema": {
              "$ref": "#/definitions/errorResponse"
            }
          },
          "500": {
            "description": "A server error was encountered during a downstream call by the API",
            "schema": {
              "$ref": "#/definitions/errorResponse"
            }
          }
        }
      },
      "put": {
        "summary": "Modify a beneficiary",
        "parameters": [
          {
            "name": "proposalId",
            "in": "path",
            "required": true,
            "type": "string"
          },
          {
            "name": "beneficiaryId",
            "in": "path",
            "required": true,
            "type": "string"
          },
          {
            "name": "body",
            "in": "body",
            "description": "beneficiary entity to be modified",
            "required": true,
            "schema": {
              "$ref": "#/definitions/beneficiaryRequest"
            }
          }
        ],
        "responses": {
          "204": {
            "description": "No Content"
          },
          "400": {
            "description": "The request was invalid or cannot be otherwise served.",
            "schema": {
              "$ref": "#/definitions/errorResponse"
            }
          },
          "401": {
            "description": "Authentication credentials were missing or incorrect.",
            "schema": {
              "$ref": "#/definitions/errorResponse"
            }
          },
          "404": {
            "description": "Resource Not found.",
            "schema": {
              "$ref": "#/definitions/errorResponse"
            }
          },
          "500": {
            "description": "A server error was encountered during a downstream call by the API",
            "schema": {
              "$ref": "#/definitions/errorResponse"
            }
          }
        }
      }
    }
  },
  "definitions": {
    "proposals": {
      "properties": {
        "_metadata": {
          "$ref": "#/definitions/metadata"
        },
        "_items": {
          "type": "array",
          "items": {
            "$ref": "#/definitions/proposal"
          }
        }
      }
    },
    "proposal": {
      "required": [
        "id",
        "application",
        "product"
      ],
      "properties": {
        "id": {
          "type": "string",
          "description": "Identifier of application"
        },
        "href": {
          "type": "string"
        },
        "application": {
          "$ref": "#/definitions/application"
        },
        "product": {
          "$ref": "#/definitions/product"
        },
        "startDate": {
          "type": "string",
          "format": "date",
          "example": "YYYY-MM-DD",
          "description": "effective start date of proposal"
        },
        "endDate": {
          "type": "string",
          "format": "date",
          "example": "YYYY-MM-DD",
          "description": "effective end date of proposal"
        },
        "proposalStatusType": {
          "type": "string",
          "enum": [
            "In Progress",
            "Expired",
            "Completed",
            "Deleted"
          ]
        },
        "increments": {
          "type": "array",
          "items": {
            "$ref": "#/definitions/summaryIncrement"
          }
        },
        "beneficiaries": {
          "type": "array",
          "items": {
            "$ref": "#/definitions/beneficiaries"
          }
        }
      }
    },
    "application": {
      "required": [
        "id"
      ],
      "properties": {
        "id": {
          "type": "string",
          "description": "Identifier of application"
        },
        "href": {
          "type": "string"
        }
      }
    },
    "product": {
      "required": [
        "id"
      ],
      "properties": {
        "id": {
          "type": "string",
          "description": "Identifier of product"
        },
        "href": {
          "type": "string"
        }
      }
    },
    "investmentChoice": {
      "required": [
        "id"
      ],
      "properties": {
        "id": {
          "type": "string",
          "description": "Identifier of investmentCHoice"
        },
        "href": {
          "type": "string"
        }
      }
    },
    "proposalRequest": {
      "required": [
        "application",
        "product"
      ],
      "properties": {
        "quote": {
          "$ref": "#/definitions/commonResponse"
        },
        "application": {
          "$ref": "#/definitions/commonResponse"
        },
        "product": {
          "$ref": "#/definitions/commonResponse"
        },
        "startDate": {
          "type": "string",
          "format": "date",
          "example": "YYYY-MM-DD",
          "description": "effective start date of proposal"
        },
        "endDate": {
          "type": "string",
          "format": "date",
          "example": "YYYY-MM-DD",
          "description": "effective end date of proposal"
        },
        "proposalStatusType": {
          "type": "string",
          "enum": [
            "In Progress",
            "Expired",
            "Completed",
            "Deleted"
          ]
        }
      }
    },
    "proposalModifyRequest": {
      "required": [
        "product"
      ],
      "properties": {
        "product": {
          "$ref": "#/definitions/commonResponse"
        },
        "startDate": {
          "type": "string",
          "format": "date",
          "example": "YYYY-MM-DD",
          "description": "effective start date of proposal"
        },
        "endDate": {
          "type": "string",
          "format": "date",
          "example": "YYYY-MM-DD",
          "description": "effective end date of proposal"
        },
        "proposalStatusType": {
          "type": "string",
          "enum": [
            "In Progress",
            "Expired",
            "Completed",
            "Deleted"
          ]
        }
      }
    },
    "commonResponse": {
      "properties": {
        "id": {
          "type": "string"
        }
      }
    },
    "summaryCharge": {
      "required": [
        "id",
        "chargeType",
        "paymentModeType",
        "chargeFrequencyType",
        "chargePaymentType",
        "chargeValue"
      ],
      "properties": {
        "id": {
          "type": "string",
          "description": "Identifier of charge"
        },
        "href": {
          "type": "string"
        },
        "chargeType": {
          "type": "string",
          "enum": [
            "Product Charges",
            "Adviser Charges",
            "Investment Charges"
          ]
        },
        "paymentModeType": {
          "type": "string",
          "enum": [
            "Cheque",
            "Electronic Transfer",
            "BACS",
            "Direct Debit"
          ]
        },
        "ChargePeriodType": {
          "type": "string",
          "enum": [
            "Initial",
            "Regular"
          ]
        },
        "chargeFrequencyType": {
          "type": "string",
          "enum": [
            "Monthly",
            "Quarterly",
            "Half-yearly",
            "Annually"
          ]
        },
        "chargePaymentType": {
          "type": "string",
          "enum": [
            "Fixed",
            "Percentage"
          ]
        },
        "chargePercentageBaseValue": {
          "type": "number",
          "description": "in GBP"
        },
        "chargeValue": {
          "type": "number",
          "description": "in GBP"
        }
      }
    },
    "charges": {
      "properties": {
        "_items": {
          "type": "array",
          "items": {
            "$ref": "#/definitions/charge"
          }
        }
      }
    },
    "charge": {
      "required": [
        "id",
        "chargeType",
        "paymentModeType",
        "chargeFrequencyType",
        "chargePaymentType",
        "chargeValue",
        "chargeValidityPeriod",
        "lifetimeChargeFlag",
        "chargesAutoIncreaseType"
      ],
      "properties": {
        "id": {
          "type": "string",
          "description": "Identifier of charge"
        },
        "href": {
          "type": "string"
        },
        "chargeType": {
          "type": "string",
          "enum": [
            "Product Charges",
            "Adviser Charges",
            "Investment Charges"
          ]
        },
        "paymentModeType": {
          "type": "string",
          "enum": [
            "Cheque",
            "Electronic Transfer",
            "BACS",
            "Direct Debit"
          ]
        },
        "ChargePeriodType": {
          "type": "string",
          "enum": [
            "Initial",
            "Regular"
          ]
        },
        "chargeFrequencyType": {
          "type": "string",
          "enum": [
            "Monthly",
            "Quarterly",
            "Half-yearly",
            "Annually"
          ]
        },
        "chargePaymentType": {
          "type": "string",
          "enum": [
            "Fixed",
            "Percentage"
          ]
        },
        "chargePercentageBaseValue": {
          "type": "number",
          "description": "in GBP"
        },
        "chargeValue": {
          "type": "number",
          "description": "in GBP"
        },
        "chargeValidityPeriod": {
          "type": "number",
          "description": "in number of months"
        },
        "lifetimeChargeFlag": {
          "type": "boolean",
          "description": "yes-lifetime charges"
        },
        "chargesAutoIncreaseType": {
          "type": "string"
        },
        "chargesIncreasePercentage": {
          "type": "string"
        }
      }
    },
    "chargeRequest": {
      "required": [
        "chargeType",
        "paymentModeType",
        "chargeFrequencyType",
        "chargePaymentType",
        "chargeValue",
        "chargeValidityPeriod",
        "lifetimeChargeFlag",
        "chargesAutoIncreaseType"
      ],
      "properties": {
        "chargeType": {
          "type": "string",
          "enum": [
            "Product Charges",
            "Adviser Charges",
            "Investment Charges"
          ]
        },
        "paymentModeType": {
          "type": "string",
          "enum": [
            "Cheque",
            "Electronic Transfer",
            "BACS",
            "Direct Debit"
          ]
        },
        "ChargePeriodType": {
          "type": "string",
          "enum": [
            "Initial",
            "Regular"
          ]
        },
        "chargeFrequencyType": {
          "type": "string",
          "enum": [
            "Monthly",
            "Quarterly",
            "Half-yearly",
            "Annually"
          ]
        },
        "chargePaymentType": {
          "type": "string",
          "enum": [
            "Fixed",
            "Percentage"
          ]
        },
        "chargePercentageBaseValue": {
          "type": "number",
          "description": "in GBP"
        },
        "chargeValue": {
          "type": "number",
          "description": "in GBP"
        },
        "chargeValidityPeriod": {
          "type": "number",
          "description": "in number of months"
        },
        "lifetimeChargeFlag": {
          "type": "boolean",
          "description": "yes-lifetime charges"
        },
        "chargesAutoIncreaseType": {
          "type": "string"
        },
        "chargesIncreasePercentage": {
          "type": "string"
        }
      }
    },
    "increments": {
      "properties": {
        "_items": {
          "type": "array",
          "items": {
            "$ref": "#/definitions/increment"
          }
        }
      }
    },
    "increment": {
      "required": [
        "id",
        "incrementNumber",
        "incrementAmount"
      ],
      "properties": {
        "id": {
          "type": "string",
          "description": "Identifier of increment"
        },
        "href": {
          "type": "string"
        },
        "investmentChoice": {
          "$ref": "#/definitions/investmentChoice"
        },
        "incrementNumber": {
          "type": "number",
          "description": "increment number = 0 for new policy, >0 for existing policy"
        },
        "incrementAmount": {
          "type": "number",
          "description": "the amount of increment"
        }
      }
    },
    "incrementRequest": {
      "required": [
        "investmentChoiceId",
        "incrementNumber",
        "incrementAmount"
      ],
      "properties": {
        "investmentChoiceId": {
          "type": "string",
          "description": "pulled in from investment control system"
        },
        "incrementNumber": {
          "type": "number",
          "description": "increment number = 0 for new policy, >0 for existing policy"
        },
        "incrementAmount": {
          "type": "number",
          "description": "the amount of increment"
        }
      }
    },
    "summaryIncrement": {
      "required": [
        "id",
        "incrementNumber",
        "incrementAmount"
      ],
      "properties": {
        "id": {
          "type": "string",
          "description": "Identifier of increment"
        },
        "href": {
          "type": "string"
        },
        "investmentChoice": {
          "$ref": "#/definitions/investmentChoice"
        },
        "incrementNumber": {
          "type": "number",
          "description": "increment number = 0 for new policy, >0 for existing policy"
        },
        "incrementAmount": {
          "type": "number",
          "description": "the amount of increment"
        },
        "charges": {
          "type": "array",
          "items": {
            "$ref": "#/definitions/summaryCharge"
          }
        },
        "contributions": {
          "type": "array",
          "items": {
            "$ref": "#/definitions/summaryContribution"
          }
        },
        "transferIns": {
          "type": "array",
          "items": {
            "$ref": "#/definitions/summaryTransferIn"
          }
        }
      }
    },
    "summaryContribution": {
      "required": [
        "id",
        "contributorId",
        "contributionFrequencyType",
        "contributionAmount"
      ],
      "properties": {
        "id": {
          "type": "string",
          "description": "Identifier of increment"
        },
        "href": {
          "type": "string"
        },
        "contributorId": {
          "type": "number",
          "description": "the identifier of contributor"
        },
        "contributionFrequencyType": {
          "type": "string",
          "enum": [
            "Single",
            "Regular"
          ]
        },
        "paymentFrequencyType": {
          "type": "string",
          "enum": [
            "Monthly",
            "Quarterly",
            "Half-yearly"
          ]
        },
        "contributionAmount": {
          "type": "number",
          "description": "the amount of contribution"
        }
      }
    },
    "contributions": {
      "properties": {
        "_items": {
          "type": "array",
          "items": {
            "$ref": "#/definitions/contribution"
          }
        }
      }
    },
    "contribution": {
      "required": [
        "id",
        "contributorId",
        "contributionFrequencyType",
        "contributionAmount",
        "paymentMethodType",
        "bankAccountHolderFirstName",
        "bankAccountHolderSurname",
        "bankName",
        "bankAccount",
        "sortCode",
        "bankBranchAddressId",
        "bankBranchName"
      ],
      "properties": {
        "id": {
          "type": "string",
          "description": "Identifier of increment"
        },
        "href": {
          "type": "string"
        },
        "contributorId": {
          "type": "number",
          "description": "the identifier of contributor"
        },
        "contributionFrequencyType": {
          "type": "string",
          "enum": [
            "Single",
            "Regular"
          ]
        },
        "paymentFrequencyType": {
          "type": "string",
          "enum": [
            "Monthly",
            "Quarterly",
            "Half-yearly"
          ]
        },
        "contributionAmount": {
          "type": "number",
          "description": "the amount of contribution"
        },
        "startDate": {
          "type": "string",
          "format": "date",
          "description": "the start date of contribution (YYYY-MM-DD)"
        },
        "paymentDay": {
          "type": "number",
          "maximum": 28,
          "minimum": 1
        },
        "paymentMethodType": {
          "type": "string",
          "enum": [
            "Cheque",
            "Electronic Transfer",
            "BACS",
            "Direct Debit"
          ]
        },
        "bankAccountHolderFirstName": {
          "type": "string",
          "description": "The first name of bank account holder"
        },
        "bankAccountHolderSurname": {
          "type": "string",
          "description": "The surname of bank account holder"
        },
        "bankName": {
          "type": "string",
          "description": "bank name"
        },
        "bankAccount": {
          "type": "number",
          "description": "bank account"
        },
        "sortCode": {
          "type": "number",
          "description": "sort code"
        },
        "bankBranchAddressId": {
          "type": "number"
        },
        "bankBranchName": {
          "type": "string",
          "description": "bank branch name"
        },
        "bankRollNumber": {
          "type": "number",
          "description": "for building society"
        },
        "autoIncreaseType": {
          "type": "string",
          "enum": [
            "RPI",
            "Fixed",
            "Level"
          ]
        },
        "increasePercentage": {
          "type": "number"
        }
      }
    },
    "contributionRequest": {
      "required": [
        "contributorId",
        "contributionFrequencyType",
        "contributionAmount",
        "paymentMethodType",
        "bankAccountHolderFirstName",
        "bankAccountHolderSurname",
        "bankName",
        "bankAccount",
        "sortCode",
        "bankBranchAddressId",
        "bankBranchName"
      ],
      "properties": {
        "contributorId": {
          "type": "number",
          "description": "the identifier of contributor"
        },
        "contributionFrequencyType": {
          "type": "string",
          "enum": [
            "Single",
            "Regular"
          ]
        },
        "paymentFrequencyType": {
          "type": "string",
          "enum": [
            "Monthly",
            "Quarterly",
            "Half-yearly"
          ]
        },
        "contributionAmount": {
          "type": "number",
          "description": "the amount of contribution"
        },
        "startDate": {
          "type": "string",
          "format": "date",
          "description": "the start date of contribution (YYYY-MM-DD)"
        },
        "paymentDay": {
          "type": "number",
          "maximum": 28,
          "minimum": 1
        },
        "paymentMethodType": {
          "type": "string",
          "enum": [
            "Cheque",
            "Electronic Transfer",
            "BACS",
            "Direct Debit"
          ]
        },
        "bankAccountHolderFirstName": {
          "type": "string",
          "description": "The first name of bank account holder"
        },
        "bankAccountHolderSurname": {
          "type": "string",
          "description": "The surname of bank account holder"
        },
        "bankName": {
          "type": "string",
          "description": "bank name"
        },
        "bankAccount": {
          "type": "number",
          "description": "bank account"
        },
        "sortCode": {
          "type": "number",
          "description": "sort code"
        },
        "bankBranchAddressId": {
          "type": "number"
        },
        "bankBranchName": {
          "type": "string",
          "description": "bank branch name"
        },
        "bankRollNumber": {
          "type": "number",
          "description": "for building society"
        },
        "autoIncreaseType": {
          "type": "string",
          "enum": [
            "RPI",
            "Fixed",
            "Level"
          ]
        },
        "increasePercentage": {
          "type": "number"
        }
      }
    },
    "contributionPatchRequest": {
      "properties": {
        "contributorId": {
          "type": "number",
          "description": "the identifier of contributor"
        },
        "contributionFrequencyType": {
          "type": "string",
          "enum": [
            "Single",
            "Regular"
          ]
        },
        "paymentFrequencyType": {
          "type": "string",
          "enum": [
            "Monthly",
            "Quarterly",
            "Half-yearly"
          ]
        },
        "contributionAmount": {
          "type": "number",
          "description": "the amount of contribution"
        },
        "startDate": {
          "type": "string",
          "format": "date",
          "description": "the start date of contribution (YYYY-MM-DD)"
        },
        "paymentDay": {
          "type": "number",
          "maximum": 28,
          "minimum": 1
        },
        "paymentMethodType": {
          "type": "string",
          "enum": [
            "Cheque",
            "Electronic Transfer",
            "BACS",
            "Direct Debit"
          ]
        },
        "bankAccountHolderFirstName": {
          "type": "string",
          "description": "The first name of bank account holder"
        },
        "bankAccountHolderSurname": {
          "type": "string",
          "description": "The surname of bank account holder"
        },
        "bankName": {
          "type": "string",
          "description": "bank name"
        },
        "bankAccount": {
          "type": "number",
          "description": "bank account"
        },
        "sortCode": {
          "type": "number",
          "description": "sort code"
        },
        "bankBranchAddressId": {
          "type": "number"
        },
        "bankBranchName": {
          "type": "string",
          "description": "bank branch name"
        },
        "bankRollNumber": {
          "type": "number",
          "description": "for building society"
        },
        "autoIncreaseType": {
          "type": "string",
          "enum": [
            "RPI",
            "Fixed",
            "Level"
          ]
        },
        "increasePercentage": {
          "type": "number"
        }
      }
    },
    "summaryTransferIn": {
      "required": [
        "id",
        "amount"
      ],
      "properties": {
        "id": {
          "type": "string",
          "description": "Identifier of charge"
        },
        "href": {
          "type": "string"
        },
        "amount": {
          "type": "number",
          "description": "Amount"
        },
        "transferredFrom": {
          "type": "string",
          "description": "transfer provider reference list ot be looked up for transfer in"
        },
        "transferDate": {
          "type": "string",
          "format": "date",
          "description": "transfer date (YYYY-MM-DD)"
        }
      }
    },
    "transferIns": {
      "properties": {
        "_items": {
          "type": "array",
          "items": {
            "$ref": "#/definitions/transferIn"
          }
        }
      }
    },
    "transferIn": {
      "required": [
        "id",
        "amount"
      ],
      "properties": {
        "id": {
          "type": "string",
          "description": "Identifier of increment"
        },
        "href": {
          "type": "string"
        },
        "amount": {
          "type": "number",
          "description": "Amount"
        },
        "transferredFrom": {
          "type": "string",
          "description": "transfer provider reference list ot be looked up for transfer in"
        },
        "providerReference": {
          "type": "string",
          "description": "Reference of plan from external provider"
        },
        "transferDate": {
          "type": "string",
          "format": "date",
          "description": "transfer date (YYYY-MM-DD)"
        },
        "transferType": {
          "type": "string",
          "enum": [
            "Full",
            "Partial"
          ],
          "description": "full or partial transfer"
        },
        "blockTransferFlag": {
          "type": "boolean",
          "description": "payment being transferred as part of block transfer"
        },
        "pensionSharingOrderFlag": {
          "type": "boolean"
        },
        "valueCrystalisedFlag": {
          "type": "boolean"
        },
        "earMarkingOrderFlag": {
          "type": "boolean"
        },
        "definedBenefitOriginatedFlag": {
          "type": "boolean"
        }
      }
    },
    "transferInRequest": {
      "properties": {
        "amount": {
          "type": "number",
          "description": "Amount"
        },
        "transferredFrom": {
          "type": "string",
          "description": "transfer provider reference list ot be looked up for transfer in"
        },
        "transferDate": {
          "type": "string",
          "format": "date",
          "description": "transfer date (YYYY-MM-DD)"
        },
        "transferType": {
          "type": "string",
          "enum": [
            "Full",
            "Partial"
          ],
          "description": "full or partial transfer"
        },
        "blockTransferFlag": {
          "type": "boolean",
          "description": "payment being transferred as part of block transfer"
        },
        "pensionSharingOrderFlag": {
          "type": "boolean"
        },
        "valueCrystalisedFlag": {
          "type": "boolean"
        },
        "earMarkingOrderFlag": {
          "type": "boolean"
        },
        "definedBenefitOriginatedFlag": {
          "type": "boolean"
        }
      }
    },
    "beneficiaries": {
      "properties": {
        "_items": {
          "type": "array",
          "items": {
            "$ref": "#/definitions/beneficiary"
          }
        }
      }
    },
    "beneficiary": {
      "properties": {
        "id": {
          "type": "string",
          "description": "Identifier of beneficiary"
        },
        "href": {
          "type": "string"
        },
        "percentageAllocation": {
          "type": "number",
          "description": "Percentage of beneficiary"
        },
        "relationshipType": {
          "type": "string",
          "description": "the type of relationship"
        }
      }
    },
    "beneficiaryRequest": {
      "properties": {
        "percentageAllocation": {
          "type": "number",
          "description": "Percentage of beneficiary"
        },
        "relationshipType": {
          "type": "string",
          "description": "the type of relationship"
        }
      }
    },
    "metadata": {
      "properties": {
        "itemsCount": {
          "type": "number",
          "example": 102,
          "description": "Indicates the total number of items within the resource collection."
        },
        "retrievedAt": {
          "type": "string",
          "format": "date-time",
          "example": "2017-10-10T01:20:30",
          "description": "A date-time object indicating when the contents of the list were retrieved from the system of record. For a paged list this may be some time before the current page of information was requested. Clients may use this field to decide if they believe a refresh is necessary"
        },
        "sessionId": {
          "type": "string",
          "example": "P1234567890",
          "description": "The unique identifier of the paging session. Clients must pass this value when requesting pages of a cached list"
        },
        "pageNumber": {
          "type": "number",
          "example": 2,
          "description": "The current page number within the resource collection. The initial page is page 0"
        },
        "pageSize": {
          "type": "number",
          "example": 50,
          "description": "The size of each page that may be requested. This is specified by the client application when a paged list is created"
        },
        "pageMax": {
          "type": "number",
          "example": 2,
          "description": "The maximum page number that may be requested."
        }
      }
    },
    "errorResponse": {
      "type": "object",
      "required": [
        "errorId",
        "errorMsg",
        "errorCode",
        "errorType",
        "contextInfo"
      ],
      "properties": {
        "errorId": {
          "type": "string",
          "description": "Error ID.",
          "example": 123456789
        },
        "errorMsg": {
          "type": "string",
          "description": "Error Message",
          "example": "error"
        },
        "errorCode": {
          "type": "string",
          "description": "Error Message",
          "example": "TIB-NO-SUCH-PROPOSAL-xx1"
        },
        "errorType": {
          "type": "string",
          "description": "Type of error (Technical | Business)",
          "example": "Technical"
        },
        "contextInfo": {
          "type": "array",
          "items": {
            "$ref": "#/definitions/contextInfo"
          }
        }
      }
    },
    "contextInfo": {
      "type": "object",
      "required": [
        "name",
        "value"
      ],
      "properties": {
        "name": {
          "type": "string",
          "description": "name of the context attribute.",
          "example": "filename"
        },
        "value": {
          "type": "string",
          "description": "value of context attribute.",
          "example": "c:\\files\\file1.txt"
        }
      }
    }
  }
}