<?xml version="1.0" encoding="utf-8"?>
<configuration>
  <properties>
    <property name="//BT_PENSIONS_Quotes-service.module///services/BT_PENSIONS_Quotes/Quotes_v2/operations/modifyQuote">
      <environment name="DEFAULT" value="modifyQuote" />
    </property>
    <property name="//BT_PENSIONS_Quotes-service.module///services/BT_PENSIONS_Quotes/Quotes_v2/operations/findQuoteIncrements">
      <environment name="DEFAULT" value="findQuoteIncrements" />
    </property>
    <property name="//BT_PENSIONS_Quotes-service.module///services/BT_PENSIONS_Quotes/Quotes_v2/operations/getQuote">
      <environment name="DEFAULT" value="getQuote" />
    </property>
    <property name="//BT_PENSIONS_Quotes-service.module///services/BT_PENSIONS_Quotes/Quotes_v2/operations/findQuotes">
      <environment name="DEFAULT" value="findQuotes" />
    </property>
    <property name="//BT_PENSIONS_Quotes-service.module///services/BT_PENSIONS_Quotes/Quotes_v2/operations/getQuoteIncrement">
      <environment name="DEFAULT" value="getQuoteIncrement" />
    </property>
    <property name="//BT_PENSIONS_Quotes-service.module///services/BT_PENSIONS_Quotes/Quotes_v2/ftl/contentMatcher_findQuotes">
      <environment name="DEFAULT" value="{&quot;channel&quot;:&quot;bt_pensions_quotes_findQuote_v2&quot;}" />
    </property>
    <property name="//BT_PENSIONS_Quotes-service.module///services/BT_PENSIONS_Quotes/Quotes_v2/ftl/contentMatcher_getQuote">
      <environment name="DEFAULT" value="{&quot;channel&quot;:&quot;bt_pensions_quotes_getQuote_v2&quot;}" />
    </property>
    <property name="//BT_PENSIONS_Quotes-service.module///services/BT_PENSIONS_Quotes/Quotes_v2/ftl/contentMatcher_getQuoteIncrement">
      <environment name="DEFAULT" value="{&quot;channel&quot;:&quot;bt_pensions_quotes_getQuoteIncrement_v2&quot;}" />
    </property>
    <property name="//BT_PENSIONS_Quotes-service.module///services/BT_PENSIONS_Quotes/Quotes_v2/ftl/contentMatcher_findQuoteIncrements">
      <environment name="DEFAULT" value="{&quot;channel&quot;:&quot;bt_pensions_quotes_findQuoteIncrements_v2&quot;}" />
    </property>
    <property name="//BT_PENSIONS_Quotes-service.module///services/BT_PENSIONS_Quotes/Quotes_v2/ftl/contentMatcher_modifyQuote">
      <environment name="DEFAULT" value="{&quot;channel&quot;:&quot;bt_pensions_quotes_modifyQuote_v2&quot;}" />
    </property>
    <property name="//BT_PENSIONS_Quotes-service.module///services/BT_PENSIONS_Quotes/Quotes_v2/ftl/endpoint">
      <environment name="DEFAULT" value="SyncResponseDyn_ep" />
    </property>
    <property name="//BT_PENSIONS_Quotes-service.module///services/BT_PENSIONS_Quotes/Quotes_v2/ftl/ftlConnection">
      <environment name="DEFAULT" value="LIB.RESOURCE.FTL.FTL_v1.ftl.FTLRealmServerConnection" />
    </property>
    <property name="//BT_PENSIONS_Quotes-service.module///services/BT_PENSIONS_Quotes/Quotes_v2/ftl/format">
      <environment name="DEFAULT" value="CSF" />
    </property>
    <property name="//BT_PENSIONS_Quotes-service.module///services/BT_PENSIONS_Quotes/Quotes_v2/ftl/advanced/workerThreads">
      <environment name="DEFAULT" value="50%" />
    </property>
    <property name="//BT_PENSIONS_Quotes-service.module///services/BT_PENSIONS_Quotes/Quotes_v2/ftl/advanced/thread">
      <environment name="DEFAULT" value="1" />
    </property>
    <property name="//BT_PENSIONS_Quotes-service.module///services/BT_PENSIONS_Quotes/Quotes_v2/ftl/advanced/queueSize">
      <environment name="DEFAULT" value="-1" />
    </property>
    <property name="//BT_PENSIONS_Quotes-service.module///services/BT_PENSIONS_Quotes/Quotes_v2/ftl/advanced/durableName">
      <environment name="DEFAULT" value="" />
    </property>
    <property name="//BT_PENSIONS_Quotes-service.module///services/BT_PENSIONS_Quotes/Quotes_v2/ftl/advanced/subscriberName">
      <environment name="DEFAULT" value="" />
    </property>
    <property name="//BT_PENSIONS_Quotes-service.module///services/BT_PENSIONS_Quotes/Quotes_v2/ftl/advanced/durableNames/durable_findQuoteIncrements">
      <environment name="DEFAULT" value="bt_pensions_quotes_findQuoteIncrements_v2" />
    </property>
    <property name="//BT_PENSIONS_Quotes-service.module///services/BT_PENSIONS_Quotes/Quotes_v2/ftl/advanced/durableNames/durable_getQuoteIncrement">
      <environment name="DEFAULT" value="bt_pensions_quotes_getQuoteIncrement_v2" />
    </property>
    <property name="//BT_PENSIONS_Quotes-service.module///services/BT_PENSIONS_Quotes/Quotes_v2/ftl/advanced/durableNames/durable_getQuote">
      <environment name="DEFAULT" value="bt_pensions_quotes_getQuote_v2" />
    </property>
    <property name="//BT_PENSIONS_Quotes-service.module///services/BT_PENSIONS_Quotes/Quotes_v2/ftl/advanced/durableNames/durable_findQuotes">
      <environment name="DEFAULT" value="bt_pensions_quotes_findQuote_v2" />
    </property>
    <property name="//BT_PENSIONS_Quotes-service.module///services/BT_PENSIONS_Quotes/Quotes_v2/ftl/advanced/durableNames/durable_modifyQuote">
      <environment name="DEFAULT" value="bt_pensions_quotes_modifyQuote_v2" />
    </property>
    <property name="//BT_PENSIONS_Quotes-implement.module///services/BT_PENSIONS_Quotes/Quotes_v2/ftl/endpoint">
      <environment name="DEFAULT" value="SyncRequestDyn_ep" />
    </property>
    <property name="//BT_PENSIONS_Quotes-implement.module///services/BT_PENSIONS_Quotes/Quotes_v2/ftl/channel_findQuoteIncrements">
      <environment name="DEFAULT" value="tt_pensions_sms_quotes_findQuoteIncrements_v2" />
    </property>
    <property name="//BT_PENSIONS_Quotes-implement.module///services/BT_PENSIONS_Quotes/Quotes_v2/ftl/timeout">
      <environment name="DEFAULT" value="30000" />
    </property>
    <property name="//BT_PENSIONS_Quotes-implement.module///services/BT_PENSIONS_Quotes/Quotes_v2/ftl/channel_getQuote">
      <environment name="DEFAULT" value="tt_pensions_sms_quotes_getQuote_v2" />
    </property>
    <property name="//BT_PENSIONS_Quotes-implement.module///services/BT_PENSIONS_Quotes/Quotes_v2/ftl/channel_retrieveInvestmentChoice">
      <environment name="DEFAULT" value="tt_pensions_ics_investments_retrieveinvestmentchoice_v1" />
    </property>
    <property name="//BT_PENSIONS_Quotes-implement.module///services/BT_PENSIONS_Quotes/Quotes_v2/ftl/channel_findQuotes">
      <environment name="DEFAULT" value="tt_pensions_sms_quotes_findQuotes_v2" />
    </property>
    <property name="//BT_PENSIONS_Quotes-implement.module///services/BT_PENSIONS_Quotes/Quotes_v2/ftl/channel_findProducts">
      <environment name="DEFAULT" value="tt_pensions_sonata_products_findproducts_v1" />
    </property>
    <property name="//BT_PENSIONS_Quotes-implement.module///services/BT_PENSIONS_Quotes/Quotes_v2/ftl/channel_getQuoteIncrement">
      <environment name="DEFAULT" value="tt_pensions_sms_quotes_getQuoteIncrement_v2" />
    </property>
    <property name="//BT_PENSIONS_Quotes-implement.module///services/BT_PENSIONS_Quotes/Quotes_v2/ftl/channel_getPortfolio">
      <environment name="DEFAULT" value="tt_pensions_ics_investments_getportfolio_v1" />
    </property>
    <property name="//BT_PENSIONS_Quotes-implement.module///services/BT_PENSIONS_Quotes/Quotes_v2/ftl/channel_createEvent">
      <environment name="DEFAULT" value="tt_pensions_dyn_customers_createevent_v1" />
    </property>
    <property name="//BT_PENSIONS_Quotes-implement.module///services/BT_PENSIONS_Quotes/Quotes_v2/ftl/channel_modifyQuote">
      <environment name="DEFAULT" value="tt_pensions_sms_quotes_modifyQuote_v2" />
    </property>
    <property name="//BT_PENSIONS_Quotes-implement.module///services/BT_PENSIONS_Quotes/Quotes_v2/ftl/ftlConnection">
      <environment name="DEFAULT" value="LIB.RESOURCE.FTLCLIENT.FTLCLIENT_v1.ftl.ClientFTLRealmServerConnection" />
    </property>
    <property name="//BT_PENSIONS_Quotes-implement.module///services/BT_PENSIONS_Quotes/Quotes_v2/ftl/format">
      <environment name="DEFAULT" value="CSF" />
    </property>
    <property name="//BT_PENSIONS_Quotes-implement.module///services/BT_PENSIONS_Quotes/Quotes_v2/createEvent/description">
      <environment name="DEFAULT" value="Quote has been completed" />
    </property>
    <property name="//BT_PENSIONS_Quotes-implement.module///services/BT_PENSIONS_Quotes/Quotes_v2/createEvent/initiatedBy">
      <environment name="DEFAULT" value="" />
    </property>
    <property name="//BT_PENSIONS_Quotes-implement.module///services/BT_PENSIONS_Quotes/Quotes_v2/createEvent/externalEventType">
      <environment name="DEFAULT" value="QUO" />
    </property>
    <property name="//BT_PENSIONS_Quotes-implement.module///services/BT_PENSIONS_Quotes/Quotes_v2/createEvent/initiatorType">
      <environment name="DEFAULT" value="853790001" />
    </property>
    <property name="//BT_PENSIONS_Quotes-implement.module///services/BT_PENSIONS_Quotes/Quotes_v2/createEvent/eventSource">
      <environment name="DEFAULT" value="853790001" />
    </property>
    <property name="//BT_PENSIONS_Quotes-implement.module///services/BT_PENSIONS_Quotes/Quotes_v2/createEvent/eventName">
      <environment name="DEFAULT" value="Quote" />
    </property>
  </properties>
  <deployment>
    <appspace>
      <environment name="DEFAULT" value="RLG_AS_BT"/>
    </appspace>
    <uploadArchivePath>
      <environment name="DEFAULT" value="Quotes"/>
    </uploadArchivePath>
  </deployment>
</configuration>