﻿<?xml version="1.0" encoding="utf-8"?>
<configuration>
  <properties>
    <property name="//BT_PENSIONS_Advisers-service.module///services/BT_PENSIONS_Advisers/Advisers_v1/ftl/operation_getAdviser">
      <environment name="DEFAULT" value="GetAdviser" />
    </property>
    <property name="//BT_PENSIONS_Advisers-service.module///services/BT_PENSIONS_Advisers/Advisers_v1/ftl/format">
      <environment name="DEFAULT" value="CSF" />
    </property>
    <property name="//BT_PENSIONS_Advisers-service.module///services/BT_PENSIONS_Advisers/Advisers_v1/ftl/channel_getAdviser">
      <environment name="DEFAULT" value="{&quot;channel&quot;:&quot;bt_pensions_advisers_getadviser_v1&quot;}" />
    </property>
    <property name="//BT_PENSIONS_Advisers-service.module///services/BT_PENSIONS_Advisers/Advisers_v1/ftl/endpoint">
      <environment name="DEFAULT" value="SyncResponseDyn_ep" />
    </property>
    <property name="//BT_PENSIONS_Advisers-service.module///services/BT_PENSIONS_Advisers/Advisers_v1/ftl/advanced/queueSize">
      <environment name="DEFAULT" value="-1" />
    </property>
    <property name="//BT_PENSIONS_Advisers-service.module///services/BT_PENSIONS_Advisers/Advisers_v1/ftl/advanced/workerThreads">
      <environment name="DEFAULT" value="50%" />
    </property>
    <property name="//BT_PENSIONS_Advisers-service.module///services/BT_PENSIONS_Advisers/Advisers_v1/ftl/advanced/thread">
      <environment name="DEFAULT" value="1" />
    </property>
    <property name="//BT_PENSIONS_Advisers-service.module///services/BT_PENSIONS_Advisers/Advisers_v1/ftl/advanced/subscriberName">
      <environment name="DEFAULT" value="" />
    </property>
    <property name="//BT_PENSIONS_Advisers-service.module///services/BT_PENSIONS_Advisers/Advisers_v1/ftl/advanced/durableNames/durable_getAdviser">
      <environment name="DEFAULT" value="bt_pensions_advisers_getadviser_v1" />
    </property>
    <property name="//BT_PENSIONS_Advisers-implement.module///services/BT_PENSIONS_Advisers/Advisers_v1/channel_getAdviser">
      <environment name="DEFAULT" value="tt_pensions_ihub_advisers_getadviser_v1" />
    </property>
    <property name="//BT_PENSIONS_Advisers-implement.module///services/BT_PENSIONS_Advisers/Advisers_v1/ftlRequest/endpoint">
      <environment name="DEFAULT" value="SyncRequestDyn_ep" />
    </property>
    <property name="//BT_PENSIONS_Advisers-implement.module///services/BT_PENSIONS_Advisers/Advisers_v1/ftlRequest/format">
      <environment name="DEFAULT" value="CSF" />
    </property>
    <property name="//BT_PENSIONS_Advisers-implement.module///services/BT_PENSIONS_Advisers/Advisers_v1/ftlRequest/advanced/timeout">
      <environment name="DEFAULT" value="30000" />
    </property>
  </properties>
     <deployment>
    <appspace>
      <environment name="DEFAULT" value="RLG_AS_BT"/>
    </appspace>
	<uploadArchivePath>
      <environment name="DEFAULT" value="Advisers"/>
    </uploadArchivePath>
  </deployment>
</configuration>