{
  "swagger" : "2.0",
  "info" : {
    "version" : "1.0",
    "title" : "Summary about the new REST service.",
    "description" : "Summary about the new REST service."
  },
  "host" : "localhost:8080",
  "basePath" : "/",
  "schemes" : [ "http" ],
  "paths" : {
    "/secure/api/v2/customers" : {
      "post" : {
        "description" : "Create a cusomer",
        "operationId" : "post-secure-api-v2-customers",
        "consumes" : [ "application/json" ],
        "produces" : [ "application/json" ],
        "parameters" : [ {
          "name" : "body",
          "in" : "body",
          "description" : "",
          "schema" : {
            "$ref" : "#/definitions/createCustomerRequest"
          },
          "required" : true
        } ],
        "responses" : {
          "200" : {
            "description" : "a commonResponse to be returned",
            "schema" : {
              "$ref" : "#/definitions/commonResponse"
            }
          },
          "400" : {
            "description" : "The request was invalid or cannot be otherwise served.",
            "schema" : {
              "$ref" : "#/definitions/RESTException"
            }
          },
          "401" : {
            "description" : "Authentication credentials were missing or incorrect.",
            "schema" : {
              "$ref" : "#/definitions/RESTException"
            }
          },
          "404" : {
            "description" : "The URI requested is invalid or the resource requested does not exist.",
            "schema" : {
              "$ref" : "#/definitions/RESTException"
            }
          },
          "500" : {
            "description" : "A server error was encountered during a downstream call by the API.",
            "schema" : {
              "$ref" : "#/definitions/RESTException"
            }
          },
          "201" : {
            "description" : "Created",
            "schema" : {
              "type" : "string"
            }
          }
        }
      },
      "get" : {
        "description" : "Retrieve a list of customers",
        "operationId" : "get-secure-api-v2-customers",
        "consumes" : [ "application/json" ],
        "produces" : [ "application/json" ],
        "parameters" : [ {
          "name" : "pageReset",
          "in" : "query",
          "description" : "",
          "type" : "string",
          "required" : false
        }, {
          "name" : "firstName",
          "in" : "query",
          "description" : "",
          "type" : "string",
          "required" : false
        }, {
          "name" : "expand",
          "in" : "query",
          "description" : "",
          "type" : "string",
          "required" : false
        }, {
          "name" : "freeSearch",
          "in" : "query",
          "description" : "",
          "type" : "string",
          "required" : false
        }, {
          "name" : "surname",
          "in" : "query",
          "description" : "",
          "type" : "string",
          "required" : false
        }, {
          "name" : "sortOrder",
          "in" : "query",
          "description" : "",
          "type" : "string",
          "required" : false
        }, {
          "name" : "pageSize",
          "in" : "query",
          "description" : "",
          "type" : "integer",
          "format" : "int32",
          "required" : false
        }, {
          "name" : "niNumber",
          "in" : "query",
          "description" : "",
          "type" : "string",
          "required" : false
        }, {
          "name" : "sortBy",
          "in" : "query",
          "description" : "",
          "type" : "string",
          "required" : false
        }, {
          "name" : "page",
          "in" : "query",
          "description" : "",
          "type" : "integer",
          "format" : "int32",
          "required" : false
        }, {
          "name" : "sessionId",
          "in" : "query",
          "description" : "",
          "type" : "string",
          "required" : false
        } ],
        "responses" : {
          "200" : {
            "description" : "a customersListResponse to be returned",
            "schema" : {
              "$ref" : "#/definitions/customersListResponse"
            },
            "headers" : { }
          },
          "400" : {
            "description" : "The request was invalid or cannot be otherwise served.",
            "schema" : {
              "$ref" : "#/definitions/RESTException"
            }
          },
          "401" : {
            "description" : "Authentication credentials were missing or incorrect",
            "schema" : {
              "$ref" : "#/definitions/RESTException"
            }
          },
          "404" : {
            "description" : "The URI requested is invalid or the resource requested does not exist.",
            "schema" : {
              "$ref" : "#/definitions/RESTException"
            }
          },
          "500" : {
            "description" : "A server error was encountered during a downstream call by the API.",
            "schema" : {
              "$ref" : "#/definitions/RESTException"
            }
          }
        }
      }
    }
  },
  "definitions" : {
    "RESTException" : {
      "type" : "object",
      "properties" : { }
    },
    "commonResponse" : {
      "type" : "object",
      "properties" : {
        "id" : {
          "type" : "string"
        },
        "href" : {
          "type" : "string"
        }
      }
    },
    "customersListResponse" : {
      "type" : "object",
      "properties" : {
        "_items" : {
          "type" : "array",
          "items" : {
            "$ref" : "#/definitions/_items",
            "uniqueItems" : false
          }
        },
        "_metadata" : {
          "$ref" : "#/definitions/_metadata"
        }
      }
    },
    "createCustomerRequest" : {
      "type" : "object",
      "required" : [ "firstName", "surname", "paperlessCommunicationFlag", "allowMarketingFlag", "dateOfBirth", "maritalStatusType" ],
      "properties" : {
        "titleType" : {
          "type" : "string"
        },
        "retirementAge" : {
          "type" : "integer"
        },
        "retirementDate" : {
          "type" : "string",
          "format" : "date"
        },
        "paperlessCommunicationFlag" : {
          "type" : "boolean"
        },
        "policies" : {
          "type" : "array",
          "items" : {
            "$ref" : "#/definitions/policies",
            "uniqueItems" : false
          }
        },
        "niNumber" : {
          "type" : "string"
        },
        "dateOfBirth" : {
          "type" : "string",
          "format" : "date"
        },
        "maritalStatusType" : {
          "type" : "string"
        },
        "ageConfirmedFlag" : {
          "type" : "boolean"
        },
        "firstName" : {
          "type" : "string"
        },
        "surname" : {
          "type" : "string"
        },
        "allowMarketingFlag" : {
          "type" : "boolean"
        },
        "formerName" : {
          "type" : "string"
        },
        "educationalQualifications" : {
          "type" : "string"
        },
        "genderType" : {
          "type" : "string"
        }
      }
    },
    "policies" : {
      "type" : "object",
      "properties" : {
        "id" : {
          "type" : "string"
        }
      }
    },
    "_items" : {
      "type" : "object",
      "required" : [ "firstName", "surname", "dateOfBirth", "id", "href" ],
      "properties" : {
        "firstName" : {
          "type" : "string"
        },
        "titleType" : {
          "type" : "string"
        },
        "surname" : {
          "type" : "string"
        },
        "niNumber" : {
          "type" : "string"
        },
        "dateOfBirth" : {
          "type" : "string",
          "format" : "date"
        },
        "id" : {
          "type" : "string"
        },
        "href" : {
          "type" : "string"
        }
      }
    },
    "_metadata" : {
      "type" : "object",
      "properties" : {
        "pageNumber" : {
          "type" : "integer"
        },
        "retrievedAt" : {
          "type" : "string"
        },
        "pageSize" : {
          "type" : "integer"
        },
        "sessionId" : {
          "type" : "string"
        },
        "itemsCount" : {
          "type" : "integer"
        },
        "pageMax" : {
          "type" : "integer"
        }
      }
    }
  }
}