{
  "swagger" : "2.0",
  "info" : {
    "version" : "1.0",
    "title" : "Summary about the new REST service.",
    "description" : "Summary about the new REST service."
  },
  "host" : "localhost:8080",
  "basePath" : "/",
  "schemes" : [ "http" ],
  "paths" : {
    "/secure/api/v2/customers/{customerId}/contacts/{contactId}" : {
      "put" : {
        "description" : "Modify customer contact details",
        "operationId" : "put-secure-api-v2-customers-contacts",
        "consumes" : [ "application/json" ],
        "produces" : [ "application/json" ],
        "parameters" : [ {
          "name" : "body",
          "in" : "body",
          "description" : "",
          "schema" : {
            "$ref" : "#/definitions/contactRequest"
          },
          "required" : true
        }, {
          "name" : "contactId",
          "in" : "path",
          "description" : "",
          "type" : "string",
          "required" : true
        }, {
          "name" : "customerId",
          "in" : "path",
          "description" : "",
          "type" : "string",
          "required" : true
        } ],
        "responses" : {
          "400" : {
            "description" : "The request was invalid or cannot be otherwise served.",
            "schema" : {
              "$ref" : "#/definitions/RESTException"
            }
          },
          "401" : {
            "description" : "Authentication credentials were missing or incorrect.",
            "schema" : {
              "$ref" : "#/definitions/RESTException"
            }
          },
          "404" : {
            "description" : "The URI requested is invalid or the resource requested does not exist.",
            "schema" : {
              "$ref" : "#/definitions/RESTException"
            }
          },
          "500" : {
            "description" : "A server error was encountered during a downstream call by the API.",
            "schema" : {
              "$ref" : "#/definitions/RESTException"
            }
          },
          "204" : {
            "description" : "No Content",
            "schema" : {
              "type" : "string"
            }
          },
          "200" : {
            "description" : "OK"
          }
        }
      }
    }
  },
  "definitions" : {
    "RESTException" : {
      "type" : "object",
      "properties" : { }
    },
    "address" : {
      "type" : "object",
      "required" : [ "addressType", "postcode", "addressLine1", "countryType", "cityOrTown" ],
      "properties" : {
        "addressType" : {
          "type" : "string"
        },
        "postcode" : {
          "type" : "string"
        },
        "addressLine1" : {
          "type" : "string"
        },
        "addressLine2" : {
          "type" : "string"
        },
        "addressLine3" : {
          "type" : "string"
        },
        "countryType" : {
          "type" : "string"
        },
        "cityOrTown" : {
          "type" : "string"
        }
      }
    },
    "contactRequest" : {
      "type" : "object",
      "properties" : {
        "address" : {
          "$ref" : "#/definitions/address"
        },
        "contactValue" : {
          "type" : "string"
        },
        "contactType" : {
          "type" : "string"
        }
      }
    }
  }
}