{
  "swagger" : "2.0",
  "info" : {
    "version" : "1.0",
    "title" : "Retrieve details of authorised third parties",
    "description" : "Retrieve details of authorised third parties"
  },
  "host" : "localhost:8080",
  "basePath" : "/",
  "schemes" : [ "http" ],
  "paths" : {
    "/secure/api/v2/customers/{customerId}/authorisedThirdParties" : {
      "get" : {
        "description" : "Retrieve details of authorised third parties",
        "operationId" : "get-secure-api-v2-customers-authorisedThirdParties",
        "consumes" : [ "application/json" ],
        "produces" : [ "application/json" ],
        "parameters" : [ {
          "name" : "customerId",
          "in" : "path",
          "description" : "",
          "type" : "string",
          "required" : true
        } ],
        "responses" : {
          "200" : {
            "description" : "a customerAuthorisedThirdParties to be returned",
            "schema" : {
              "$ref" : "#/definitions/customerAuthorisedThirdParties"
            },
            "headers" : { }
          },
          "400" : {
            "description" : "The request was invalid or cannot be otherwise served.",
            "schema" : {
              "$ref" : "#/definitions/RESTException"
            }
          },
          "401" : {
            "description" : "Authentication credentials were missing or incorrect.",
            "schema" : {
              "$ref" : "#/definitions/RESTException"
            }
          },
          "500" : {
            "description" : "A server error was encountered during a downstream call by the API.",
            "schema" : {
              "$ref" : "#/definitions/RESTException"
            }
          }
        }
      }
    }
  },
  "definitions" : {
    "RESTException" : {
      "type" : "object",
      "properties" : { }
    },
    "address" : {
      "type" : "object",
      "required" : [ "addressType", "postcode", "addressLine1", "countryType", "cityOrTown" ],
      "properties" : {
        "addressType" : {
          "type" : "string"
        },
        "postcode" : {
          "type" : "string"
        },
        "addressLine1" : {
          "type" : "string"
        },
        "addressLine2" : {
          "type" : "string"
        },
        "addressLine3" : {
          "type" : "string"
        },
        "countryType" : {
          "type" : "string"
        },
        "cityOrTown" : {
          "type" : "string"
        }
      }
    },
    "customerAuthorisedThirdParties" : {
      "type" : "object",
      "properties" : {
        "earmarkingOrderFlag" : {
          "type" : "boolean"
        },
        "_items" : {
          "type" : "array",
          "items" : {
            "$ref" : "#/definitions/_items",
            "uniqueItems" : false
          }
        }
      }
    },
    "_items" : {
      "type" : "object",
      "properties" : {
        "firstName" : {
          "type" : "string"
        },
        "address" : {
          "$ref" : "#/definitions/address"
        },
        "thirdPartyType" : {
          "type" : "string"
        },
        "surname" : {
          "type" : "string"
        }
      }
    }
  }
}