{
  "swagger" : "2.0",
  "info" : {
    "version" : "1.0",
    "title" : "Summary about the new REST service.",
    "description" : "Summary about the new REST service."
  },
  "host" : "localhost:8080",
  "basePath" : "/",
  "schemes" : [ "http" ],
  "paths" : {
    "/secure/api/v2/customers/{customerId}" : {
      "get" : {
        "description" : "Retrieve customer details",
        "operationId" : "get-secure-api-v2-customers",
        "consumes" : [ "application/json" ],
        "produces" : [ "application/json" ],
        "parameters" : [ {
          "name" : "customerId",
          "in" : "path",
          "description" : "",
          "type" : "string",
          "required" : true
        } ],
        "responses" : {
          "200" : {
            "description" : "a customerDetails to be returned",
            "schema" : {
              "$ref" : "#/definitions/customerDetails"
            },
            "headers" : { }
          },
          "400" : {
            "description" : "The request was invalid or cannot be otherwise served.",
            "schema" : {
              "$ref" : "#/definitions/RESTException"
            }
          },
          "401" : {
            "description" : "Authentication credentials were missing or incorrect.",
            "schema" : {
              "$ref" : "#/definitions/RESTException"
            }
          },
          "404" : {
            "description" : "The URI requested is invalid or the resource requested does not exist.",
            "schema" : {
              "$ref" : "#/definitions/RESTException"
            }
          },
          "500" : {
            "description" : "A server error was encountered during a downstream call by the API.",
            "schema" : {
              "$ref" : "#/definitions/RESTException"
            }
          }
        }
      },
      "put" : {
        "description" : "Modify customer details",
        "operationId" : "put-secure-api-v2-customers",
        "consumes" : [ "application/json" ],
        "produces" : [ "application/json" ],
        "parameters" : [ {
          "name" : "body",
          "in" : "body",
          "description" : "",
          "schema" : {
            "$ref" : "#/definitions/updateCustomerRequest"
          },
          "required" : true
        }, {
          "name" : "customerId",
          "in" : "path",
          "description" : "",
          "type" : "string",
          "required" : true
        } ],
        "responses" : {
          "400" : {
            "description" : "The request was invalid or cannot be otherwise served.",
            "schema" : {
              "$ref" : "#/definitions/RESTException"
            }
          },
          "401" : {
            "description" : "Authentication credentials were missing or incorrect.",
            "schema" : {
              "$ref" : "#/definitions/RESTException"
            }
          },
          "404" : {
            "description" : "The URI requested is invalid or the resource requested does not exist.",
            "schema" : {
              "$ref" : "#/definitions/RESTException"
            }
          },
          "500" : {
            "description" : "A server error was encountered during a downstream call by the API.",
            "schema" : {
              "$ref" : "#/definitions/RESTException"
            }
          },
          "204" : {
            "description" : "No Content",
            "schema" : {
              "type" : "string"
            }
          },
          "200" : {
            "description" : "OK"
          }
        }
      },
      "patch" : {
        "description" : "Update customer details",
        "operationId" : "patch-secure-api-v2-customers",
        "consumes" : [ "application/json" ],
        "produces" : [ "application/json" ],
        "parameters" : [ {
          "name" : "body",
          "in" : "body",
          "description" : "",
          "schema" : {
            "$ref" : "#/definitions/updateCustomerRequest"
          },
          "required" : true
        }, {
          "name" : "customerId",
          "in" : "path",
          "description" : "",
          "type" : "string",
          "required" : true
        } ],
        "responses" : {
          "400" : {
            "description" : "The request was invalid or cannot be otherwise served.",
            "schema" : {
              "$ref" : "#/definitions/RESTException"
            }
          },
          "401" : {
            "description" : "Authentication credentials were missing or incorrect.",
            "schema" : {
              "$ref" : "#/definitions/RESTException"
            }
          },
          "404" : {
            "description" : "The URI requested is invalid or the resource requested does not exist.",
            "schema" : {
              "$ref" : "#/definitions/RESTException"
            }
          },
          "500" : {
            "description" : "A server error was encountered during a downstream call by the API.",
            "schema" : {
              "$ref" : "#/definitions/RESTException"
            }
          },
          "204" : {
            "description" : "No Content",
            "schema" : {
              "type" : "string"
            }
          },
          "200" : {
            "description" : "OK"
          }
        }
      }
    }
  },
  "definitions" : {
    "RESTException" : {
      "type" : "object",
      "properties" : { }
    },
    "updateCustomerRequest" : {
      "type" : "object",
      "properties" : {
        "titleType" : {
          "type" : "string"
        },
        "retirementAge" : {
          "type" : "integer"
        },
        "retirementDate" : {
          "type" : "string",
          "format" : "date"
        },
        "paperlessCommunicationFlag" : {
          "type" : "boolean"
        },
        "niNumber" : {
          "type" : "string"
        },
        "allowMarketingFlag" : {
          "type" : "boolean"
        },
        "maritalStatusType" : {
          "type" : "string"
        },
        "ageConfirmedFlag" : {
          "type" : "boolean"
        },
        "formerName" : {
          "type" : "string"
        },
        "educationalQualifications" : {
          "type" : "string"
        },
        "genderType" : {
          "type" : "string"
        }
      }
    },
    "policies" : {
      "type" : "object",
      "properties" : {
        "sourceType" : {
          "type" : "string"
        },
        "adviserId" : {
          "type" : "string"
        },
        "id" : {
          "type" : "string"
        },
        "href" : {
          "type" : "string"
        },
        "productName" : {
          "type" : "string"
        }
      }
    },
    "customerDetails" : {
      "type" : "object",
      "required" : [ "firstName", "surname", "paperlessCommunicationFlag", "allowMarketingFlag", "dateOfBirth", "maritalStatusType", "id", "href" ],
      "properties" : {
        "titleType" : {
          "type" : "string"
        },
        "retirementAge" : {
          "type" : "integer"
        },
        "primaryAddressFlag" : {
          "type" : "boolean"
        },
        "retirementDate" : {
          "type" : "string",
          "format" : "date"
        },
        "paperlessCommunicationFlag" : {
          "type" : "boolean"
        },
        "policies" : {
          "type" : "array",
          "items" : {
            "$ref" : "#/definitions/policies",
            "uniqueItems" : false
          }
        },
        "niNumber" : {
          "type" : "string"
        },
        "dateOfBirth" : {
          "type" : "string",
          "format" : "date"
        },
        "maritalStatusType" : {
          "type" : "string"
        },
        "joiningDate" : {
          "type" : "string",
          "format" : "date"
        },
        "ageConfirmedFlag" : {
          "type" : "boolean"
        },
        "firstName" : {
          "type" : "string"
        },
        "surname" : {
          "type" : "string"
        },
        "allowMarketingFlag" : {
          "type" : "boolean"
        },
        "id" : {
          "type" : "string"
        },
        "href" : {
          "type" : "string"
        },
        "formerName" : {
          "type" : "string"
        },
        "educationalQualifications" : {
          "type" : "string"
        },
        "genderType" : {
          "type" : "string"
        }
      }
    }
  }
}