<?xml version="1.0" encoding="utf-8"?>
<configuration>
  <properties>
    <property name="//PT_PENSIONS_Customers-service.module///services/PT_PENSIONS_Customers/Customers/hrefBaseURI">
      <environment name="DEFAULT" value="/secure/api/v2/customers/" />
    </property>
    <property name="//PT_PENSIONS_Customers-service.module///services/PT_PENSIONS_Customers/Customers/href_contact">
      <environment name="DEFAULT" value="/contacts/" />
    </property>
    <property name="//PT_PENSIONS_Customers-service.module///services/PT_PENSIONS_Customers/Customers/href_policy">
      <environment name="DEFAULT" value="/policies/" />
    </property>
    <property name="//PT_PENSIONS_Customers-service.module///services/PT_PENSIONS_Customers/Customers/operations/modifyCustomerContacts">
      <environment name="DEFAULT" value="ModifyCustomerContacts" />
    </property>
    <property name="//PT_PENSIONS_Customers-service.module///services/PT_PENSIONS_Customers/Customers/operations/modifyCustomer">
      <environment name="DEFAULT" value="ModifyCustomer" />
    </property>
    <property name="//PT_PENSIONS_Customers-service.module///services/PT_PENSIONS_Customers/Customers/operations/findCorrespondence">
      <environment name="DEFAULT" value="FindCorrespondence" />
    </property>
    <property name="//PT_PENSIONS_Customers-service.module///services/PT_PENSIONS_Customers/Customers/operations/getCustomer">
      <environment name="DEFAULT" value="GetCustomer" />
    </property>
    <property name="//PT_PENSIONS_Customers-service.module///services/PT_PENSIONS_Customers/Customers/operations/createCustomerContacts">
      <environment name="DEFAULT" value="CreateCustomerContacts" />
    </property>
    <property name="//PT_PENSIONS_Customers-service.module///services/PT_PENSIONS_Customers/Customers/operations/updateCustomer">
      <environment name="DEFAULT" value="UpdateCustomer" />
    </property>
    <property name="//PT_PENSIONS_Customers-service.module///services/PT_PENSIONS_Customers/Customers/operations/createCustomer">
      <environment name="DEFAULT" value="CreateCustomer" />
    </property>
    <property name="//PT_PENSIONS_Customers-service.module///services/PT_PENSIONS_Customers/Customers/operations/findAuthorizedThirdParties">
      <environment name="DEFAULT" value="FindAuthorizedThirdParties" />
    </property>
    <property name="//PT_PENSIONS_Customers-service.module///services/PT_PENSIONS_Customers/Customers/operations/findCustomerContacts">
      <environment name="DEFAULT" value="FindCustomerContacts" />
    </property>
    <property name="//PT_PENSIONS_Customers-service.module///services/PT_PENSIONS_Customers/Customers/operations/findCustomers">
      <environment name="DEFAULT" value="FindCustomers" />
    </property>
    <property name="//PT_PENSIONS_Customers-service.module///services/PT_PENSIONS_Customers/Customers/error/restStatusCode">
      <environment name="DEFAULT" value="400" />
    </property>
    <property name="//PT_PENSIONS_Customers-service.module///services/PT_PENSIONS_Customers/Customers/error/mandatoryMissing">
      <environment name="DEFAULT" value="Mandatory fields are missing" />
    </property>
    <property name="//PT_PENSIONS_Customers-service.module///services/PT_PENSIONS_Customers/Customers/error/errorCode">
      <environment name="DEFAULT" value="TIB-Invalid-Input-Format-101" />
    </property>
    <property name="//PT_PENSIONS_Customers-service.module///services/PT_PENSIONS_Customers/Customers/error/errorType">
      <environment name="DEFAULT" value="BUSINESS" />
    </property>
    <property name="//PT_PENSIONS_Customers-service.module///services/PT_PENSIONS_Customers/Customers/error/destinationName">
      <environment name="DEFAULT" value="CRM" />
    </property>
    <property name="//PT_PENSIONS_Customers-service.module///services/PT_PENSIONS_Customers/Customers/error/responseValue">
      <environment name="DEFAULT" value="ResponseValue" />
    </property>
    <property name="//LIB_RESOURCE_HTTP-implement.module///resources/LIB_RESOURCE_HTTP/HTTP_v1/httpConnectorResource/port">
      <environment name="DEFAULT" value="~TIBVAL_HTTP_port~" />
    </property>
    <property name="//LIB_RESOURCE_HTTP-implement.module///resources/LIB_RESOURCE_HTTP/HTTP_v1/httpConnectorResource/host">
      <environment name="DEFAULT" value="~TIBVAL_HTTP_host~" />
    </property>
    <property name="//PT_PENSIONS_Customers-implement.module///services/PT_PENSIONS_Customers/Customers/ftlRequest/format">
      <environment name="DEFAULT" value="CSF" />
    </property>
    <property name="//PT_PENSIONS_Customers-implement.module///services/PT_PENSIONS_Customers/Customers/ftlRequest/channel_updateCustomer">
      <environment name="DEFAULT" value="bt_pensions_customers_updatecustomer_v2" />
    </property>
    <property name="//PT_PENSIONS_Customers-implement.module///services/PT_PENSIONS_Customers/Customers/ftlRequest/channel_retrieveCustomers">
      <environment name="DEFAULT" value="bt_pensions_customers_findcustomers_v2" />
    </property>
    <property name="//PT_PENSIONS_Customers-implement.module///services/PT_PENSIONS_Customers/Customers/ftlRequest/channel_modifyCustContact">
      <environment name="DEFAULT" value="bt_pensions_customers_modifycustomercontacts_v2" />
    </property>
    <property name="//PT_PENSIONS_Customers-implement.module///services/PT_PENSIONS_Customers/Customers/ftlRequest/formatName">
      <environment name="DEFAULT" value="" />
    </property>
    <property name="//PT_PENSIONS_Customers-implement.module///services/PT_PENSIONS_Customers/Customers/ftlRequest/channel_retrieveCustContacts">
      <environment name="DEFAULT" value="bt_pensions_customers_findcustomercontacts_v2" />
    </property>
    <property name="//PT_PENSIONS_Customers-implement.module///services/PT_PENSIONS_Customers/Customers/ftlRequest/channel_modifyCustomer">
      <environment name="DEFAULT" value="bt_pensions_customers_modifycustomer_v2" />
    </property>
    <property name="//PT_PENSIONS_Customers-implement.module///services/PT_PENSIONS_Customers/Customers/ftlRequest/channel_findCorrespondence">
      <environment name="DEFAULT" value="bt_pensions_customers_findcorrespondence_v2" />
    </property>
    <property name="//PT_PENSIONS_Customers-implement.module///services/PT_PENSIONS_Customers/Customers/ftlRequest/channel_findAuthorizedThirdParties">
      <environment name="DEFAULT" value="bt_pensions_customers_findauthorizedthirdparties_v2" />
    </property>
    <property name="//PT_PENSIONS_Customers-implement.module///services/PT_PENSIONS_Customers/Customers/ftlRequest/channel_createCustomer">
      <environment name="DEFAULT" value="bt_pensions_customers_createcustomer_v2" />
    </property>
    <property name="//PT_PENSIONS_Customers-implement.module///services/PT_PENSIONS_Customers/Customers/ftlRequest/channel_retrieveCustomer">
      <environment name="DEFAULT" value="bt_pensions_customers_getcustomer_v2" />
    </property>
    <property name="//PT_PENSIONS_Customers-implement.module///services/PT_PENSIONS_Customers/Customers/ftlRequest/endpoint">
      <environment name="DEFAULT" value="SyncRequestDyn_ep" />
    </property>
    <property name="//PT_PENSIONS_Customers-implement.module///services/PT_PENSIONS_Customers/Customers/ftlRequest/channel_createCustContact">
      <environment name="DEFAULT" value="bt_pensions_customers_createcustomercontacts_v2" />
    </property>
    <property name="//PT_PENSIONS_Customers-implement.module///services/PT_PENSIONS_Customers/Customers/ftlRequest/advanced/activityTimeout">
      <environment name="DEFAULT" value="60000" />
    </property>
  </properties>
  <deployment>
	<appspace>
	  <environment name="DEFAULT" value="RLG_AS_PT"/>
	</appspace>
	<uploadArchivePath>
		<environment name="DEFAULT" value="Customers"/>
    </uploadArchivePath>
  </deployment>
</configuration>