{
  "swagger": "2.0",
  "info": {
    "title": "Create Access Token API",
    "version": "1.0"
  },
  "host": "www.test.com",
  "basePath": "/v2",
  "schemes": [
    "https"
  ],
  "securityDefinitions" : {
    "basicAuth" : {
      "type" : "basic"
    }
  },
  "paths": {
    "/json-rpc": {
      "post": {
        "summary": "Create an Access Token",
        "description": "Create an Access Token",
        "parameters": [
          {
            "name": "body",
            "in": "body",
            "schema": {
              "$ref": "#/definitions/PostParameters"
            },
            "required": true
          }
        ],
        "responses": {
          "200": {
            "description": "request success",
            "schema": {
              "$ref": "#/definitions/SimpleResponse"
            }
          }
        },
        "security": [
          {
            "basicAuth" : []
          }
        ]
      }
    }
  },
  "definitions": {
    "PostParameters": {
      "type": "object",
      "required": [ "id", "jsonrpc", "method", "params" ],
      "properties": {
        "jsonrpc": {
          "type": "string"
        },
        "method": {
          "type": "string"
        },
        "params": {
          "type": "object",
          "required": [ "client", "service_key", "token_data", "uri" ],
          "properties": {
            "service_key": {
              "type": "string"
            },
            "client": {
              "$ref": "#/definitions/ClientRequest"
            },
            "token_data": {
              "$ref": "#/definitions/TokenDataRequest"
            },
            "uri": {
              "$ref": "#/definitions/UriRequest"
            },
            "user_context": {
              "type": "string"
            }
          }
        },
        "id": {
          "type": "integer"
        }
      }
    },
   "SimpleResponse": {
      "type": "object",
      "properties": {
        "jsonrpc": {
          "type": "string"
        },
        "result": {
          "$ref": "#/definitions/Result"
        },
        "error": {
          "$ref": "#/definitions/OAuthError"
        },
        "id": {
          "type": "integer"
        }
      }
    },
    "ClientRequest": {
      "type": "object",
      "properties": {
        "client_id": {
          "type": "string"
        },
        "client_secret": {
          "type": "string"
        }
      }
    },
    "TokenDataRequest": {
      "type": "object",
      "required": [ "grant_type" ],
      "properties": {
        "grant_type": {
          "type": "string"
        },
        "scope": {
          "type": "string"
        },
        "code": {
          "type": "string"
        },
        "response_type": {
          "type": "string"
        },
        "refresh_token": {
          "type": "string"
        },
        "access_token": {
          "type": "string"
        }
      }
    },
    "UriRequest": {
      "type": "object",
      "required": [ "redirect_uri" ],
      "properties": {
        "redirect_uri": {
          "type": "string"
        },
        "state": {
          "type": "string"
        }
      }
    },
    "Result": {
      "type": "object",
      "required": [ "access_token" ],
      "properties": {
        "return_type": {
          "type": "string"
        },
        "access_token": {
          "type": "string"
        },
        "token_type": {
          "type": "string"
        },
        "expires_in": {
          "type": "integer"
        },
        "refresh_token": {
          "type": "string"
        },
        "scope": {
          "type": "string"
        },
        "state": {
          "type": "string"
        },
        "user_context": {
          "type": "string"
        },
        "uri": {
          "type": "string"
        },
        "extended": {
          "$ref": "#/definitions/ExtendedResult"
        }
      }
    },
    "ExtendedResult": {
      "type": "object",
      "properties": {
        "secret": {
          "type": "string"
        },
        "algorithm": {
          "type": "string"
        }
      }
    },
    "OAuthError": {
      "type": "object",
      "properties": {
        "error": {
          "type": "integer"
        },
        "code": {
          "type": "integer"
        },
        "error_description": {
          "type": "string"  
        },
        "message": {
          "type": "string"  
        },
        "error_response": {
          "type": "array",
          "items" : {
            "$ref" : "#/definitions/OAuthErrorResponse"
          }
        },
        "data": {
          "$ref" : "#/definitions/OAuthErrorDataResponse"
        }
      }
    },
    "OAuthErrorResponse": {
      "type": "object",
      "required": [ "redirect", "response", "type" ],
      "properties": {
        "redirect": {
          "type": "boolean"
        },
        "response": {
          "type": "string"
        },
        "type": {
          "type": "string"
        }
      }
    },
    "OAuthErrorDataResponse": {
      "type": "object",
      "properties": {
        "error": {
          "type": "string"
        },
        "error_description": {
          "type": "string"
        }
      }
    }
  }
}