﻿<?xml version="1.0" encoding="utf-8"?>
<configuration>
  <properties>
    <property name="//BT_PENSIONS_DYN_UpdateCustomerAddress_v1-implement.module///services/BT_PENSIONS_Dynamics_UpdateCustomerAddress/UpdateCustomerAddress_v1/ftlRequest/format">
      <environment name="DEFAULT" value="CSF" />
    </property>
    <property name="//BT_PENSIONS_DYN_UpdateCustomerAddress_v1-implement.module///services/BT_PENSIONS_Dynamics_UpdateCustomerAddress/UpdateCustomerAddress_v1/ftlRequest/channel_getCustomer">
      <environment name="DEFAULT" value="tt_pensions_dyn_customermgmt_getcustomeraddress_v1" />
    </property>
    <property name="//BT_PENSIONS_DYN_UpdateCustomerAddress_v1-implement.module///services/BT_PENSIONS_Dynamics_UpdateCustomerAddress/UpdateCustomerAddress_v1/ftlRequest/channel">
      <environment name="DEFAULT" value="{&quot;channel&quot;:&quot;bt_pensions_dynamics_updatecustomeraddress_v1&quot;}" />
    </property>
    <property name="//BT_PENSIONS_DYN_UpdateCustomerAddress_v1-implement.module///services/BT_PENSIONS_Dynamics_UpdateCustomerAddress/UpdateCustomerAddress_v1/ftlRequest/channel_updateClient">
      <environment name="DEFAULT" value="tt_pensions_sonata_clientmgmt_updateclientaddress_v1" />
    </property>
    <property name="//BT_PENSIONS_DYN_UpdateCustomerAddress_v1-implement.module///services/BT_PENSIONS_Dynamics_UpdateCustomerAddress/UpdateCustomerAddress_v1/ftlRequest/endpoint">
      <environment name="DEFAULT" value="SyncRequestDyn_ep" />
    </property>
    <property name="//BT_PENSIONS_DYN_UpdateCustomerAddress_v1-implement.module///services/BT_PENSIONS_Dynamics_UpdateCustomerAddress/UpdateCustomerAddress_v1/ftlRequest/channel_getClient">
      <environment name="DEFAULT" value="tt_pensions_sonata_clientmgmt_getclient_v1" />
    </property>
    <property name="//BT_PENSIONS_DYN_UpdateCustomerAddress_v1-implement.module///services/BT_PENSIONS_Dynamics_UpdateCustomerAddress/UpdateCustomerAddress_v1/ftlRequest/formatName">
      <environment name="DEFAULT" value="" />
    </property>
    <property name="//BT_PENSIONS_DYN_UpdateCustomerAddress_v1-implement.module///services/BT_PENSIONS_Dynamics_UpdateCustomerAddress/UpdateCustomerAddress_v1/ftlRequest/advanced/activityTimeout">
      <environment name="DEFAULT" value="30000" />
    </property>
    <property name="//BT_PENSIONS_DYN_UpdateCustomerAddress_v1-service.module///services/BT_PENSIONS_Dynamics_UpdateCustomerAddress/UpdateCustomerAddress_v1/ftl/channel">
      <environment name="DEFAULT" value="{&quot;channel&quot;:&quot;bt_pensions_dynamics_updatecustomeraddress_v1&quot;}" />
    </property>
    <property name="//BT_PENSIONS_DYN_UpdateCustomerAddress_v1-service.module///services/BT_PENSIONS_Dynamics_UpdateCustomerAddress/UpdateCustomerAddress_v1/ftl/endpoint">
      <environment name="DEFAULT" value="SyncResponse_ep" />
    </property>
    <property name="//BT_PENSIONS_DYN_UpdateCustomerAddress_v1-service.module///services/BT_PENSIONS_Dynamics_UpdateCustomerAddress/UpdateCustomerAddress_v1/ftl/subscriberName">
      <environment name="DEFAULT" value="" />
    </property>
    <property name="//BT_PENSIONS_DYN_UpdateCustomerAddress_v1-service.module///services/BT_PENSIONS_Dynamics_UpdateCustomerAddress/UpdateCustomerAddress_v1/ftl/advanced/workerThreads">
      <environment name="DEFAULT" value="50%" />
    </property>
    <property name="//BT_PENSIONS_DYN_UpdateCustomerAddress_v1-service.module///services/BT_PENSIONS_Dynamics_UpdateCustomerAddress/UpdateCustomerAddress_v1/ftl/advanced/ftlQueueDispatcherThreads">
      <environment name="DEFAULT" value="1" />
    </property>
    <property name="//BT_PENSIONS_DYN_UpdateCustomerAddress_v1-service.module///services/BT_PENSIONS_Dynamics_UpdateCustomerAddress/UpdateCustomerAddress_v1/ftl/advanced/ftlQueueSize">
      <environment name="DEFAULT" value="-1" />
    </property>
    <property name="//BT_PENSIONS_DYN_UpdateCustomerAddress_v1-service.module///services/BT_PENSIONS_Dynamics_UpdateCustomerAddress/UpdateCustomerAddress_v1/ftl/advanced/durableName">
      <environment name="DEFAULT" value="bt_pensions_dynamics_updatecustomeraddress_v1" />
    </property>
    <property name="//BT_PENSIONS_DYN_UpdateCustomerAddress_v1-service.module///services/BT_PENSIONS_Dynamics_UpdateCustomerAddress/UpdateCustomerAddress_v1/operations/operationName">
      <environment name="DEFAULT" value="UpdateCustomerAddress" />
    </property>
  </properties>
  <deployment>
    <appspace>
      <environment name="DEFAULT" value="RLG_AS_BT"/>
    </appspace>
	<uploadArchivePath>
      <environment name="DEFAULT" value="AddressPropagation"/>
    </uploadArchivePath>
  </deployment>
</configuration>