<configuration>
  <properties>
    <property name="//TT_OAUTH_Mashery-implement.module///services/TT_OAUTH_Mashery/Mashery_v1/createAccessToken/redirectUri">
      <environment name="DEFAULT" value="https://client.example.com/c"/>
    </property>
    <property name="//TT_OAUTH_Mashery-implement.module///services/TT_OAUTH_Mashery/Mashery_v1/createAccessToken/method">
      <environment name="DEFAULT" value="oauth2.createAccessToken"/>
    </property>
    <property name="//TT_OAUTH_Mashery-implement.module///services/TT_OAUTH_Mashery/Mashery_v1/createAccessToken/grantType">
      <environment name="DEFAULT" value="client_credentials"/>
    </property>
    <property name="//TT_OAUTH_Mashery-implement.module///services/TT_OAUTH_Mashery/Mashery_v1/createAccessToken/activityTimeoutSeconds">
      <environment name="DEFAULT" value="5"/>
    </property>
    <property name="//TT_OAUTH_Mashery-implement.module///services/TT_OAUTH_Mashery/Mashery_v1/createAccessToken/serviceKey">
      <environment name="DEFAULT" value="957bz2rgzjcamc5b3mpdnrgk"/>
    </property>
    <property name="//TT_OAUTH_Mashery-implement.module///services/TT_OAUTH_Mashery/Mashery_v1/createAccessToken/clientId">
      <environment name="DEFAULT" value="8qbjzru6zuszk6xx6mz5nvq6"/>
    </property>
    <property name="//TT_OAUTH_Mashery-implement.module///services/TT_OAUTH_Mashery/Mashery_v1/createAccessToken/clientSecret">
      <environment name="DEFAULT" value="JbbAHbWY2C"/>
    </property>
    <property name="//TT_OAUTH_Mashery-implement.module///services/TT_OAUTH_Mashery/Mashery_v1/jsonrpc/id">
      <environment name="DEFAULT" value="1"/>
    </property>
    <property name="//TT_OAUTH_Mashery-implement.module///services/TT_OAUTH_Mashery/Mashery_v1/jsonrpc/version">
      <environment name="DEFAULT" value="2.0"/>
    </property>
    <property name="//TT_OAUTH_Mashery-implement.module///resources/TT_OAUTH_Mashery/Mashery_v1/masheryHttpClient/defaultPort">
      <environment name="DEFAULT" value="8083"/>
    </property>
    <property name="//TT_OAUTH_Mashery-implement.module///resources/TT_OAUTH_Mashery/Mashery_v1/masheryHttpClient/disableConnectionPooling">
      <environment name="DEFAULT" value="false"/>
    </property>
    <property name="//TT_OAUTH_Mashery-implement.module///resources/TT_OAUTH_Mashery/Mashery_v1/masheryHttpClient/idleConnectionTimeoutMs">
      <environment name="DEFAULT" value="3000"/>
    </property>
    <property name="//TT_OAUTH_Mashery-implement.module///resources/TT_OAUTH_Mashery/Mashery_v1/masheryHttpClient/maximumTotalConnections">
      <environment name="DEFAULT" value="200"/>
    </property>
    <property name="//TT_OAUTH_Mashery-implement.module///resources/TT_OAUTH_Mashery/Mashery_v1/masheryHttpClient/maximumTotalConnectionsPerHostRoute">
      <environment name="DEFAULT" value="20"/>
    </property>
    <property name="//TT_OAUTH_Mashery-implement.module///resources/TT_OAUTH_Mashery/Mashery_v1/masheryHttpClient/staleCheck">
      <environment name="DEFAULT" value="false"/>
    </property>
    <property name="//TT_OAUTH_Mashery-implement.module///resources/TT_OAUTH_Mashery/Mashery_v1/masheryHttpClient/defaultHost">
      <environment name="DEFAULT" value="oauth-bws.testroyallondongroup.com"/>
    </property>
    <property name="//TT_OAUTH_Mashery-implement.module///resources/TT_OAUTH_Mashery/Mashery_v1/masheryHttpClient/advanced/logRequestResponseTime">
      <environment name="DEFAULT" value="false"/>
    </property>
    <property name="//TT_OAUTH_Mashery-implement.module///resources/TT_OAUTH_Mashery/Mashery_v1/masheryHttpClient/advanced/useSingleCookieHeader">
      <environment name="DEFAULT" value="false"/>
    </property>
    <property name="//TT_OAUTH_Mashery-implement.module///resources/TT_OAUTH_Mashery/Mashery_v1/masheryHttpClient/advanced/acceptRedirect">
      <environment name="DEFAULT" value="false"/>
    </property>
    <property name="//TT_OAUTH_Mashery-implement.module///resources/TT_OAUTH_Mashery/Mashery_v1/masheryHttpClient/advanced/useNonPreemptiveAuthentication">
      <environment name="DEFAULT" value="false"/>
    </property>
    <property name="//TT_OAUTH_Mashery-implement.module///resources/TT_OAUTH_Mashery/Mashery_v1/masheryHttpClient/advanced/socketTimeoutMs">
      <environment name="DEFAULT" value="0"/>
    </property>
    <property name="//TT_OAUTH_Mashery-implement.module///resources/TT_OAUTH_Mashery/Mashery_v1/masheryHttpClient/advanced/connectionTimeoutMs">
      <environment name="DEFAULT" value="0"/>
    </property>
    <property name="//TT_OAUTH_Mashery-implement.module///resources/TT_OAUTH_Mashery/Mashery_v1/masheryHttpClient/advanced/retryCount">
      <environment name="DEFAULT" value="3"/>
    </property>
    <property name="//TT_OAUTH_Mashery-implement.module///resources/TT_OAUTH_Mashery/Mashery_v1/masheryIdentifyProvider/password">
      <environment name="DEFAULT" value="#!OL3DQNv8NrKPIP/p7IS0t5VwDgKNTlTsXfglUXjrApb8nvbwZ1H+Hkt5zOKPf0aR"/>
    </property>
    <property name="//TT_OAUTH_Mashery-implement.module///resources/TT_OAUTH_Mashery/Mashery_v1/masheryIdentifyProvider/username">
      <environment name="DEFAULT" value="oAuth_Mashery"/>
    </property>
    <property name="//TT_OAUTH_Mashery-implement.module///resources/TT_OAUTH_Mashery/Mashery_v1/masheryKeystoreProvider/refreshInterval">
      <environment name="DEFAULT" value="3600000"/>
    </property>
    <property name="//TT_OAUTH_Mashery-implement.module///resources/TT_OAUTH_Mashery/Mashery_v1/masheryKeystoreProvider/password">
      <environment name="DEFAULT" value="#!0T5o2F5Tb1Q7DUq+tzihPtb8WxKJdksjSCXLITIcfIc="/>
    </property>
    <property name="//TT_OAUTH_Mashery-service.module///services/TT_OAUTH_Mashery/Mashery_v1/createBearerToken/operationName">
      <environment name="DEFAULT" value="CreateBearerToken"/>
    </property>
    <property name="//TT_OAUTH_Mashery-service.module///services/TT_OAUTH_Mashery/Mashery_v1/createBearerToken/ftlSubscriber/contentMatcher">
      <environment name="DEFAULT" value="{ &quot;channel&quot; : &quot;tt_oauth_mashery_createbearertoken_v1&quot; }"/>
    </property>
    <property name="//TT_OAUTH_Mashery-service.module///services/TT_OAUTH_Mashery/Mashery_v1/createBearerToken/ftlSubscriber/endpoint">
      <environment name="DEFAULT" value="SyncResponseDyn_ep"/>
    </property>
    <property name="//TT_OAUTH_Mashery-service.module///services/TT_OAUTH_Mashery/Mashery_v1/createBearerToken/ftlSubscriber/advanced/ftlQueueSize">
      <environment name="DEFAULT" value="-1"/>
    </property>
    <property name="//TT_OAUTH_Mashery-service.module///services/TT_OAUTH_Mashery/Mashery_v1/createBearerToken/ftlSubscriber/advanced/durableName">
      <environment name="DEFAULT" value="tt_oauth_mashery_createbearertoken_v1"/>
    </property>
    <property name="//TT_OAUTH_Mashery-service.module///services/TT_OAUTH_Mashery/Mashery_v1/createBearerToken/ftlSubscriber/advanced/activityWorkerThreads">
      <environment name="DEFAULT" value="50%"/>
    </property>
    <property name="//TT_OAUTH_Mashery-service.module///services/TT_OAUTH_Mashery/Mashery_v1/createBearerToken/ftlSubscriber/advanced/subscriberName">
      <environment name="DEFAULT" value=""/>
    </property>
    <property name="//TT_OAUTH_Mashery-service.module///services/TT_OAUTH_Mashery/Mashery_v1/createBearerToken/ftlSubscriber/advanced/ftlQueueDispatcherThreads">
      <environment name="DEFAULT" value="1"/>
    </property>
  </properties>
</configuration>
