{
  "swagger": "2.0",
  "info": {
    "version": "1.2",
    "title": "Advisers",
    "termsOfService": "governance-1"
  },
  "host": "adviser.royallondon.com",
  "basePath": "/secure/api",
  "schemes": [
    "https"
  ],
  "paths": {
    "/v1/advisers": {
      "get": {
        "summary": "retrieve a list of advisers",
        "consumes": [
          "application/json"
        ],
        "produces": [
          "application/json"
        ],
        "parameters": [
          {
            "name": "page",
            "in": "query",
            "required": false,
            "type": "number",
            "description": "Please refer to the sharepoint link http://rliprojects-portal/programme/scottishlife/ThinkBeyond/APIFactory/Project%20Documents/2.%20Solution%20Design/Integration%20Layer%20and%20APIs%20Technical%20Note_1.1.docx on usage of Expand, Sorting and paging approach"
          },
          {
            "name": "pageSize",
            "in": "query",
            "required": false,
            "type": "number",
            "description": "Please refer to the sharepoint link above for more information"
          },
          {
            "name": "sessionId",
            "in": "query",
            "required": false,
            "type": "string",
            "description": "Please refer to the sharepoint link above for more information"
          },
          {
            "name": "pageReset",
            "in": "query",
            "required": false,
            "type": "string",
            "description": "Please refer to the sharepoint link above for more information"
          }
        ],
        "responses": {
          "200": {
            "description": "OK",
            "schema": {
              "$ref": "#/definitions/advisers"
            }
          },
          "400": {
            "description": "The request was invalid or cannot be otherwise served.",
            "schema": {
              "$ref": "#/definitions/errorResponse"
            }
          },
          "401": {
            "description": "Authentication credentials were missing or incorrect.",
            "schema": {
              "$ref": "#/definitions/errorResponse"
            }
          },
          "500": {
            "description": "A server error was encountered during a downstream call by the API",
            "schema": {
              "$ref": "#/definitions/errorResponse"
            }
          }
        }
      }
    },
    "/v1/advisers/{adviserId}": {
      "get": {
        "summary": "retrieve the details of an adviser with for a given adviserId",
        "parameters": [
          {
            "name": "adviserId",
            "in": "path",
            "required": true,
            "type": "string",
            "description": "adviserId (universal unique identification id)"
          }
        ],
        "responses": {
          "200": {
            "description": "OK",
            "schema": {
              "$ref": "#/definitions/adviserDetails"
            }
          },
          "400": {
            "description": "The request was invalid or cannot be otherwise served.",
            "schema": {
              "$ref": "#/definitions/errorResponse"
            }
          },
          "401": {
            "description": "Authentication credentials were missing or incorrect.",
            "schema": {
              "$ref": "#/definitions/errorResponse"
            }
          },
          "404": {
            "description": "The URI requested is invalid or the resource requested does not exist.",
            "schema": {
              "$ref": "#/definitions/errorResponse"
            }
          },
          "500": {
            "description": "A server error was encountered during a downstream call by the API",
            "schema": {
              "$ref": "#/definitions/errorResponse"
            }
          }
        }
      }
    }
  },
  "definitions": {
    "advisers": {
      "properties": {
        "_metadata": {
          "$ref": "#/definitions/metadata"
        },
        "_items": {
          "type": "array",
          "items": {
            "$ref": "#/definitions/adviser"
          }
        }
      }
    },
    "adviser": {
      "required": [
        "id"
      ],
      "properties": {
        "id": {
          "type": "string",
          "description": "Identifier of Adviser Example:100000003"
        },
        "href": {
          "type": "string"
        },
        "firstName": {
          "type": "string",
          "description": "First Name of Adviser Example Ross"
        },
        "surname": {
          "type": "string",
          "description": "Last Name of Adviser Example Galler"
        },
        "firms": {
          "type": "array",
          "items": {
            "$ref": "#/definitions/firmDetails"
          }
        },
        "phoneNumber": {
          "type": "string",
          "description": "phone Number of Adviser Example 0187 456 7891"
        },
        "emailAddress": {
          "type": "string",
          "description": "email Address  of Adviser Example j.jones@hl.co.uk"
        },
        "address": {
          "type": "array",
          "items": {
            "$ref": "#/definitions/addressDetails"
          }
        }
      }
    },
    "adviserDetails": {
      "required": [
        "id"
      ],
      "properties": {
        "id": {
          "type": "string",
          "description": "Identifier of Adviser Example:100000003"
        },
        "firstName": {
          "type": "string",
          "description": "First Name of Adviser Example Ross"
        },
        "surname": {
          "type": "string",
          "description": "Last Name of Adviser Example Galler"
        },
        "firms": {
          "type": "array",
          "items": {
            "$ref": "#/definitions/firmDetails"
          }
        },
        "phoneNumber": {
          "type": "string",
          "description": "phone Number of Adviser Example 0187 456  7891\"'"
        },
        "emailAddress": {
          "type": "string",
          "description": "email Address  of Adviser Example j.jones@hl.co.uk"
        },
        "address": {
          "type": "array",
          "items": {
            "$ref": "#/definitions/addressDetails"
          }
        }
      }
    },
    "addressDetails": {
      "properties": {
        "addressType": {
          "type": "string",
          "enum": [
            "primaryAddress"
          ],
          "description": "Advisers primary Address if true"
        },
        "addressLine1": {
          "type": "string",
          "description": "Advisers Address line 1"
        },
        "addressLine2": {
          "type": "string",
          "description": "Advisers Address line 2"
        },
        "addressLine3": {
          "type": "string",
          "description": "AdvisersAddress line 3"
        },
        "cityOrTown": {
          "type": "string",
          "description": "AdvisersAddress city"
        },
        "postcode": {
          "type": "string",
          "description": "Advisers Address postcode"
        },
        "country": {
          "type": "string",
          "description": "Advisers Country details"
        }
      }
    },
    "firmDetails": {
      "properties": {
        "firmId": {
          "type": "string",
          "description": "Firm id for the company provided"
        },
        "firmName": {
          "type": "string",
          "description": "Firm name for the company provided"
        }
      }
    },
    "metadata": {
      "properties": {
        "itemsCount": {
          "type": "number",
          "example": 102,
          "description": "Indicates the total number of items within the resource collection."
        },
        "retrievedAt": {
          "type": "string",
          "format": "date-time",
          "example": "2017-10-10T01:20:30",
          "description": "A date-time object indicating when the contents of the list were retrieved from the system of record. For a paged list this may be some time before the current page of information was requested. Clients may use this field to decide if they believe a refresh is necessary"
        },
        "sessionId": {
          "type": "string",
          "example": "P1234567890",
          "description": "The unique identifier of the paging session. Clients must pass this contactValue when requesting pages of a cached list"
        },
        "pageNumber": {
          "type": "number",
          "example": 2,
          "description": "The current page number within the resource collection. The initial page is page 0"
        },
        "pageSize": {
          "type": "number",
          "example": 50,
          "description": "The size of each page that may be requested. This is specified by the client application when a paged list is created"
        },
        "pageMax": {
          "type": "number",
          "example": 2,
          "description": "The maximum page number that may be requested."
        }
      }
    },
    "errorResponse": {
      "type": "object",
      "required": [
        "errorId",
        "errorMsg",
        "errorCode",
        "contextInfo"
      ],
      "properties": {
        "errorId": {
          "type": "string",
          "description": "Error ID.",
          "example": 123456789
        },
        "errorMsg": {
          "type": "string",
          "description": "Error Message",
          "example": "error"
        },
        "errorCode": {
          "type": "string",
          "description": "Error Message",
          "example": "TIB-POLICY-NO-SUCH-ADVISER"
        },
        "errorType": {
          "type": "string",
          "description": "Type of error (Technical | Business)",
          "example": "Technical"
        },
        "contextInfo": {
          "type": "array",
          "items": {
            "$ref": "#/definitions/contextInfo"
          }
        }
      }
    },
    "contextInfo": {
      "type": "object",
      "required": [
        "name",
        "value"
      ],
      "properties": {
        "name": {
          "type": "string",
          "description": "name of the context attribute.",
          "example": "filename"
        },
        "value": {
          "type": "string",
          "description": "value of context attribute.",
          "example": "c:\\files\\file1.txt"
        }
      }
    }
  }
}