﻿<?xml version="1.0" encoding="utf-8"?>
<configuration>
  <properties>
    <property name="//PT_PENSIONS_Advisers-service.module///services/PT_PENSIONS_Advisers/Advisers_v1/operations/getAdviser">
      <environment name="DEFAULT" value="GetAdviser" />
    </property>
    <property name="//PT_PENSIONS_Advisers-service.module///services/PT_PENSIONS_Advisers/Advisers_v1/contactDetail/type/email">
      <environment name="DEFAULT" value="Email" />
    </property>
    <property name="//PT_PENSIONS_Advisers-service.module///services/PT_PENSIONS_Advisers/Advisers_v1/contactDetail/type/mobile">
      <environment name="DEFAULT" value="Mobile" />
    </property>
    <property name="//PT_PENSIONS_Advisers-service.module///services/PT_PENSIONS_Advisers/Advisers_v1/contactDetail/type/landline">
      <environment name="DEFAULT" value="Landline" />
    </property>
    <property name="//LIB_RESOURCE_HTTP-implement.module///resources/LIB_RESOURCE_HTTP/HTTP_v1/httpConnectorResource/port">
      <environment name="DEFAULT" value="~TIBVAL_HTTP_port~" />
    </property>
    <property name="//LIB_RESOURCE_HTTP-implement.module///resources/LIB_RESOURCE_HTTP/HTTP_v1/httpConnectorResource/host">
      <environment name="DEFAULT" value="~TIBVAL_HTTP_host~" />
    </property>
    <property name="//PT_PENSIONS_Advisers-implement.module///services/PT_PENSIONS_Advisers/Advisers_v1/ftlRequest/endpoint">
      <environment name="DEFAULT" value="SyncRequestDyn_ep" />
    </property>
    <property name="//PT_PENSIONS_Advisers-implement.module///services/PT_PENSIONS_Advisers/Advisers_v1/ftlRequest/channel_GetAdviser">
      <environment name="DEFAULT" value="bt_pensions_advisers_getadviser_v1" />
    </property>
    <property name="//PT_PENSIONS_Advisers-implement.module///services/PT_PENSIONS_Advisers/Advisers_v1/ftlRequest/format">
      <environment name="DEFAULT" value="CSF" />
    </property>
    <property name="//PT_PENSIONS_Advisers-implement.module///services/PT_PENSIONS_Advisers/Advisers_v1/ftlRequest/formatName">
      <environment name="DEFAULT" value="" />
    </property>
    <property name="//PT_PENSIONS_Advisers-implement.module///services/PT_PENSIONS_Advisers/Advisers_v1/ftlRequest/advanced/activityTimeout">
      <environment name="DEFAULT" value="30000" />
    </property>
  </properties>
     <deployment>
    <appspace>
      <environment name="DEFAULT" value="RLG_AS_PT"/>
    </appspace>
	<uploadArchivePath>
      <environment name="DEFAULT" value="Advisers"/>
    </uploadArchivePath>
  </deployment>
</configuration>