{
  "swagger": "2.0",
  "info": {
    "version": "1.0",
    "title": "Authentication"
  },
  "host": "adviser.royallondon.com",
  "basePath": "/secure/api/",
  "schemes": [
    "https"
  ],
  "paths": {
    "/oauth/token": {
      "post": {
        "summary": "obtain the OAuth access token.",
        "parameters": [
          {
            "name": "api_key",
            "in": "header",
            "type": "string",
            "description": "mashery package key",
            "required": true
          },
          {
            "name": "body",
            "in": "body",
            "description": "ID3 jwt token in the body",
            "required": true,
            "schema": {
              "$ref": "#/definitions/tokenRequest"
            }
          }
        ],
        "responses": {
          "200": {
            "description": "OK",
            "schema": {
              "$ref": "#/definitions/tokenResponse"
            }
          },
          "401": {
            "description": "Authentication credentials were missing or incorrect .",
            "schema": {
              "$ref": "#/definitions/errorResponse"
            }
          },
          "500": {
            "description": "A server error was encountered during a downstream call by the API",
            "schema": {
              "$ref": "#/definitions/errorResponse"
            }
          }
        }
      }
    }
  },
  "definitions": {
    "tokenRequest": {
      "properties": {
        "jwt": {
          "type": "string",
          "description": "JWT to be embedded into the access token"
        }
      }
    },
    "tokenResponse": {
      "properties": {
        "access_token": {
          "type": "string",
          "description": "Identifier of investment type"
        },
        "expires_in": {
          "type": "integer",
          "description": "ttl of the access_token"
        },
        "token_type": {
          "type": "string",
          "description": "Type of token.",
          "example": "bearer"
        }
      }
    },
    "errorResponse": {
      "type": "object",
      "required": [
        "errorId",
        "errorMsg",
        "errorCode",
        "errorType",
        "contextInfo"
      ],
      "properties": {
        "errorId": {
          "type": "string",
          "description": "Error ID.",
          "example": 123456789
        },
        "errorMsg": {
          "type": "string",
          "description": "Error Message",
          "example": "error"
        },
        "errorCode": {
          "type": "string",
          "description": "Error Message"
        },
        "errorType": {
          "type": "string",
          "description": "Type of error (Technical | Business)",
          "example": "Technical"
        },
        "contextInfo": {
          "type": "array",
          "items": {
            "$ref": "#/definitions/contextInfo"
          }
        }
      }
    },
    "contextInfo": {
      "type": "object",
      "required": [
        "name",
        "value"
      ],
      "properties": {
        "name": {
          "type": "string",
          "description": "name of the context attribute."
        },
        "value": {
          "type": "string",
          "description": "value of context attribute."
        }
      }
    }
  }
}