{
  "swagger" : "2.0",
  "info" : {
    "version" : "1.0",
    "title" : "Summary about the new REST service.",
    "description" : "Summary about the new REST service."
  },
  "host" : "localhost:8080",
  "basePath" : "/",
  "schemes" : [ "http" ],
  "paths" : {
    "/secure/api/sales/v1/applicants" : {
      "post" : {
        "description" : "",
        "operationId" : "post-sales-v1-applicants",
        "consumes" : [ "application/json" ],
        "produces" : [ "application/json" ],
        "parameters" : [ {
          "name" : "body",
          "in" : "body",
          "description" : "",
          "schema" : {
            "$ref" : "#/definitions/applicantRequest"
          },
          "required" : true
        }, {
          "name" : "default",
          "in" : "query",
          "description" : "",
          "type" : "string",
          "required" : false
        } ],
        "responses" : {
          "200" : {
            "description" : "a commonResponse to be returned",
            "schema" : {
              "$ref" : "#/definitions/commonResponse"
            }
          },
          "400" : {
            "description" : "The request was invalid or cannot be otherwise served",
            "schema" : {
              "$ref" : "#/definitions/RESTException"
            }
          },
          "401" : {
            "description" : "Authentication credentials were missing or incorrect",
            "schema" : {
              "$ref" : "#/definitions/RESTException"
            }
          },
          "500" : {
            "description" : "A server error was encountered during a downstream call by the API",
            "schema" : {
              "$ref" : "#/definitions/RESTException"
            }
          },
          "201" : {
            "description" : "Created",
            "schema" : {
              "type" : "string"
            }
          }
        }
      },
      "get" : {
        "description" : "",
        "operationId" : "get-sales-v1-applicants",
        "consumes" : [ "application/json" ],
        "produces" : [ "application/json" ],
        "parameters" : [ {
          "name" : "pageReset",
          "in" : "query",
          "description" : "",
          "type" : "string",
          "required" : false
        }, {
          "name" : "firstName",
          "in" : "query",
          "description" : "",
          "type" : "string",
          "required" : false
        }, {
          "name" : "expand",
          "in" : "query",
          "description" : "",
          "type" : "string",
          "required" : false
        }, {
          "name" : "surname",
          "in" : "query",
          "description" : "",
          "type" : "string",
          "required" : false
        }, {
          "name" : "sortOrder",
          "in" : "query",
          "description" : "",
          "type" : "string",
          "required" : false
        }, {
          "name" : "pageSize",
          "in" : "query",
          "description" : "",
          "type" : "integer",
          "format" : "int32",
          "required" : false
        }, {
          "name" : "niNumber",
          "in" : "query",
          "description" : "",
          "type" : "string",
          "required" : false
        }, {
          "name" : "sortBy",
          "in" : "query",
          "description" : "",
          "type" : "string",
          "required" : false
        }, {
          "name" : "page",
          "in" : "query",
          "description" : "",
          "type" : "integer",
          "format" : "int32",
          "required" : false
        }, {
          "name" : "sessionId",
          "in" : "query",
          "description" : "",
          "type" : "string",
          "required" : false
        } ],
        "responses" : {
          "200" : {
            "description" : "a applicantsResponse to be returned",
            "schema" : {
              "$ref" : "#/definitions/applicantsResponse"
            }
          },
          "400" : {
            "description" : "The request was invalid or cannot be otherwise served",
            "schema" : {
              "$ref" : "#/definitions/RESTException"
            }
          },
          "401" : {
            "description" : "Authentication credentials were missing or incorrect",
            "schema" : {
              "$ref" : "#/definitions/RESTException"
            }
          },
          "500" : {
            "description" : "A server error was encountered during a downstream call by the API",
            "schema" : {
              "$ref" : "#/definitions/RESTException"
            }
          }
        }
      }
    }
  },
  "definitions" : {
    "RESTException" : {
      "type" : "object",
      "properties" : { }
    },
    "commonResponse" : {
      "type" : "object",
      "properties" : {
        "id" : {
          "type" : "string"
        },
        "href" : {
          "type" : "string"
        }
      }
    },
    "applicantsResponse" : {
      "type" : "object",
      "properties" : {
        "_items" : {
          "type" : "array",
          "items" : {
            "$ref" : "#/definitions/_items",
            "uniqueItems" : false
          }
        },
        "_metadata" : {
          "$ref" : "#/definitions/_metadata"
        }
      }
    },
    "applicantRequest" : {
      "type" : "object",
      "properties" : {
        "firstName" : {
          "type" : "string"
        },
        "retirementAge" : {
          "type" : "integer"
        },
        "genderType" : {
          "type" : "string"
        },
        "retirementDate" : {
          "type" : "string"
        },
        "nationality" : {
          "type" : "string"
        },
        "employmentType" : {
          "type" : "string"
        },
        "surname" : {
          "type" : "string"
        },
        "niNumber" : {
          "type" : "string"
        },
        "dateOfBirth" : {
          "type" : "string"
        },
        "title" : {
          "type" : "string"
        },
        "applicantStatus" : {
          "type" : "string"
        },
        "maritalStatusType" : {
          "type" : "string"
        }
      }
    },
    "_items" : {
      "type" : "object",
      "properties" : {
        "firstName" : {
          "type" : "string"
        },
        "surname" : {
          "type" : "string"
        },
        "niNumber" : {
          "type" : "string"
        },
        "dateOfBirth" : {
          "type" : "string"
        },
        "id" : {
          "type" : "string"
        },
        "href" : {
          "type" : "string"
        }
      }
    },
    "_metadata" : {
      "type" : "object",
      "properties" : {
        "pageNumber" : {
          "type" : "integer"
        },
        "retrievedAt" : {
          "type" : "string"
        },
        "pageSize" : {
          "type" : "integer"
        },
        "sessionId" : {
          "type" : "string"
        },
        "itemsCount" : {
          "type" : "integer"
        },
        "pageMax" : {
          "type" : "integer"
        }
      }
    }
  }
}