{
  "swagger" : "2.0",
  "info" : {
    "version" : "1.0",
    "title" : "Summary about the new REST service.",
    "description" : "Summary about the new REST service."
  },
  "host" : "localhost:8080",
  "basePath" : "/",
  "schemes" : [ "http" ],
  "paths" : {
    "/secure/api/sales/v1/applicants/{applicantId}/contacts" : {
      "post" : {
        "description" : "",
        "operationId" : "post-sales-v1-applicants-contacts",
        "consumes" : [ "application/json" ],
        "produces" : [ "application/json" ],
        "parameters" : [ {
          "name" : "body",
          "in" : "body",
          "description" : "",
          "schema" : {
            "$ref" : "#/definitions/contactRequest"
          },
          "required" : true
        }, {
          "name" : "applicantId",
          "in" : "path",
          "description" : "",
          "type" : "string",
          "required" : true
        } ],
        "responses" : {
          "200" : {
            "description" : "a commonResponse to be returned",
            "schema" : {
              "$ref" : "#/definitions/commonResponse"
            }
          },
          "400" : {
            "description" : "The request was invalid or cannot be otherwise served",
            "schema" : {
              "$ref" : "#/definitions/RESTException"
            }
          },
          "401" : {
            "description" : "Authentication credentials were missing or incorrect",
            "schema" : {
              "$ref" : "#/definitions/RESTException"
            }
          },
          "404" : {
            "description" : "The URI requested is invalid or the resource requested does not exist",
            "schema" : {
              "$ref" : "#/definitions/RESTException"
            }
          },
          "500" : {
            "description" : "A server error was encountered during a downstream call by the API",
            "schema" : {
              "$ref" : "#/definitions/RESTException"
            }
          },
          "201" : {
            "description" : "Created",
            "schema" : {
              "type" : "string"
            }
          }
        }
      },
      "get" : {
        "description" : "",
        "operationId" : "get-sales-v1-applicants-contacts",
        "consumes" : [ "application/json" ],
        "produces" : [ "application/json" ],
        "parameters" : [ {
          "name" : "applicantId",
          "in" : "path",
          "description" : "",
          "type" : "string",
          "required" : true
        } ],
        "responses" : {
          "200" : {
            "description" : "a contactsResponse to be returned",
            "schema" : {
              "$ref" : "#/definitions/contactsResponse"
            }
          },
          "400" : {
            "description" : "The request was invalid or cannot be otherwise served",
            "schema" : {
              "$ref" : "#/definitions/RESTException"
            }
          },
          "401" : {
            "description" : "Authentication credentials were missing or incorrect",
            "schema" : {
              "$ref" : "#/definitions/RESTException"
            }
          },
          "404" : {
            "description" : "The URI requested is invalid or the resource requested does not exist",
            "schema" : {
              "$ref" : "#/definitions/RESTException"
            }
          },
          "500" : {
            "description" : "A server error was encountered during a downstream call by the API",
            "schema" : {
              "$ref" : "#/definitions/RESTException"
            }
          }
        }
      }
    }
  },
  "definitions" : {
    "RESTException" : {
      "type" : "object",
      "properties" : { }
    },
    "address" : {
      "type" : "object",
      "properties" : {
        "country" : {
          "type" : "string"
        },
        "postcode" : {
          "type" : "string"
        },
        "addressLine1" : {
          "type" : "string"
        },
        "addressLine2" : {
          "type" : "string"
        },
        "addressLine3" : {
          "type" : "string"
        },
        "addressLine4" : {
          "type" : "string"
        }
      }
    },
    "commonResponse" : {
      "type" : "object",
      "properties" : {
        "id" : {
          "type" : "string"
        },
        "href" : {
          "type" : "string"
        }
      }
    },
    "contactRequest" : {
      "type" : "object",
      "properties" : {
        "address" : {
          "$ref" : "#/definitions/address"
        },
        "contactType" : {
          "type" : "string"
        },
        "value" : {
          "type" : "string"
        }
      }
    },
    "contactsResponse" : {
      "type" : "object",
      "properties" : {
        "_items" : {
          "type" : "array",
          "items" : {
            "$ref" : "#/definitions/_items",
            "uniqueItems" : false
          }
        }
      }
    },
    "_items" : {
      "type" : "object",
      "properties" : {
        "address" : {
          "$ref" : "#/definitions/address"
        },
        "contactType" : {
          "type" : "string"
        },
        "id" : {
          "type" : "string"
        },
        "href" : {
          "type" : "string"
        },
        "value" : {
          "type" : "string"
        }
      }
    }
  }
}