{
  "swagger" : "2.0",
  "info" : {
    "version" : "1.0",
    "title" : "Summary about the new REST service.",
    "description" : "Summary about the new REST service."
  },
  "host" : "localhost:8080",
  "basePath" : "/",
  "schemes" : [ "http" ],
  "paths" : {
    "/secure/api/sales/v1/applicants/{applicantId}" : {
      "get" : {
        "description" : "",
        "operationId" : "get-sales-v1-applicants",
        "consumes" : [ "application/json" ],
        "produces" : [ "application/json" ],
        "parameters" : [ {
          "name" : "applicantId",
          "in" : "path",
          "description" : "",
          "type" : "string",
          "required" : true
        } ],
        "responses" : {
          "200" : {
            "description" : "a applicant to be returned",
            "schema" : {
              "$ref" : "#/definitions/applicant"
            }
          },
          "400" : {
            "description" : "The request was invalid or cannot be otherwise served",
            "schema" : {
              "$ref" : "#/definitions/RESTException"
            }
          },
          "401" : {
            "description" : "Authentication credentials were missing or incorrect",
            "schema" : {
              "$ref" : "#/definitions/RESTException"
            }
          },
          "404" : {
            "description" : "The URI requested is invalid or the resource requested does not exist",
            "schema" : {
              "$ref" : "#/definitions/RESTException"
            }
          },
          "500" : {
            "description" : "A server error was encountered during a downstream call by the API",
            "schema" : {
              "$ref" : "#/definitions/RESTException"
            }
          }
        }
      },
      "put" : {
        "description" : "",
        "operationId" : "put-sales-v1-applicants",
        "consumes" : [ "application/json" ],
        "produces" : [ "application/json" ],
        "parameters" : [ {
          "name" : "body",
          "in" : "body",
          "description" : "",
          "schema" : {
            "$ref" : "#/definitions/applicantRequest"
          },
          "required" : true
        }, {
          "name" : "applicantId",
          "in" : "path",
          "description" : "",
          "type" : "string",
          "required" : true
        } ],
        "responses" : {
          "200" : {
            "description" : "a string to be returned",
            "schema" : {
              "type" : "string"
            }
          },
          "400" : {
            "description" : "The request was invalid or cannot be otherwise served",
            "schema" : {
              "$ref" : "#/definitions/RESTException"
            }
          },
          "401" : {
            "description" : "Authentication credentials were missing or incorrect",
            "schema" : {
              "$ref" : "#/definitions/RESTException"
            }
          },
          "404" : {
            "description" : "The URI requested is invalid or the resource requested does not exist",
            "schema" : {
              "$ref" : "#/definitions/RESTException"
            }
          },
          "500" : {
            "description" : "A server error was encountered during a downstream call by the API",
            "schema" : {
              "$ref" : "#/definitions/RESTException"
            }
          },
          "204" : {
            "description" : "No Content",
            "schema" : {
              "type" : "string"
            }
          }
        }
      },
      "delete" : {
        "description" : "",
        "operationId" : "delete-sales-v1-applicants",
        "consumes" : [ "application/json" ],
        "produces" : [ "application/json" ],
        "parameters" : [ {
          "name" : "applicantId",
          "in" : "path",
          "description" : "",
          "type" : "string",
          "required" : true
        } ],
        "responses" : {
          "200" : {
            "description" : "a string to be returned",
            "schema" : {
              "type" : "string"
            }
          },
          "400" : {
            "description" : "The request was invalid or cannot be otherwise served",
            "schema" : {
              "$ref" : "#/definitions/RESTException"
            }
          },
          "401" : {
            "description" : "Authentication credentials were missing or incorrect",
            "schema" : {
              "$ref" : "#/definitions/RESTException"
            }
          },
          "404" : {
            "description" : "The URI requested is invalid or the resource requested does not exist",
            "schema" : {
              "$ref" : "#/definitions/RESTException"
            }
          },
          "500" : {
            "description" : "A server error was encountered during a downstream call by the API",
            "schema" : {
              "$ref" : "#/definitions/RESTException"
            }
          },
          "204" : {
            "description" : "No Content",
            "schema" : {
              "type" : "string"
            }
          }
        }
      },
      "patch" : {
        "description" : "",
        "operationId" : "patch-sales-v1-applicants",
        "consumes" : [ "application/json" ],
        "produces" : [ "application/json" ],
        "parameters" : [ {
          "name" : "body",
          "in" : "body",
          "description" : "",
          "schema" : {
            "$ref" : "#/definitions/applicantRequest"
          },
          "required" : true
        }, {
          "name" : "applicantId",
          "in" : "path",
          "description" : "",
          "type" : "string",
          "required" : true
        } ],
        "responses" : {
          "200" : {
            "description" : "a string to be returned",
            "schema" : {
              "type" : "string"
            }
          },
          "400" : {
            "description" : "The request was invalid or cannot be otherwise served",
            "schema" : {
              "$ref" : "#/definitions/RESTException"
            }
          },
          "401" : {
            "description" : "Authentication credentials were missing or incorrect",
            "schema" : {
              "$ref" : "#/definitions/RESTException"
            }
          },
          "404" : {
            "description" : "The URI requested is invalid or the resource requested does not exist",
            "schema" : {
              "$ref" : "#/definitions/RESTException"
            }
          },
          "500" : {
            "description" : "A server error was encountered during a downstream call by the API",
            "schema" : {
              "$ref" : "#/definitions/RESTException"
            }
          },
          "204" : {
            "description" : "No Content",
            "schema" : {
              "type" : "string"
            }
          },
          "200" : {
            "description" : "OK"
          }
        }
      }
    }
  },
  "definitions" : {
    "RESTException" : {
      "type" : "object",
      "properties" : { }
    },
    "applicantRequest" : {
      "type" : "object",
      "properties" : {
        "firstName" : {
          "type" : "string"
        },
        "retirementAge" : {
          "type" : "integer"
        },
        "genderType" : {
          "type" : "string"
        },
        "retirementDate" : {
          "type" : "string"
        },
        "nationality" : {
          "type" : "string"
        },
        "employmentType" : {
          "type" : "string"
        },
        "surname" : {
          "type" : "string"
        },
        "niNumber" : {
          "type" : "string"
        },
        "dateOfBirth" : {
          "type" : "string"
        },
        "title" : {
          "type" : "string"
        },
        "applicantStatus" : {
          "type" : "string"
        },
        "maritalStatusType" : {
          "type" : "string"
        }
      }
    },
    "applicant" : {
      "type" : "object",
      "properties" : {
        "retirementAge" : {
          "type" : "integer"
        },
        "genderType" : {
          "type" : "string"
        },
        "retirementDate" : {
          "type" : "string"
        },
        "employmentType" : {
          "type" : "string"
        },
        "niNumber" : {
          "type" : "string"
        },
        "dateOfBirth" : {
          "type" : "string"
        },
        "title" : {
          "type" : "string"
        },
        "applicantStatus" : {
          "type" : "string"
        },
        "firstName" : {
          "type" : "string"
        },
        "nationality" : {
          "type" : "string"
        },
        "surname" : {
          "type" : "string"
        },
        "id" : {
          "type" : "string"
        },
        "href" : {
          "type" : "string"
        },
        "maritalStatusType" : {
          "type" : "string"
        }
      }
    }
  }
}