﻿<?xml version="1.0" encoding="utf-8"?>
<configuration>
  <properties>
    <property name="//BT_PENSIONS_Quotes-implement.module///services/BT_PENSIONS_Quotes/Quotes_v1/ftl/channel_findQuotes">
      <environment name="DEFAULT" value="tt_pensions_sms_quotes_findquotes_v1" />
    </property>
    <property name="//BT_PENSIONS_Quotes-implement.module///services/BT_PENSIONS_Quotes/Quotes_v1/ftl/channel_createQuoteIncrementCharge">
      <environment name="DEFAULT" value="tt_pensions_sms_quotes_createquoteincrementcharge_v1" />
    </property>
    <property name="//BT_PENSIONS_Quotes-implement.module///services/BT_PENSIONS_Quotes/Quotes_v1/ftl/endpoint">
      <environment name="DEFAULT" value="SyncRequestDyn_ep" />
    </property>
    <property name="//BT_PENSIONS_Quotes-implement.module///services/BT_PENSIONS_Quotes/Quotes_v1/ftl/channel_modifyQuote">
      <environment name="DEFAULT" value="tt_pensions_sms_quotes_modifyquote_v1" />
    </property>
    <property name="//BT_PENSIONS_Quotes-implement.module///services/BT_PENSIONS_Quotes/Quotes_v1/ftl/channel_createQuoteIncrementTransferIn">
      <environment name="DEFAULT" value="tt_pensions_sms_quotes_createquoteincrementtransferin_v1" />
    </property>
    <property name="//BT_PENSIONS_Quotes-implement.module///services/BT_PENSIONS_Quotes/Quotes_v1/ftl/channel_createQuoteIncrementContribution">
      <environment name="DEFAULT" value="tt_pensions_sms_quotes_createquoteincrementcontribution_v1" />
    </property>
    <property name="//BT_PENSIONS_Quotes-implement.module///services/BT_PENSIONS_Quotes/Quotes_v1/ftl/channel_getQuoteIncrementCharge">
      <environment name="DEFAULT" value="tt_pensions_sms_quotes_getquoteincrementcharge_v1" />
    </property>
    <property name="//BT_PENSIONS_Quotes-implement.module///services/BT_PENSIONS_Quotes/Quotes_v1/ftl/timeout">
      <environment name="DEFAULT" value="30000" />
    </property>
    <property name="//BT_PENSIONS_Quotes-implement.module///services/BT_PENSIONS_Quotes/Quotes_v1/ftl/channel_findQuoteIncrementTransferIns">
      <environment name="DEFAULT" value="tt_pensions_sms_quotes_findquoteincrementtranferins_v1" />
    </property>
    <property name="//BT_PENSIONS_Quotes-implement.module///services/BT_PENSIONS_Quotes/Quotes_v1/ftl/channel_modifyQuoteIncrementTransferIn">
      <environment name="DEFAULT" value="tt_pensions_sms_quotes_modifyquoteincrementtransferin_v1" />
    </property>
    <property name="//BT_PENSIONS_Quotes-implement.module///services/BT_PENSIONS_Quotes/Quotes_v1/ftl/channel_getQuoteIncrementContribution">
      <environment name="DEFAULT" value="tt_pensions_sms_quotes_getquoteincrementcontribution_v1" />
    </property>
    <property name="//BT_PENSIONS_Quotes-implement.module///services/BT_PENSIONS_Quotes/Quotes_v1/ftl/channel_modifyQuoteIncrementContribution">
      <environment name="DEFAULT" value="tt_pensions_sms_quotes_modifyquoteincrementcontribution_v1" />
    </property>
    <property name="//BT_PENSIONS_Quotes-implement.module///services/BT_PENSIONS_Quotes/Quotes_v1/ftl/channel_createQuoteIncrement">
      <environment name="DEFAULT" value="tt_pensions_sms_quotes_createquoteincrement_v1" />
    </property>
    <property name="//BT_PENSIONS_Quotes-implement.module///services/BT_PENSIONS_Quotes/Quotes_v1/ftl/channel_createQuote">
      <environment name="DEFAULT" value="tt_pensions_sms_quotes_createquote_v1" />
    </property>
    <property name="//BT_PENSIONS_Quotes-implement.module///services/BT_PENSIONS_Quotes/Quotes_v1/ftl/channel_modifyQuoteIncrementCharge">
      <environment name="DEFAULT" value="tt_pensions_sms_quotes_modifyquoteincrementcharge_v1" />
    </property>
    <property name="//BT_PENSIONS_Quotes-implement.module///services/BT_PENSIONS_Quotes/Quotes_v1/ftl/channel_getQuote">
      <environment name="DEFAULT" value="tt_pensions_sms_quotes_getquote_v1" />
    </property>
    <property name="//BT_PENSIONS_Quotes-implement.module///services/BT_PENSIONS_Quotes/Quotes_v1/ftl/channel_findQuoteIncrementContributions">
      <environment name="DEFAULT" value="tt_pensions_sms_quotes_findquoteincrementcontributions_v1" />
    </property>
    <property name="//BT_PENSIONS_Quotes-implement.module///services/BT_PENSIONS_Quotes/Quotes_v1/ftl/channel_getQuoteIncrementTransferIn">
      <environment name="DEFAULT" value="tt_pensions_sms_quotes_getquoteincrementtranferin_v1" />
    </property>
    <property name="//BT_PENSIONS_Quotes-implement.module///services/BT_PENSIONS_Quotes/Quotes_v1/ftl/channel_findQuoteIncrements">
      <environment name="DEFAULT" value="tt_pensions_sms_quotes_findquoteincrements_v1" />
    </property>
    <property name="//BT_PENSIONS_Quotes-implement.module///services/BT_PENSIONS_Quotes/Quotes_v1/ftl/channel_modifyQuoteIncrement">
      <environment name="DEFAULT" value="tt_pensions_sms_quotes_modifyquoteincrement_v1" />
    </property>
    <property name="//BT_PENSIONS_Quotes-implement.module///services/BT_PENSIONS_Quotes/Quotes_v1/ftl/channel_findQuoteIncrementCharges">
      <environment name="DEFAULT" value="tt_pensions_sms_quotes_findquoteincrementcharges_v1" />
    </property>
    <property name="//BT_PENSIONS_Quotes-implement.module///services/BT_PENSIONS_Quotes/Quotes_v1/ftl/channel_getQuoteIncrement">
      <environment name="DEFAULT" value="tt_pensions_sms_quotes_getquoteincrement_v1" />
    </property>
    <property name="//BT_PENSIONS_Quotes-implement.module///services/BT_PENSIONS_Quotes/Quotes_v1/ftl/channel_updateQuoteIncrementContribution">
      <environment name="DEFAULT" value="tt_pensions_sms_quotes_updatequoteincrementcontribution_v1" />
    </property>
    <property name="//BT_PENSIONS_Quotes-implement.module///services/BT_PENSIONS_Quotes/Quotes_v1/ftl/channel_findProducts">
      <environment name="DEFAULT" value="tt_pensions_sonata_products_findproducts_v1" />
    </property>
    <property name="//BT_PENSIONS_Quotes-implement.module///services/BT_PENSIONS_Quotes/Quotes_v1/ftl/format">
      <environment name="DEFAULT" value="CSF" />
    </property>
    <property name="//BT_PENSIONS_Quotes-implement.module///services/BT_PENSIONS_Quotes/Quotes_v1/ftl/channel_retrieveInvestmentChoice">
      <environment name="DEFAULT" value="tt_pensions_ics_investments_retrieveinvestmentchoice_v1" />
    </property>
    <property name="//BT_PENSIONS_Quotes-implement.module///services/BT_PENSIONS_Quotes/Quotes_v1/ftl/channel_getPortfolio">
      <environment name="DEFAULT" value="tt_pensions_ics_investments_getportfolio_v1" />
    </property>
    <property name="//BT_PENSIONS_Quotes-service.module///services/BT_PENSIONS_Quotes/Quotes_v1/operations/modifyQuoteIncrementContribution">
      <environment name="DEFAULT" value="modifyQuoteIncrementContribution" />
    </property>
    <property name="//BT_PENSIONS_Quotes-service.module///services/BT_PENSIONS_Quotes/Quotes_v1/operations/findQuoteIncrementTransferIns">
      <environment name="DEFAULT" value="findQuoteIncrementTransferIns" />
    </property>
    <property name="//BT_PENSIONS_Quotes-service.module///services/BT_PENSIONS_Quotes/Quotes_v1/operations/modifyQuoteIncrementCharge">
      <environment name="DEFAULT" value="modifyQuoteIncrementCharge" />
    </property>
    <property name="//BT_PENSIONS_Quotes-service.module///services/BT_PENSIONS_Quotes/Quotes_v1/operations/createQuoteIncrementContribution">
      <environment name="DEFAULT" value="createQuoteIncrementContribution" />
    </property>
    <property name="//BT_PENSIONS_Quotes-service.module///services/BT_PENSIONS_Quotes/Quotes_v1/operations/createQuoteIncrementCharge">
      <environment name="DEFAULT" value="createQuoteIncrementCharge" />
    </property>
    <property name="//BT_PENSIONS_Quotes-service.module///services/BT_PENSIONS_Quotes/Quotes_v1/operations/findQuoteIncrementContributions">
      <environment name="DEFAULT" value="findQuoteIncrementContributions" />
    </property>
    <property name="//BT_PENSIONS_Quotes-service.module///services/BT_PENSIONS_Quotes/Quotes_v1/operations/createQuoteIncrementTransferIn">
      <environment name="DEFAULT" value="createQuoteIncrementTransferIn" />
    </property>
    <property name="//BT_PENSIONS_Quotes-service.module///services/BT_PENSIONS_Quotes/Quotes_v1/operations/getQuoteIncrementTransferIn">
      <environment name="DEFAULT" value="getQuoteIncrementTransferIn" />
    </property>
    <property name="//BT_PENSIONS_Quotes-service.module///services/BT_PENSIONS_Quotes/Quotes_v1/operations/modifyQuote">
      <environment name="DEFAULT" value="modifyQuote" />
    </property>
    <property name="//BT_PENSIONS_Quotes-service.module///services/BT_PENSIONS_Quotes/Quotes_v1/operations/getQuoteIncrementCharge">
      <environment name="DEFAULT" value="getQuoteIncrementCharge" />
    </property>
    <property name="//BT_PENSIONS_Quotes-service.module///services/BT_PENSIONS_Quotes/Quotes_v1/operations/createQuoteIncrement">
      <environment name="DEFAULT" value="createQuoteIncrement" />
    </property>
    <property name="//BT_PENSIONS_Quotes-service.module///services/BT_PENSIONS_Quotes/Quotes_v1/operations/modifyQuoteIncrement">
      <environment name="DEFAULT" value="modifyQuoteIncrement" />
    </property>
    <property name="//BT_PENSIONS_Quotes-service.module///services/BT_PENSIONS_Quotes/Quotes_v1/operations/findQuotes">
      <environment name="DEFAULT" value="findQuotes" />
    </property>
    <property name="//BT_PENSIONS_Quotes-service.module///services/BT_PENSIONS_Quotes/Quotes_v1/operations/getQuoteIncrement">
      <environment name="DEFAULT" value="getQuoteIncrement" />
    </property>
    <property name="//BT_PENSIONS_Quotes-service.module///services/BT_PENSIONS_Quotes/Quotes_v1/operations/modifyQuoteIncrementTransferIn">
      <environment name="DEFAULT" value="modifyQuoteIncrementTransferIn" />
    </property>
    <property name="//BT_PENSIONS_Quotes-service.module///services/BT_PENSIONS_Quotes/Quotes_v1/operations/updateQuoteIncrementContribution">
      <environment name="DEFAULT" value="updateQuoteIncrementContribution" />
    </property>
    <property name="//BT_PENSIONS_Quotes-service.module///services/BT_PENSIONS_Quotes/Quotes_v1/operations/findQuoteIncrementCharges">
      <environment name="DEFAULT" value="findQuoteIncrementCharges" />
    </property>
    <property name="//BT_PENSIONS_Quotes-service.module///services/BT_PENSIONS_Quotes/Quotes_v1/operations/createQuote">
      <environment name="DEFAULT" value="createQuote" />
    </property>
    <property name="//BT_PENSIONS_Quotes-service.module///services/BT_PENSIONS_Quotes/Quotes_v1/operations/getQuote">
      <environment name="DEFAULT" value="getQuote" />
    </property>
    <property name="//BT_PENSIONS_Quotes-service.module///services/BT_PENSIONS_Quotes/Quotes_v1/operations/findQuoteIncrements">
      <environment name="DEFAULT" value="findQuoteIncrements" />
    </property>
    <property name="//BT_PENSIONS_Quotes-service.module///services/BT_PENSIONS_Quotes/Quotes_v1/operations/getQuoteIncrementContribution">
      <environment name="DEFAULT" value="getQuoteIncrementContribution" />
    </property>
    <property name="//BT_PENSIONS_Quotes-service.module///services/BT_PENSIONS_Quotes/Quotes_v1/ftl/endpoint">
      <environment name="DEFAULT" value="SyncResponseDyn_ep" />
    </property>
    <property name="//BT_PENSIONS_Quotes-service.module///services/BT_PENSIONS_Quotes/Quotes_v1/ftl/contentMatcher_getQuoteIncrementTranferIn">
      <environment name="DEFAULT" value="{&quot;channel&quot;:&quot;bt_pensions_quotes_getquoteincrementtranferin_v1&quot;}" />
    </property>
    <property name="//BT_PENSIONS_Quotes-service.module///services/BT_PENSIONS_Quotes/Quotes_v1/ftl/contentMatcher_modifyQuoteIncrementContribution">
      <environment name="DEFAULT" value="{&quot;channel&quot;:&quot;bt_pensions_quotes_modifyquoteincrementcontribution_v1&quot;}" />
    </property>
    <property name="//BT_PENSIONS_Quotes-service.module///services/BT_PENSIONS_Quotes/Quotes_v1/ftl/contentMatcher_getQuoteIncrement">
      <environment name="DEFAULT" value="{&quot;channel&quot;:&quot;bt_pensions_quotes_getquoteincrement_v1&quot;}" />
    </property>
    <property name="//BT_PENSIONS_Quotes-service.module///services/BT_PENSIONS_Quotes/Quotes_v1/ftl/contentMatcher_findQuoteIncrementCharges">
      <environment name="DEFAULT" value="{&quot;channel&quot;:&quot;bt_pensions_quotes_findquoteincrementcharges_v1&quot;}" />
    </property>
    <property name="//BT_PENSIONS_Quotes-service.module///services/BT_PENSIONS_Quotes/Quotes_v1/ftl/contentMatcher_createQuoteIncrementTransferIn">
      <environment name="DEFAULT" value="{&quot;channel&quot;:&quot;bt_pensions_quotes_createquoteincrementtransferin_v1&quot;}" />
    </property>
    <property name="//BT_PENSIONS_Quotes-service.module///services/BT_PENSIONS_Quotes/Quotes_v1/ftl/contentMatcher_createQuoteIncrementContribution">
      <environment name="DEFAULT" value="{&quot;channel&quot;:&quot;bt_pensions_quotes_createquoteincrementcontribution_v1&quot;}" />
    </property>
    <property name="//BT_PENSIONS_Quotes-service.module///services/BT_PENSIONS_Quotes/Quotes_v1/ftl/contentMatcher_findQuoteIncrementTranferIns">
      <environment name="DEFAULT" value="{&quot;channel&quot;:&quot;bt_pensions_quotes_findquoteincrementtranferins_v1&quot;}" />
    </property>
    <property name="//BT_PENSIONS_Quotes-service.module///services/BT_PENSIONS_Quotes/Quotes_v1/ftl/contentMatcher_findQuotes">
      <environment name="DEFAULT" value="{&quot;channel&quot;:&quot;bt_pensions_quotes_findquotes_v1&quot;}" />
    </property>
    <property name="//BT_PENSIONS_Quotes-service.module///services/BT_PENSIONS_Quotes/Quotes_v1/ftl/contentMatcher_getQuote">
      <environment name="DEFAULT" value="{&quot;channel&quot;:&quot;bt_pensions_quotes_getquote_v1&quot;}" />
    </property>
    <property name="//BT_PENSIONS_Quotes-service.module///services/BT_PENSIONS_Quotes/Quotes_v1/ftl/contentMatcher_updateQuoteIncrementContribution">
      <environment name="DEFAULT" value="{&quot;channel&quot;:&quot;bt_pensions_quotes_updatequoteincrementcontribution_v1&quot;}" />
    </property>
    <property name="//BT_PENSIONS_Quotes-service.module///services/BT_PENSIONS_Quotes/Quotes_v1/ftl/contentMatcher_getQuoteIncrementContribution">
      <environment name="DEFAULT" value="{&quot;channel&quot;:&quot;bt_pensions_quotes_getquoteincrementcontribution_v1&quot;}" />
    </property>
    <property name="//BT_PENSIONS_Quotes-service.module///services/BT_PENSIONS_Quotes/Quotes_v1/ftl/contentMatcher_modifyQuoteIncrementTransferIn">
      <environment name="DEFAULT" value="{&quot;channel&quot;:&quot;bt_pensions_quotes_modifyquoteincrementtransferin_v1&quot;}" />
    </property>
    <property name="//BT_PENSIONS_Quotes-service.module///services/BT_PENSIONS_Quotes/Quotes_v1/ftl/contentMatcher_createQuoteIncrementCharge">
      <environment name="DEFAULT" value="{&quot;channel&quot;:&quot;bt_pensions_quotes_createquoteincrementcharge_v1&quot;}" />
    </property>
    <property name="//BT_PENSIONS_Quotes-service.module///services/BT_PENSIONS_Quotes/Quotes_v1/ftl/contentMatcher_findQuoteIncrementContributions">
      <environment name="DEFAULT" value="{&quot;channel&quot;:&quot;bt_pensions_quotes_findquoteincrementcontributions_v1&quot;}" />
    </property>
    <property name="//BT_PENSIONS_Quotes-service.module///services/BT_PENSIONS_Quotes/Quotes_v1/ftl/contentMatcher_findQuoteIncrements">
      <environment name="DEFAULT" value="{&quot;channel&quot;:&quot;bt_pensions_quotes_findquoteincrements_v1&quot;}" />
    </property>
    <property name="//BT_PENSIONS_Quotes-service.module///services/BT_PENSIONS_Quotes/Quotes_v1/ftl/contentMatcher_modifyQuote">
      <environment name="DEFAULT" value="{&quot;channel&quot;:&quot;bt_pensions_quotes_modifyquote_v1&quot;}" />
    </property>
    <property name="//BT_PENSIONS_Quotes-service.module///services/BT_PENSIONS_Quotes/Quotes_v1/ftl/contentMatcher_getQuoteIncrementCharge">
      <environment name="DEFAULT" value="{&quot;channel&quot;:&quot;bt_pensions_quotes_getquoteincrementcharge_v1&quot;}" />
    </property>
    <property name="//BT_PENSIONS_Quotes-service.module///services/BT_PENSIONS_Quotes/Quotes_v1/ftl/contentMatcher_modifyQuoteIncrement">
      <environment name="DEFAULT" value="{&quot;channel&quot;:&quot;bt_pensions_quotes_modifyquoteincrement_v1&quot;}" />
    </property>
    <property name="//BT_PENSIONS_Quotes-service.module///services/BT_PENSIONS_Quotes/Quotes_v1/ftl/contentMatcher_modifyQuoteIncrementCharge">
      <environment name="DEFAULT" value="{&quot;channel&quot;:&quot;bt_pensions_quotes_modifyquoteincrementcharge_v1&quot;}" />
    </property>
    <property name="//BT_PENSIONS_Quotes-service.module///services/BT_PENSIONS_Quotes/Quotes_v1/ftl/contentMatcher_createQuoteIncrement">
      <environment name="DEFAULT" value="{&quot;channel&quot;:&quot;bt_pensions_quotes_createquoteincrement_v1&quot;}" />
    </property>
    <property name="//BT_PENSIONS_Quotes-service.module///services/BT_PENSIONS_Quotes/Quotes_v1/ftl/contentMatcher_createQuote">
      <environment name="DEFAULT" value="{&quot;channel&quot;:&quot;bt_pensions_quotes_createquote_v1&quot;}" />
    </property>
    <property name="//BT_PENSIONS_Quotes-service.module///services/BT_PENSIONS_Quotes/Quotes_v1/ftl/advanced/durableName">
      <environment name="DEFAULT" value="" />
    </property>
    <property name="//BT_PENSIONS_Quotes-service.module///services/BT_PENSIONS_Quotes/Quotes_v1/ftl/advanced/subscriberName">
      <environment name="DEFAULT" value="" />
    </property>
    <property name="//BT_PENSIONS_Quotes-service.module///services/BT_PENSIONS_Quotes/Quotes_v1/ftl/advanced/queueSize">
      <environment name="DEFAULT" value="-1" />
    </property>
    <property name="//BT_PENSIONS_Quotes-service.module///services/BT_PENSIONS_Quotes/Quotes_v1/ftl/advanced/thread">
      <environment name="DEFAULT" value="1" />
    </property>
    <property name="//BT_PENSIONS_Quotes-service.module///services/BT_PENSIONS_Quotes/Quotes_v1/ftl/advanced/workerThreads">
      <environment name="DEFAULT" value="50%" />
    </property>
    <property name="//BT_PENSIONS_Quotes-service.module///services/BT_PENSIONS_Quotes/Quotes_v1/ftl/advanced/durableNames/durable_getQuoteIncrement">
      <environment name="DEFAULT" value="bt_pensions_quotes_getquoteincrement_v1" />
    </property>
    <property name="//BT_PENSIONS_Quotes-service.module///services/BT_PENSIONS_Quotes/Quotes_v1/ftl/advanced/durableNames/durable_modifyQuote">
      <environment name="DEFAULT" value="bt_pensions_quotes_modifyquote_v1" />
    </property>
    <property name="//BT_PENSIONS_Quotes-service.module///services/BT_PENSIONS_Quotes/Quotes_v1/ftl/advanced/durableNames/durable_createQuoteIncrementContribution">
      <environment name="DEFAULT" value="bt_pensions_quotes_createquoteincrementcontribution_v1" />
    </property>
    <property name="//BT_PENSIONS_Quotes-service.module///services/BT_PENSIONS_Quotes/Quotes_v1/ftl/advanced/durableNames/durable_getQuoteIncrementContribution">
      <environment name="DEFAULT" value="bt_pensions_quotes_getquoteincrementcontribution_v1" />
    </property>
    <property name="//BT_PENSIONS_Quotes-service.module///services/BT_PENSIONS_Quotes/Quotes_v1/ftl/advanced/durableNames/durable_createQuote">
      <environment name="DEFAULT" value="bt_pensions_quotes_createquote_v1" />
    </property>
    <property name="//BT_PENSIONS_Quotes-service.module///services/BT_PENSIONS_Quotes/Quotes_v1/ftl/advanced/durableNames/durable_findQuoteIncrementTranferIns">
      <environment name="DEFAULT" value="bt_pensions_quotes_findquoteincrementtranferins_v1" />
    </property>
    <property name="//BT_PENSIONS_Quotes-service.module///services/BT_PENSIONS_Quotes/Quotes_v1/ftl/advanced/durableNames/durable_getQuoteIncrementTranferIn">
      <environment name="DEFAULT" value="bt_pensions_quotes_getquoteincrementtranferin_v1" />
    </property>
    <property name="//BT_PENSIONS_Quotes-service.module///services/BT_PENSIONS_Quotes/Quotes_v1/ftl/advanced/durableNames/durable_findQuotes">
      <environment name="DEFAULT" value="bt_pensions_quotes_findquotes_v1" />
    </property>
    <property name="//BT_PENSIONS_Quotes-service.module///services/BT_PENSIONS_Quotes/Quotes_v1/ftl/advanced/durableNames/durable_createQuoteIncrement">
      <environment name="DEFAULT" value="bt_pensions_quotes_createquoteincrement_v1" />
    </property>
    <property name="//BT_PENSIONS_Quotes-service.module///services/BT_PENSIONS_Quotes/Quotes_v1/ftl/advanced/durableNames/durable_modifyQuoteIncrementContribution">
      <environment name="DEFAULT" value="bt_pensions_quotes_modifyquoteincrementcontribution_v1" />
    </property>
    <property name="//BT_PENSIONS_Quotes-service.module///services/BT_PENSIONS_Quotes/Quotes_v1/ftl/advanced/durableNames/durable_modifyQuoteIncrementTransferIn">
      <environment name="DEFAULT" value="bt_pensions_quotes_modifyquoteincrementtransferin_v1" />
    </property>
    <property name="//BT_PENSIONS_Quotes-service.module///services/BT_PENSIONS_Quotes/Quotes_v1/ftl/advanced/durableNames/durable_findQuoteIncrementCharges">
      <environment name="DEFAULT" value="bt_pensions_quotes_findquoteincrementcharges_v1" />
    </property>
    <property name="//BT_PENSIONS_Quotes-service.module///services/BT_PENSIONS_Quotes/Quotes_v1/ftl/advanced/durableNames/durable_findQuoteIncrements">
      <environment name="DEFAULT" value="bt_pensions_quotes_findquoteincrements_v1" />
    </property>
    <property name="//BT_PENSIONS_Quotes-service.module///services/BT_PENSIONS_Quotes/Quotes_v1/ftl/advanced/durableNames/durable_modifyQuoteIncrementCharge">
      <environment name="DEFAULT" value="bt_pensions_quotes_modifyquoteincrementcharge_v1" />
    </property>
    <property name="//BT_PENSIONS_Quotes-service.module///services/BT_PENSIONS_Quotes/Quotes_v1/ftl/advanced/durableNames/durable_getQuote">
      <environment name="DEFAULT" value="bt_pensions_quotes_getquote_v1" />
    </property>
    <property name="//BT_PENSIONS_Quotes-service.module///services/BT_PENSIONS_Quotes/Quotes_v1/ftl/advanced/durableNames/durable_modifyQuoteIncrement">
      <environment name="DEFAULT" value="bt_pensions_quotes_modifyquoteincrement_v1" />
    </property>
    <property name="//BT_PENSIONS_Quotes-service.module///services/BT_PENSIONS_Quotes/Quotes_v1/ftl/advanced/durableNames/durable_updateQuoteIncrementContribution">
      <environment name="DEFAULT" value="bt_pensions_quotes_updatequoteincrementcontribution_v1" />
    </property>
    <property name="//BT_PENSIONS_Quotes-service.module///services/BT_PENSIONS_Quotes/Quotes_v1/ftl/advanced/durableNames/durable_createQuoteIncrementTransferIn">
      <environment name="DEFAULT" value="bt_pensions_quotes_createquoteincrementtransferin_v1" />
    </property>
    <property name="//BT_PENSIONS_Quotes-service.module///services/BT_PENSIONS_Quotes/Quotes_v1/ftl/advanced/durableNames/durable_createQuoteIncrementCharge">
      <environment name="DEFAULT" value="bt_pensions_quotes_createquoteincrementcharge_v1" />
    </property>
    <property name="//BT_PENSIONS_Quotes-service.module///services/BT_PENSIONS_Quotes/Quotes_v1/ftl/advanced/durableNames/durable_findQuoteIncrementContributions">
      <environment name="DEFAULT" value="bt_pensions_quotes_findquoteincrementcontributions_v1" />
    </property>
    <property name="//BT_PENSIONS_Quotes-service.module///services/BT_PENSIONS_Quotes/Quotes_v1/ftl/advanced/durableNames/durable_getQuoteIncrementCharge">
      <environment name="DEFAULT" value="bt_pensions_quotes_getquoteincrementcharge_v1" />
    </property>
  </properties>
     <deployment>
    <appspace>
      <environment name="DEFAULT" value="RLG_AS_BT"/>
    </appspace>
	<uploadArchivePath>
      <environment name="DEFAULT" value="Quotes"/>
    </uploadArchivePath>
  </deployment>
</configuration>