﻿<?xml version="1.0" encoding="utf-8"?>
<configuration>
  <properties>
    <property name="//PT_PENSIONS_RefData_GetTransferProviders-implement.module///services/PT_PENSIONS_RefData_GetTransferProviders/GetTransferProviders_v1/ftlRequest/endpoint">
      <environment name="DEFAULT" value="SyncRequestDyn_ep" />
    </property>
    <property name="//PT_PENSIONS_RefData_GetTransferProviders-implement.module///services/PT_PENSIONS_RefData_GetTransferProviders/GetTransferProviders_v1/ftlRequest/channel">
      <environment name="DEFAULT" value="bt_pension_refdata_gettransferproviders_v1" />
    </property>
    <property name="//PT_PENSIONS_RefData_GetTransferProviders-implement.module///services/PT_PENSIONS_RefData_GetTransferProviders/GetTransferProviders_v1/ftlRequest/advanced/activityTimeout">
      <environment name="DEFAULT" value="30000" />
    </property>
	    <property name="//LIB_RESOURCE_HTTP-implement.module///resources/LIB_RESOURCE_HTTP/HTTP_v1/httpConnectorResource/port">
      <environment name="DEFAULT" value="~TIBVAL_HTTP_port~" />
    </property>
    <property name="//LIB_RESOURCE_HTTP-implement.module///resources/LIB_RESOURCE_HTTP/HTTP_v1/httpConnectorResource/host">
      <environment name="DEFAULT" value="~TIBVAL_HTTP_host~" />
    </property>
  </properties>
     <deployment>
    <appspace>
      <environment name="DEFAULT" value="RLG_AS_PT"/>
    </appspace>
	<uploadArchivePath>
      <environment name="DEFAULT" value="TransferProviders"/>
    </uploadArchivePath>
  </deployment>
</configuration>