{
  "swagger" : "2.0",
  "info" : {
    "version" : "1.0",
    "title" : "Summary about the new REST service.",
    "description" : "Summary about the new REST service."
  },
  "host" : "localhost:8080",
  "basePath" : "/",
  "schemes" : [ "http" ],
  "paths" : {
    "/secure/api/sales/v1/applications" : {
      "post" : {
        "description" : "",
        "operationId" : "post-secure-api-sales-v1-applications",
        "consumes" : [ "application/json" ],
        "produces" : [ "application/json" ],
        "parameters" : [ {
          "name" : "body",
          "in" : "body",
          "description" : "",
          "schema" : {
            "$ref" : "#/definitions/ApplicationRequest"
          },
          "required" : true
        } ],
        "responses" : {
          "200" : {
            "description" : "a commonResponse to be returned",
            "schema" : {
              "$ref" : "#/definitions/commonResponse"
            }
          },
          "400" : {
            "description" : "The request was invalid or cannot be otherwise served.",
            "schema" : {
              "$ref" : "#/definitions/RESTException"
            }
          },
          "401" : {
            "description" : "Authentication credentials were missing or incorrect",
            "schema" : {
              "$ref" : "#/definitions/RESTException"
            }
          },
          "404" : {
            "description" : "Not Found",
            "schema" : {
              "$ref" : "#/definitions/RESTException"
            }
          },
          "500" : {
            "description" : "A server error was encountered during a downstream call by the API",
            "schema" : {
              "$ref" : "#/definitions/RESTException"
            }
          },
          "201" : {
            "description" : "Created",
            "schema" : {
              "$ref" : "#/definitions/commonResponse"
            }
          }
        }
      },
      "get" : {
        "description" : "",
        "operationId" : "get-secure-api-sales-v1-applications",
        "consumes" : [ "application/json" ],
        "produces" : [ "application/json" ],
        "parameters" : [ {
          "name" : "pageReset",
          "in" : "query",
          "description" : "",
          "type" : "string",
          "required" : false
        }, {
          "name" : "expand",
          "in" : "query",
          "description" : "",
          "type" : "string",
          "required" : false
        }, {
          "name" : "sortOrder",
          "in" : "query",
          "description" : "",
          "type" : "string",
          "required" : false
        }, {
          "name" : "pageSize",
          "in" : "query",
          "description" : "",
          "type" : "string",
          "required" : false
        }, {
          "name" : "sortBy",
          "in" : "query",
          "description" : "",
          "type" : "string",
          "required" : false
        }, {
          "name" : "page",
          "in" : "query",
          "description" : "",
          "type" : "string",
          "required" : false
        }, {
          "name" : "sessionId",
          "in" : "query",
          "description" : "",
          "type" : "string",
          "required" : false
        }, {
          "name" : "applicantId",
          "in" : "query",
          "description" : "",
          "type" : "string",
          "required" : false
        }, {
          "name" : "applicationId",
          "in" : "query",
          "description" : "",
          "type" : "string",
          "required" : false
        } ],
        "responses" : {
          "200" : {
            "description" : "a applications to be returned",
            "schema" : {
              "$ref" : "#/definitions/applications"
            },
            "headers" : { }
          },
          "400" : {
            "description" : "The request was invalid or cannot be otherwise served.",
            "schema" : {
              "$ref" : "#/definitions/RESTException"
            }
          },
          "401" : {
            "description" : "Authentication credentials were missing or incorrect",
            "schema" : {
              "$ref" : "#/definitions/RESTException"
            }
          },
          "404" : {
            "description" : "Not Found",
            "schema" : {
              "$ref" : "#/definitions/RESTException"
            }
          },
          "500" : {
            "description" : "A server error was encountered during a downstream call by the API",
            "schema" : {
              "$ref" : "#/definitions/RESTException"
            }
          }
        }
      }
    }
  },
  "definitions" : {
    "RESTException" : {
      "type" : "object",
      "properties" : { }
    },
    "commonResponse" : {
      "type" : "object",
      "properties" : {
        "applicationId" : {
          "type" : "string"
        }
      }
    },
    "ApplicationRequest" : {
      "type" : "object",
      "properties" : {
        "applicantId" : {
          "type" : "string"
        }
      }
    },
    "_items" : {
      "type" : "object",
      "properties" : {
        "applicationStartDate" : {
          "type" : "string",
          "format" : "date"
        },
        "href" : {
          "type" : "string"
        },
        "applicationId" : {
          "type" : "string"
        },
        "applicantId" : {
          "type" : "string"
        }
      }
    },
    "_metadata" : {
      "type" : "object",
      "properties" : {
        "pageNumber" : {
          "type" : "integer"
        },
        "retrievedAt" : {
          "type" : "string"
        },
        "pageSize" : {
          "type" : "integer"
        },
        "sessionId" : {
          "type" : "string"
        },
        "itemsCount" : {
          "type" : "integer"
        },
        "pageMax" : {
          "type" : "integer"
        }
      }
    },
    "applications" : {
      "type" : "object",
      "properties" : {
        "_items" : {
          "type" : "array",
          "items" : {
            "$ref" : "#/definitions/_items",
            "uniqueItems" : false
          }
        },
        "_metadata" : {
          "$ref" : "#/definitions/_metadata"
        }
      }
    }
  }
}