<?xml version="1.0" encoding="utf-8"?>
<configuration>
  <properties>
    <property name="//LIB_RESOURCE_HTTP-implement.module///resources/LIB_RESOURCE_HTTP/HTTP_v1/httpConnectorResource/port">
      <environment name="DEFAULT" value="~TIBVAL_HTTP_port~" />
    </property>
    <property name="//LIB_RESOURCE_HTTP-implement.module///resources/LIB_RESOURCE_HTTP/HTTP_v1/httpConnectorResource/host">
      <environment name="DEFAULT" value="~TIBVAL_HTTP_host~" />
    </property>
    <property name="//PT_PENSIONS_Policies-service.module///service/PT_PENSIONS_POLICIES/Policies/href/policyURIv1">
      <environment name="DEFAULT" value="/secure/api/v1/policies/" />
    </property>
    <property name="//PT_PENSIONS_Policies-service.module///service/PT_PENSIONS_POLICIES/Policies/href/policyURI">
      <environment name="DEFAULT" value="http://royallondon.com/secure/api/v2/policies/" />
    </property>
    <property name="//PT_PENSIONS_Policies-service.module///service/PT_PENSIONS_POLICIES/Policies/operations/createBankAccounts">
      <environment name="DEFAULT" value="createBankAccounts" />
    </property>
    <property name="//PT_PENSIONS_Policies-service.module///service/PT_PENSIONS_POLICIES/Policies/operations/findIncrements">
      <environment name="DEFAULT" value="findIncrements" />
    </property>
    <property name="//PT_PENSIONS_Policies-service.module///service/PT_PENSIONS_POLICIES/Policies/operations/findTransactions">
      <environment name="DEFAULT" value="findTransactions" />
    </property>
    <property name="//PT_PENSIONS_Policies-service.module///service/PT_PENSIONS_POLICIES/Policies/operations/putBankAccount">
      <environment name="DEFAULT" value="putBankAccount" />
    </property>
    <property name="//PT_PENSIONS_Policies-service.module///service/PT_PENSIONS_POLICIES/Policies/operations/findBankAccounts">
      <environment name="DEFAULT" value="findBankAccounts" />
    </property>
    <property name="//PT_PENSIONS_Policies-service.module///service/PT_PENSIONS_POLICIES/Policies/operations/findBeneficiaries">
      <environment name="DEFAULT" value="findBeneficiaries" />
    </property>
    <property name="//PT_PENSIONS_Policies-service.module///service/PT_PENSIONS_POLICIES/Policies/operations/getBankAccount">
      <environment name="DEFAULT" value="getBankAccount" />
    </property>
    <property name="//PT_PENSIONS_Policies-service.module///service/PT_PENSIONS_POLICIES/Policies/operations/getPolicy">
      <environment name="DEFAULT" value="getPolicy" />
    </property>
    <property name="//PT_PENSIONS_Policies-service.module///service/PT_PENSIONS_POLICIES/Policies/operations/findPolicies">
      <environment name="DEFAULT" value="findPolicies" />
    </property>
    <property name="//PT_PENSIONS_Policies-service.module///service/PT_PENSIONS_POLICIES/Policies/operations/createExitQuotes">
      <environment name="DEFAULT" value="createExitQuotes" />
    </property>
    <property name="//PT_PENSIONS_Policies-service.module///service/PT_PENSIONS_POLICIES/Policies/operations/createExits">
      <environment name="DEFAULT" value="createExits" />
    </property>
    <property name="//PT_PENSIONS_Policies-service.module///service/PT_PENSIONS_POLICIES/Policies/operations/getExitQuotes">
      <environment name="DEFAULT" value="getExitQuotes" />
    </property>
    <property name="//PT_PENSIONS_Policies-service.module///service/PT_PENSIONS_POLICIES/Policies/statusCode/code204">
      <environment name="DEFAULT" value="NO-CONTENT" />
    </property>
    <property name="//PT_PENSIONS_Policies-service.module///service/PT_PENSIONS_POLICIES/Policies/statusCode/code201">
      <environment name="DEFAULT" value="CREATED" />
    </property>
    <property name="//PT_PENSIONS_Policies-service.module///service/PT_PENSIONS_POLICIES/Policies/statusCode/code200">
      <environment name="DEFAULT" value="OK" />
    </property>
    <property name="//PT_PENSIONS_Policies-service.module///service/PT_PENSIONS_POLICIES/Policies/parameters/policyId">
      <environment name="DEFAULT" value="PP1000001" />
    </property>
    <property name="//PT_PENSIONS_Policies-service.module///service/PT_PENSIONS_POLICIES/Policies/parameters/DocumentPrintFlat">
      <environment name="DEFAULT" value="Y" />
    </property>
    <property name="//PT_PENSIONS_Policies-service.module///service/PT_PENSIONS_POLICIES/Policies/parameters/customerId">
      <environment name="DEFAULT" value="CUST100274" />
    </property>
    <property name="//PT_PENSIONS_Policies-implement.module///services/PT_PENSIONS_POLICIES/Policies/ftlRequest/channel_createExitQuotes">
      <environment name="DEFAULT" value="bt_pensions_policies_createExitQuotes_v2" />
    </property>
    <property name="//PT_PENSIONS_Policies-implement.module///services/PT_PENSIONS_POLICIES/Policies/ftlRequest/channel_findBankAccounts">
      <environment name="DEFAULT" value="bt_pensions_policies_findBankAccounts" />
    </property>
    <property name="//PT_PENSIONS_Policies-implement.module///services/PT_PENSIONS_POLICIES/Policies/ftlRequest/channel_findPolicies">
      <environment name="DEFAULT" value="bt_pensions_policies_findPolicies_v2" />
    </property>
    <property name="//PT_PENSIONS_Policies-implement.module///services/PT_PENSIONS_POLICIES/Policies/ftlRequest/channel_getPolicy">
      <environment name="DEFAULT" value="bt_pensions_policies_getPolicy_v2" />
    </property>
    <property name="//PT_PENSIONS_Policies-implement.module///services/PT_PENSIONS_POLICIES/Policies/ftlRequest/channel_findIncrements">
      <environment name="DEFAULT" value="bt_pensions_policies_findIncrements_v2" />
    </property>
    <property name="//PT_PENSIONS_Policies-implement.module///services/PT_PENSIONS_POLICIES/Policies/ftlRequest/channel_getBankAccount">
      <environment name="DEFAULT" value="bt_pensions_policies_getBankAccount" />
    </property>
    <property name="//PT_PENSIONS_Policies-implement.module///services/PT_PENSIONS_POLICIES/Policies/ftlRequest/channel_createExits">
      <environment name="DEFAULT" value="bt_pensions_policies_createExit_v2" />
    </property>
    <property name="//PT_PENSIONS_Policies-implement.module///services/PT_PENSIONS_POLICIES/Policies/ftlRequest/endpoint">
      <environment name="DEFAULT" value="SyncRequestDyn_ep" />
    </property>
    <property name="//PT_PENSIONS_Policies-implement.module///services/PT_PENSIONS_POLICIES/Policies/ftlRequest/channel_findBeneficiaries">
      <environment name="DEFAULT" value="bt_pensions_policies_findBeneficiaries_v2" />
    </property>
    <property name="//PT_PENSIONS_Policies-implement.module///services/PT_PENSIONS_POLICIES/Policies/ftlRequest/exceptionMessage">
      <environment name="DEFAULT" value="The request was invalid or cannot be otherwise served." />
    </property>
    <property name="//PT_PENSIONS_Policies-implement.module///services/PT_PENSIONS_POLICIES/Policies/ftlRequest/exceptionCode">
      <environment name="DEFAULT" value="400" />
    </property>
    <property name="//PT_PENSIONS_Policies-implement.module///services/PT_PENSIONS_POLICIES/Policies/ftlRequest/channel_modifyBankAccount">
      <environment name="DEFAULT" value="bt_pensions_policies_modifyBankAccount" />
    </property>
    <property name="//PT_PENSIONS_Policies-implement.module///services/PT_PENSIONS_POLICIES/Policies/ftlRequest/channel_findTransactions">
      <environment name="DEFAULT" value="bt_pensions_policies_findTransactions_v2" />
    </property>
    <property name="//PT_PENSIONS_Policies-implement.module///services/PT_PENSIONS_POLICIES/Policies/ftlRequest/channel_findExitQuotes">
      <environment name="DEFAULT" value="bt_pensions_policies_getExitQuotes_v2" />
    </property>
    <property name="//PT_PENSIONS_Policies-implement.module///services/PT_PENSIONS_POLICIES/Policies/ftlRequest/channel_createBankAccounts">
      <environment name="DEFAULT" value="bt_pensions_policies_createBankAccount" />
    </property>
    <property name="//PT_PENSIONS_Policies-implement.module///services/PT_PENSIONS_POLICIES/Policies/ftlRequest/format">
      <environment name="DEFAULT" value="CSF" />
    </property>
    <property name="//PT_PENSIONS_Policies-implement.module///services/PT_PENSIONS_POLICIES/Policies/ftlRequest/restStausCode">
      <environment name="DEFAULT" value="400" />
    </property>
    <property name="//PT_PENSIONS_Policies-implement.module///services/PT_PENSIONS_POLICIES/Policies/ftlRequest/advanced/activityTimeout">
      <environment name="DEFAULT" value="30000" />
    </property>
  </properties>
  <deployment>
    <appspace>
      <environment name="DEFAULT" value="RLG_AS_PT"/>
    </appspace>
	<uploadArchivePath>
      <environment name="DEFAULT" value="Policies"/>
    </uploadArchivePath>
  </deployment>
</configuration>