﻿<?xml version="1.0" encoding="utf-8"?>
<configuration>
  <properties>
    <property name="//BT_PENSIONS_RefData_GetTransferProviders-implement.module///services/BT_PENSIONS_RefData_GetTransferProviders/GetTransferProviders_v1/ftlRequest/endpoint">
      <environment name="DEFAULT" value="SyncRequestDyn_ep" />
    </property>
    <property name="//BT_PENSIONS_RefData_GetTransferProviders-implement.module///services/BT_PENSIONS_RefData_GetTransferProviders/GetTransferProviders_v1/ftlRequest/channel">
      <environment name="DEFAULT" value="tt_pension_refdata_gettransferproviders_v1" />
    </property>
    <property name="//BT_PENSIONS_RefData_GetTransferProviders-implement.module///services/BT_PENSIONS_RefData_GetTransferProviders/GetTransferProviders_v1/ftlRequest/advanced/activityTimeout">
      <environment name="DEFAULT" value="30000" />
    </property>
    <property name="//BT_PENSIONS_RefData_GetTransferProviders-service.module///services/BT_PENSIONS_RefData_GetTransferProviders/GetTransferProviders_v1/ftlGetTransferProviders/contentMatcher">
      <environment name="DEFAULT" value="{&quot;channel&quot;:&quot;bt_pension_refdata_gettransferproviders_v1&quot;}" />
    </property>
    <property name="//BT_PENSIONS_RefData_GetTransferProviders-service.module///services/BT_PENSIONS_RefData_GetTransferProviders/GetTransferProviders_v1/ftlGetTransferProviders/endpoint">
      <environment name="DEFAULT" value="SyncResponseDyn_ep" />
    </property>
    <property name="//BT_PENSIONS_RefData_GetTransferProviders-service.module///services/BT_PENSIONS_RefData_GetTransferProviders/GetTransferProviders_v1/ftlGetTransferProviders/advanced/subscriberName">
      <environment name="DEFAULT" value="" />
    </property>
    <property name="//BT_PENSIONS_RefData_GetTransferProviders-service.module///services/BT_PENSIONS_RefData_GetTransferProviders/GetTransferProviders_v1/ftlGetTransferProviders/advanced/durableName/durableName_GetTransferProviders">
      <environment name="DEFAULT" value="bt_pension_refdata_gettransferproviders_v1" />
    </property>
    <property name="//BT_PENSIONS_RefData_GetTransferProviders-service.module///services/BT_PENSIONS_RefData_GetTransferProviders/GetTransferProviders_v1/ftlGetTransferProviders/advanced/ftlQueueSize">
      <environment name="DEFAULT" value="-1" />
    </property>
    <property name="//BT_PENSIONS_RefData_GetTransferProviders-service.module///services/BT_PENSIONS_RefData_GetTransferProviders/GetTransferProviders_v1/ftlGetTransferProviders/advanced/ftlQueueDispatcherThreads">
      <environment name="DEFAULT" value="1" />
    </property>
    <property name="//BT_PENSIONS_RefData_GetTransferProviders-service.module///services/BT_PENSIONS_RefData_GetTransferProviders/GetTransferProviders_v1/ftlGetTransferProviders/advanced/activityWorkerThreads">
      <environment name="DEFAULT" value="50%" />
    </property>
  </properties>
   <deployment>
    <appspace>
      <environment name="DEFAULT" value="RLG_AS_BT"/>
    </appspace>
	<uploadArchivePath>
      <environment name="DEFAULT" value="TransferProviders"/>
    </uploadArchivePath>
  </deployment>
</configuration>