<configuration>
  <properties>
    <property name="//LIB_RESOURCE_HTTP-implement.module///resources/LIB_RESOURCE_HTTP/HTTP_v1/httpConnectorResource/port">
      <environment name="DEFAULT" value="50006"/>
    </property>

    <property name="//PT_OAUTH_Token-implement.module///services/IT_OAUTH_Token/Token_v1/createAccessToken/channel">
      <environment name="DEFAULT" value="bt_oauth_token_createaccesstoken_v1"/>
    </property>
    <property name="//PT_OAUTH_Token-implement.module///services/IT_OAUTH_Token/Token_v1/createAccessToken/ftlRequestReply/endpoint">
      <environment name="DEFAULT" value="SyncRequestDyn_ep"/>
    </property>
    <property name="//PT_OAUTH_Token-implement.module///services/IT_OAUTH_Token/Token_v1/createAccessToken/ftlRequestReply/advanced/activityTimeoutMsec">
      <environment name="DEFAULT" value="100000"/>
    </property>

    <property name="//TT_OAUTH_Mashery-implement.module///services/TT_OAUTH_Mashery/Mashery_v1/createAccessToken/serviceKey">
      <environment name="DEFAULT" value="957bz2rgzjcamc5b3mpdnrgk"/>
    </property>
    <property name="//TT_OAUTH_Mashery-implement.module///services/TT_OAUTH_Mashery/Mashery_v1/createAccessToken/redirectUri">
      <environment name="DEFAULT" value="https://client.example.com/c"/>
    </property>
    <property name="//TT_OAUTH_Mashery-implement.module///services/TT_OAUTH_Mashery/Mashery_v1/createAccessToken/clientId">
      <environment name="DEFAULT" value="8qbjzru6zuszk6xx6mz5nvq6"/>
    </property>
    <property name="//TT_OAUTH_Mashery-implement.module///services/TT_OAUTH_Mashery/Mashery_v1/createAccessToken/method">
      <environment name="DEFAULT" value="oauth2.createAccessToken"/>
    </property>
    <property name="//TT_OAUTH_Mashery-implement.module///services/TT_OAUTH_Mashery/Mashery_v1/createAccessToken/activityTimeoutSeconds">
      <environment name="DEFAULT" value="5"/>
    </property>
    <property name="//TT_OAUTH_Mashery-implement.module///services/TT_OAUTH_Mashery/Mashery_v1/createAccessToken/grantType">
      <environment name="DEFAULT" value="client_credentials"/>
    </property>

    <property name="//TT_OAUTH_Mashery-implement.module///services/TT_OAUTH_Mashery/Mashery_v1/jsonrpc/id">
      <environment name="DEFAULT" value="1"/>
    </property>
    <property name="//TT_OAUTH_Mashery-implement.module///services/TT_OAUTH_Mashery/Mashery_v1/jsonrpc/version">
      <environment name="DEFAULT" value="2.0"/>
    </property>

    <property name="//TT_OAUTH_Mashery-implement.module///resources/TT_OAUTH_Mashery/Mashery_v1/masheryHttpClient/defaultPort">
      <environment name="DEFAULT" value="8083"/>
    </property>
    <property name="//TT_OAUTH_Mashery-implement.module///resources/TT_OAUTH_Mashery/Mashery_v1/masheryHttpClient/defaultHost">
      <environment name="DEFAULT" value="oauth-bws.testroyallondongroup.com"/>
    </property>

    <property name="//TT_OAUTH_Mashery-implement.module///resources/TT_OAUTH_Mashery/Mashery_v1/masheryHttpClient/disableConnectionPooling">
      <environment name="DEFAULT" value="false"/>
    </property>
    <property name="//TT_OAUTH_Mashery-implement.module///resources/TT_OAUTH_Mashery/Mashery_v1/masheryHttpClient/idleConnectionTimeoutMs">
      <environment name="DEFAULT" value="3000"/>
    </property>
    <property name="//TT_OAUTH_Mashery-implement.module///resources/TT_OAUTH_Mashery/Mashery_v1/masheryHttpClient/maximumTotalConnections">
      <environment name="DEFAULT" value="200"/>
    </property>
    <property name="//TT_OAUTH_Mashery-implement.module///resources/TT_OAUTH_Mashery/Mashery_v1/masheryHttpClient/maximumTotalConnectionsPerHostRoute">
      <environment name="DEFAULT" value="20"/>
    </property>
    <property name="//TT_OAUTH_Mashery-implement.module///resources/TT_OAUTH_Mashery/Mashery_v1/masheryHttpClient/staleCheck">
      <environment name="DEFAULT" value="false"/>
    </property>
    <property name="//TT_OAUTH_Mashery-implement.module///resources/TT_OAUTH_Mashery/Mashery_v1/masheryHttpClient/advanced/logRequestResponseTime">
      <environment name="DEFAULT" value="false"/>
    </property>
    <property name="//TT_OAUTH_Mashery-implement.module///resources/TT_OAUTH_Mashery/Mashery_v1/masheryHttpClient/advanced/useSingleCookieHeader">
      <environment name="DEFAULT" value="false"/>
    </property>
    <property name="//TT_OAUTH_Mashery-implement.module///resources/TT_OAUTH_Mashery/Mashery_v1/masheryHttpClient/advanced/acceptRedirect">
      <environment name="DEFAULT" value="false"/>
    </property>
    <property name="//TT_OAUTH_Mashery-implement.module///resources/TT_OAUTH_Mashery/Mashery_v1/masheryHttpClient/advanced/useNonPreemptiveAuthentication">
      <environment name="DEFAULT" value="false"/>
    </property>
    <property name="//TT_OAUTH_Mashery-implement.module///resources/TT_OAUTH_Mashery/Mashery_v1/masheryHttpClient/advanced/socketTimeoutMs">
      <environment name="DEFAULT" value="0"/>
    </property>
    <property name="//TT_OAUTH_Mashery-implement.module///resources/TT_OAUTH_Mashery/Mashery_v1/masheryHttpClient/advanced/connectionTimeoutMs">
      <environment name="DEFAULT" value="0"/>
    </property>
    <property name="//TT_OAUTH_Mashery-implement.module///resources/TT_OAUTH_Mashery/Mashery_v1/masheryHttpClient/advanced/retryCount">
      <environment name="DEFAULT" value="3"/>
    </property>
    
    <property name="//TT_OAUTH_Mashery-implement.module///resources/TT_OAUTH_Mashery/Mashery_v1/masheryIdentifyProvider/password">
      <environment name="DEFAULT" value="#!OL3DQNv8NrKPIP/p7IS0t5VwDgKNTlTsXfglUXjrApb8nvbwZ1H+Hkt5zOKPf0aR"/>
    </property>
    <property name="//TT_OAUTH_Mashery-implement.module///resources/TT_OAUTH_Mashery/Mashery_v1/masheryIdentifyProvider/username">
      <environment name="DEFAULT" value="oAuth_Mashery"/>
    </property>
    <property name="//TT_OAUTH_Mashery-implement.module///resources/TT_OAUTH_Mashery/Mashery_v1/masheryKeystoreProvider/refreshInterval">
      <environment name="DEFAULT" value="3600000"/>
    </property>
    <property name="//TT_OAUTH_Mashery-implement.module///resources/TT_OAUTH_Mashery/Mashery_v1/masheryKeystoreProvider/password">
      <environment name="DEFAULT" value="#!0T5o2F5Tb1Q7DUq+tzihPtb8WxKJdksjSCXLITIcfIc="/>
    </property>

    <property name="//LIB_UTIL_CSF-implement.module///services/LIB_UTIL_CSF/CSF_v1/jwt/required">
      <environment name="DEFAULT" value="true"/>
    </property>
  </properties>
</configuration>
