{
  "swagger" : "2.0",
  "info" : {
    "version" : "1.0",
    "title" : "Summary about the new REST service.",
    "description" : "Summary about the new REST service."
  },
  "host" : "localhost:8080",
  "basePath" : "/",
  "schemes" : [ "http" ],
  "paths" : {
    "/oauth/token" : {
      "post" : {
        "description" : "",
        "operationId" : "post-oauth-token",
        "consumes" : [ "application/json" ],
        "produces" : [ "application/json" ],
        "parameters" : [ {
          "name" : "body",
          "in" : "body",
          "description" : "",
          "schema" : {
            "$ref" : "#/definitions/tokenRequest"
          },
          "required" : true
        } ],
        "responses" : {
          "200" : {
            "description" : "a tokenResponse to be returned",
            "schema" : {
              "$ref" : "#/definitions/tokenResponse"
            },
            "headers" : { }
          },
          "400" : {
            "description" : "Bad Request",
            "schema" : {
              "$ref" : "#/definitions/RESTException"
            }
          },
          "401" : {
            "description" : "Unauthorized",
            "schema" : {
              "$ref" : "#/definitions/RESTException"
            }
          },
          "500" : {
            "description" : "Internal Server Error",
            "schema" : {
              "$ref" : "#/definitions/RESTException"
            }
          }
        }
      }
    }
  },
  "definitions" : {
    "RESTException" : {
      "type" : "object",
      "properties" : { }
    },
    "tokenRequest" : {
      "type" : "object",
      "properties" : {
        "jwt" : {
          "type" : "string"
        }
      }
    },
    "tokenResponse" : {
      "type" : "object",
      "properties" : {
        "access_token" : {
          "type" : "string"
        },
        "token_type" : {
          "type" : "string"
        },
        "expires_in" : {
          "type" : "integer"
        }
      }
    }
  }
}