{
  "swagger" : "2.0",
  "info" : {
    "version" : "1.0",
    "title" : "Summary about the new REST service.",
    "description" : "Summary about the new REST service."
  },
  "host" : "localhost:8080",
  "basePath" : "/",
  "schemes" : [ "http" ],
  "paths" : {
    "/secure/api/v2/policies/{policyId}/exitQuotes" : {
      "post" : {
        "description" : "",
        "operationId" : "post-policies-policyid-exitquotessecure-api-v2-policies-exitquotes",
        "consumes" : [ "application/json" ],
        "produces" : [ "application/json" ],
        "parameters" : [ {
          "name" : "body",
          "in" : "body",
          "description" : "",
          "schema" : {
            "$ref" : "#/definitions/createExitQuoteDocumentRequest"
          },
          "required" : true
        }, {
          "name" : "policyId",
          "in" : "path",
          "description" : "",
          "type" : "string",
          "required" : true
        } ],
        "responses" : {
          "400" : {
            "description" : "The request was invalid or cannot be otherwise served",
            "schema" : {
              "$ref" : "#/definitions/RESTException"
            }
          },
          "401" : {
            "description" : "Authentication credentials were missing or incorrect.",
            "schema" : {
              "$ref" : "#/definitions/RESTException"
            }
          },
          "404" : {
            "description" : "The policyId Not found.",
            "schema" : {
              "$ref" : "#/definitions/RESTException"
            }
          },
          "500" : {
            "description" : "A server error was encountered during a downstream call by the API",
            "schema" : {
              "$ref" : "#/definitions/RESTException"
            }
          },
          "201" : {
            "description" : "Created",
            "schema" : {
              "$ref" : "#/definitions/RESTException"
            }
          },
          "200" : {
            "description" : "OK"
          }
        }
      },
      "get" : {
        "description" : "",
        "operationId" : "get-policies-policyid-exitquotessecure-api-v2-policies-exitquotes",
        "consumes" : [ "application/json" ],
        "produces" : [ "application/json" ],
        "parameters" : [ {
          "name" : "transactionType",
          "in" : "query",
          "description" : "",
          "type" : "string",
          "required" : false
        }, {
          "name" : "policyId",
          "in" : "path",
          "description" : "",
          "type" : "string",
          "required" : true
        }, {
          "name" : "withdrawalAmount",
          "in" : "query",
          "description" : "",
          "type" : "string",
          "required" : false
        }, {
          "name" : "fullAmountFlag",
          "in" : "query",
          "description" : "",
          "type" : "boolean",
          "required" : false
        } ],
        "responses" : {
          "200" : {
            "description" : "a listQuotesResponse to be returned",
            "schema" : {
              "type" : "array",
              "items" : {
                "$ref" : "#/definitions/listQuotesResponse",
                "uniqueItems" : false
              }
            },
            "headers" : { }
          },
          "400" : {
            "description" : "The request was invalid or cannot be otherwise served",
            "schema" : {
              "$ref" : "#/definitions/RESTException"
            }
          },
          "401" : {
            "description" : "Authentication credentials were missing or incorrect.",
            "schema" : {
              "$ref" : "#/definitions/RESTException"
            }
          },
          "404" : {
            "description" : "The policyId Not found.",
            "schema" : {
              "$ref" : "#/definitions/RESTException"
            }
          },
          "500" : {
            "description" : "A server error was encountered during a downstream call by the API",
            "schema" : {
              "$ref" : "#/definitions/RESTException"
            }
          }
        }
      }
    }
  },
  "definitions" : {
    "RESTException" : {
      "type" : "object",
      "properties" : { }
    },
    "_items" : {
      "type" : "object",
      "properties" : {
        "taxFreeValue" : {
          "type" : "number"
        },
        "outstandingAdviserCharge" : {
          "type" : "number"
        },
        "taxableValue" : {
          "type" : "number"
        },
        "withdrawalAmount" : {
          "type" : "number"
        },
        "taxDeduction" : {
          "type" : "number"
        },
        "settlementValue" : {
          "type" : "number"
        }
      }
    },
    "createExitQuoteDocumentRequest" : {
      "type" : "object",
      "required" : [ "transactionType", "caseId", "fullAmountFlag" ],
      "properties" : {
        "transactionType" : {
          "type" : "string"
        },
        "withdrawalAmount" : {
          "type" : "integer"
        },
        "caseId" : {
          "type" : "string"
        },
        "fullAmountFlag" : {
          "type" : "boolean"
        }
      }
    },
    "listQuotesResponse" : {
      "type" : "object",
      "properties" : {
        "_items" : {
          "type" : "array",
          "items" : {
            "$ref" : "#/definitions/_items",
            "uniqueItems" : false
          }
        }
      }
    }
  }
}