{
  "swagger" : "2.0",
  "info" : {
    "version" : "1.0",
    "title" : "Summary about the new REST service.",
    "description" : "Summary about the new REST service."
  },
  "host" : "localhost:8080",
  "basePath" : "/",
  "schemes" : [ "http" ],
  "paths" : {
    "/secure/api/v2/policies/{policyId}/beneficiaries" : {
      "get" : {
        "description" : "",
        "operationId" : "get-secure-api-v2-policies-beneficiaries",
        "consumes" : [ "application/json" ],
        "produces" : [ "application/json" ],
        "parameters" : [ {
          "name" : "policyId",
          "in" : "path",
          "description" : "",
          "type" : "string",
          "required" : true
        } ],
        "responses" : {
          "200" : {
            "description" : "a beneficiariesListResponse to be returned",
            "schema" : {
              "$ref" : "#/definitions/beneficiariesListResponse"
            }
          },
          "400" : {
            "description" : "The request was invalid or cannot be otherwise served.",
            "schema" : {
              "$ref" : "#/definitions/RESTException"
            }
          },
          "401" : {
            "description" : "Authentication credentials were missing or incorrect.",
            "schema" : {
              "$ref" : "#/definitions/RESTException"
            }
          },
          "404" : {
            "description" : "the policyId not found.",
            "schema" : {
              "$ref" : "#/definitions/RESTException"
            }
          },
          "500" : {
            "description" : "A server error was encountered during a downstream call by the API",
            "schema" : {
              "$ref" : "#/definitions/RESTException"
            }
          }
        }
      }
    }
  },
  "definitions" : {
    "beneficiariesListResponse" : {
      "type" : "object",
      "properties" : {
        "discretionaryPaymentType" : {
          "type" : "string"
        },
        "beneficiaryNotes" : {
          "type" : "string"
        },
        "beneficiaries" : {
          "type" : "array",
          "items" : {
            "$ref" : "#/definitions/beneficiaries",
            "uniqueItems" : false
          }
        }
      }
    },
    "RESTException" : {
      "type" : "object",
      "properties" : { }
    },
    "beneficiaries" : {
      "type" : "object",
      "required" : [ "allocationPercentage", "surname" ],
      "properties" : {
        "allocationPercentage" : {
          "type" : "integer"
        },
        "firstName" : {
          "type" : "string"
        },
        "relationshipType" : {
          "type" : "string"
        },
        "surname" : {
          "type" : "string"
        },
        "beneficiaryType" : {
          "type" : "string"
        },
        "dateOfBirth" : {
          "type" : "string",
          "format" : "date"
        }
      }
    }
  }
}