{
  "swagger" : "2.0",
  "info" : {
    "version" : "1.0",
    "title" : "Summary about the new REST service.",
    "description" : "Summary about the new REST service."
  },
  "host" : "localhost:8080",
  "basePath" : "/",
  "schemes" : [ "http" ],
  "paths" : {
    "/secure/api/v2/policies/{policyId}/exits" : {
      "post" : {
        "description" : "",
        "operationId" : "secure-api-v2-policies-exits",
        "consumes" : [ "application/json" ],
        "produces" : [ "application/json" ],
        "parameters" : [ {
          "name" : "body",
          "in" : "body",
          "description" : "",
          "schema" : {
            "$ref" : "#/definitions/createExitRequest"
          },
          "required" : true
        }, {
          "name" : "policyId",
          "in" : "path",
          "description" : "",
          "type" : "string",
          "required" : true
        } ],
        "responses" : {
          "400" : {
            "description" : "The request was invalid or cannot be otherwise served",
            "schema" : {
              "$ref" : "#/definitions/RESTException"
            }
          },
          "401" : {
            "description" : "Authentication credentials were missing or incorrect.",
            "schema" : {
              "$ref" : "#/definitions/RESTException"
            }
          },
          "404" : {
            "description" : "the policyId not found.",
            "schema" : {
              "$ref" : "#/definitions/RESTException"
            }
          },
          "500" : {
            "description" : "A server error was encountered during a downstream call by the API",
            "schema" : {
              "$ref" : "#/definitions/RESTException"
            }
          },
          "201" : {
            "description" : "Created",
            "schema" : {
              "$ref" : "#/definitions/RESTException"
            }
          },
          "200" : {
            "description" : "OK"
          }
        }
      }
    }
  },
  "definitions" : {
    "RESTException" : {
      "type" : "object",
      "properties" : { }
    },
    "createExitRequest" : {
      "type" : "object",
      "required" : [ "transactionType", "caseId", "fullAmountFlag" ],
      "properties" : {
        "transactionType" : {
          "type" : "string"
        },
        "withdrawalAmount" : {
          "type" : "integer"
        },
        "caseId" : {
          "type" : "string"
        },
        "fullAmountFlag" : {
          "type" : "boolean"
        }
      }
    }
  }
}