{
  "swagger" : "2.0",
  "info" : {
    "version" : "1.0",
    "title" : "Summary about the new REST service.",
    "description" : "Summary about the new REST service."
  },
  "host" : "localhost:8080",
  "basePath" : "/",
  "schemes" : [ "http" ],
  "paths" : {
    "/secure/api/v2/policies/{policyId}/increments" : {
      "get" : {
        "description" : "",
        "operationId" : "get-secure-api-v2-policies-policyid-increments-incrementid",
        "consumes" : [ "application/json" ],
        "produces" : [ "application/json" ],
        "parameters" : [ {
          "name" : "policyId",
          "in" : "path",
          "description" : "",
          "type" : "string",
          "required" : true
        }, {
          "name" : "incrementType",
          "in" : "query",
          "description" : "",
          "type" : "string",
          "required" : false
        } ],
        "responses" : {
          "200" : {
            "description" : "a incrementList to be returned",
            "schema" : {
              "$ref" : "#/definitions/incrementList"
            }
          },
          "400" : {
            "description" : "The request was invalid or cannot be otherwise served.",
            "schema" : {
              "$ref" : "#/definitions/RESTException"
            }
          },
          "401" : {
            "description" : "Authentication credentials were missing or incorrect.",
            "schema" : {
              "$ref" : "#/definitions/RESTException"
            }
          },
          "404" : {
            "description" : "the policyId not found.",
            "schema" : {
              "$ref" : "#/definitions/RESTException"
            }
          },
          "500" : {
            "description" : "A server error was encountered during a downstream call by the API",
            "schema" : {
              "$ref" : "#/definitions/RESTException"
            }
          }
        }
      }
    }
  },
  "definitions" : {
    "RESTException" : {
      "type" : "object",
      "properties" : { }
    },
    "contributions" : {
      "type" : "object",
      "properties" : {
        "contributionId" : {
          "type" : "string"
        },
        "contributionFrequencyType" : {
          "type" : "string"
        },
        "taxBenefitContributionAmount" : {
          "type" : "number"
        },
        "salaryContributionPercentage" : {
          "type" : "number"
        },
        "transferSource" : {
          "type" : "string"
        },
        "escalationDate" : {
          "type" : "string",
          "format" : "date"
        },
        "applicableSalary" : {
          "type" : "number"
        },
        "escalationPercentage" : {
          "type" : "number"
        },
        "paymentType" : {
          "type" : "string"
        },
        "contributionAmount" : {
          "type" : "number"
        },
        "escalationType" : {
          "type" : "string"
        },
        "contributorType" : {
          "type" : "string"
        },
        "contributionPaymentDate" : {
          "type" : "string",
          "format" : "date"
        }
      }
    },
    "incrementList" : {
      "type" : "object",
      "properties" : {
        "_items" : {
          "type" : "array",
          "items" : {
            "$ref" : "#/definitions/_items",
            "uniqueItems" : false
          }
        }
      }
    },
    "_items" : {
      "type" : "object",
      "required" : [ "incrementId", "incrementNumber" ],
      "properties" : {
        "contributions" : {
          "type" : "array",
          "items" : {
            "$ref" : "#/definitions/contributions",
            "uniqueItems" : false
          }
        },
        "incrementType" : {
          "type" : "string"
        },
        "incrementId" : {
          "type" : "string"
        },
        "href" : {
          "type" : "string"
        },
        "incrementNumber" : {
          "type" : "integer"
        }
      }
    }
  }
}