{
  "swagger" : "2.0",
  "info" : {
    "version" : "1.0",
    "title" : "Summary about the new REST service.",
    "description" : "Summary about the new REST service."
  },
  "host" : "localhost:8080",
  "basePath" : "/",
  "schemes" : [ "http" ],
  "paths" : {
    "/secure/api/v2/policies/{policyId}" : {
      "get" : {
        "description" : "",
        "operationId" : "get-secure-api-v2-policies-policyid",
        "consumes" : [ "application/json" ],
        "produces" : [ "application/json" ],
        "parameters" : [ {
          "name" : "expand",
          "in" : "query",
          "description" : "",
          "type" : "string",
          "required" : false
        }, {
          "name" : "policyId",
          "in" : "path",
          "description" : "",
          "type" : "string",
          "required" : true
        }, {
          "name" : "endDate",
          "in" : "query",
          "description" : "",
          "type" : "string",
          "required" : false
        }, {
          "name" : "startDate",
          "in" : "query",
          "description" : "",
          "type" : "string",
          "required" : false
        } ],
        "responses" : {
          "200" : {
            "description" : "a policyDetails to be returned",
            "schema" : {
              "$ref" : "#/definitions/policyDetails"
            }
          },
          "400" : {
            "description" : "The request was invalid or cannot be otherwise served.",
            "schema" : {
              "$ref" : "#/definitions/RESTException"
            }
          },
          "401" : {
            "description" : "Authentication credentials were missing or incorrect.",
            "schema" : {
              "$ref" : "#/definitions/RESTException"
            }
          },
          "404" : {
            "description" : "the policyId not found.",
            "schema" : {
              "$ref" : "#/definitions/RESTException"
            }
          },
          "500" : {
            "description" : "A server error was encountered during a downstream call by the API",
            "schema" : {
              "$ref" : "#/definitions/RESTException"
            }
          }
        }
      }
    }
  },
  "definitions" : {
    "RESTException" : {
      "type" : "object",
      "properties" : { }
    },
    "period" : {
      "type" : "object",
      "properties" : {
        "periodStartDate" : {
          "type" : "string",
          "format" : "date"
        },
        "chargeTotals" : {
          "$ref" : "#/definitions/chargeTotals"
        },
        "performance" : {
          "$ref" : "#/definitions/performance"
        },
        "periodEndPolicyValue" : {
          "type" : "number"
        },
        "periodStartingPolicyValue" : {
          "type" : "number"
        },
        "contributionTotals" : {
          "$ref" : "#/definitions/contributionTotals"
        },
        "periodEndDate" : {
          "type" : "string",
          "format" : "date"
        }
      }
    },
    "chargeTotals" : {
      "type" : "object",
      "properties" : {
        "totalAdviserChargePercentage" : {
          "type" : "number"
        },
        "totalRoyalLondonChargePercentage" : {
          "type" : "number"
        },
        "totalAdviserChargePerIncrement" : {
          "type" : "array",
          "items" : {
            "$ref" : "#/definitions/totalAdviserChargePerIncrement",
            "uniqueItems" : false
          }
        },
        "totalProductChargePercentage" : {
          "type" : "number"
        },
        "totalAdviserChargeValue" : {
          "type" : "number"
        },
        "totalExternalChargePercentage" : {
          "type" : "number"
        }
      }
    },
    "performance" : {
      "type" : "object",
      "properties" : {
        "periodGrowthValue" : {
          "type" : "number"
        },
        "periodGrowthPerAnnumPercentage" : {
          "type" : "number"
        },
        "periodInvestmentReturnValue" : {
          "type" : "number"
        },
        "periodGrowthPercentage" : {
          "type" : "number"
        }
      }
    },
    "totalAdviserChargePerIncrement" : {
      "type" : "object",
      "properties" : {
        "totalCharge" : {
          "type" : "number"
        },
        "incrementType" : {
          "type" : "string"
        },
        "incrementID" : {
          "type" : "string"
        }
      }
    },
    "contributionTotals" : {
      "type" : "object",
      "properties" : {
        "totalTransfersValue" : {
          "type" : "number"
        },
        "totalProfitShareValue" : {
          "type" : "number"
        },
        "totalEmployerRegularContributionsValue" : {
          "type" : "number"
        },
        "totalEmployerContributionsValue" : {
          "type" : "number"
        },
        "totalContributionsValue" : {
          "type" : "number"
        },
        "totalPolicyHolderRegularContributionsValue" : {
          "type" : "number"
        },
        "totalPolicyHolderSingleContributionsValue" : {
          "type" : "number"
        },
        "totalPolicyHolderContributionsValue" : {
          "type" : "number"
        },
        "totalEmployerSingleContributionsValue" : {
          "type" : "number"
        }
      }
    },
    "policyDetails" : {
      "type" : "object",
      "properties" : {
        "period" : {
          "$ref" : "#/definitions/period"
        },
        "policyId" : {
          "type" : "string"
        },
        "statusType" : {
          "type" : "string"
        },
        "selectedRetirementAge" : {
          "type" : "integer"
        },
        "selectedRetirementDate" : {
          "type" : "string",
          "format" : "date"
        },
        "currentPolicyValue" : {
          "type" : "number"
        },
        "productName" : {
          "type" : "string"
        },
        "startDate" : {
          "type" : "string",
          "format" : "date"
        },
        "expectedNextStatementDate" : {
          "type" : "string",
          "format" : "date"
        }
      }
    }
  }
}