﻿<?xml version="1.0" encoding="utf-8"?>
<configuration>
  <properties>
    <property name="//PT_PENSIONS_Applications-service.module///services/URI">
      <environment name="DEFAULT" value="/secure/api/sales/v1/applications/" />
    </property>
    <property name="//PT_PENSIONS_Applications-service.module///services/operationCreate">
      <environment name="DEFAULT" value="CREATE" />
    </property>
    <property name="//PT_PENSIONS_Applications-service.module///services/operationApplication">
      <environment name="DEFAULT" value="GET" />
    </property>
    <property name="//PT_PENSIONS_Applications-service.module///services/operationListApplications">
      <environment name="DEFAULT" value="FIND" />
    </property>
    <property name="//PT_PENSIONS_Applications-service.module///services/ResponceCode/Code200">
      <environment name="DEFAULT" value="OK" />
    </property>
    <property name="//PT_PENSIONS_Applications-service.module///services/ResponceCode/Code201">
      <environment name="DEFAULT" value="CREATED" />
    </property>
    <property name="//PT_PENSIONS_Applications-implement.module///services/PT_PENSIONS_Applications/Applications_v1/Format">
      <environment name="DEFAULT" value="CSF" />
    </property>
    <property name="//PT_PENSIONS_Applications-implement.module///services/PT_PENSIONS_Applications/Applications_v1/Channel_RetrieveApplications">
      <environment name="DEFAULT" value="bt_pensions_sms_applications_findapplication_v1" />
    </property>
    <property name="//PT_PENSIONS_Applications-implement.module///services/PT_PENSIONS_Applications/Applications_v1/Channel_RetrieveApplication">
      <environment name="DEFAULT" value="bt_pensions_sms_applications_getapplication_v1" />
    </property>
    <property name="//PT_PENSIONS_Applications-implement.module///services/PT_PENSIONS_Applications/Applications_v1/Channel_CreateApplication">
      <environment name="DEFAULT" value="bt_pensions_sms_applications_createapplication_v1" />
    </property>
    <property name="//PT_PENSIONS_Applications-implement.module///services/PT_PENSIONS_Applications/Applications_v1/ftlRequest/FtlConnection">
      <environment name="DEFAULT" value="LIB.RESOURCE.FTLCLIENT.FTLCLIENT_v1.ftl.ClientFTLRealmServerConnection" />
    </property>
    <property name="//PT_PENSIONS_Applications-implement.module///services/PT_PENSIONS_Applications/Applications_v1/ftlRequest/endpoint">
      <environment name="DEFAULT" value="SyncRequestDyn_ep" />
    </property>
    <property name="//PT_PENSIONS_Applications-implement.module///services/PT_PENSIONS_Applications/Applications_v1/ftlRequest/advanced/timeout">
      <environment name="DEFAULT" value="30000" />
    </property>
    <property name="//LIB_RESOURCE_HTTP-implement.module///resources/LIB_RESOURCE_HTTP/HTTP_v1/httpConnectorResource/port">
      <environment name="DEFAULT" value="~TIBVAL_HTTP_port~" />
    </property>
    <property name="//LIB_RESOURCE_HTTP-implement.module///resources/LIB_RESOURCE_HTTP/HTTP_v1/httpConnectorResource/host">
      <environment name="DEFAULT" value="~TIBVAL_HTTP_host~" />
    </property>
    </properties>
  <deployment>
    <appspace>
      <environment name="DEFAULT" value="RLG_AS_PT"/>
    </appspace>
	<uploadArchivePath>
      <environment name="DEFAULT" value="Applications"/>
    </uploadArchivePath>
  </deployment>
</configuration>