{
  "swagger": "2.0",
  "info": {
    "version": "2.5",
    "title": "Policies",
    "termsOfService": "governance-6"
  },
  "host": "adviser.royallondon.com",
  "basePath": "/secure/api",
  "schemes": [
    "https"
  ],
  "paths": {
    "/v2/policies": {
      "get": {
        "summary": "retrieve a list of policies",
        "consumes": [
          "application/json"
        ],
        "produces": [
          "application/json"
        ],
        "parameters": [
          {
            "name": "Authorization",
            "required": false,
            "in": "header",
            "description": "Json web token (mandatory) if logged in as customer then the customerId is in JWT, if logged in as adviser then the adviserId is in JWT \n",
            "type": "string"
          },
          {
            "name": "customerId",
            "in": "query",
            "description": "customerId is optional if adviserId is in JWT ",
            "type": "string"
          },
          {
            "name": "expand",
            "in": "query",
            "required": false,
            "type": "string",
            "description": "Please refer to the sharepoint link\nhttp://rliprojects-portal/programme/scottishlife/ThinkBeyond/APIFactory/Project%20Documents/2.%20Solution%20Design/Integration%20Layer%20and%20APIs%20Technical%20Note_1.1.docx\non usage of Expand, Sorting and paging approach\n"
          },
          {
            "name": "page",
            "in": "query",
            "required": false,
            "type": "number",
            "description": "Please refer to the sharepoint link\nhttp://rliprojects-portal/programme/scottishlife/ThinkBeyond/APIFactory/Project%20Documents/2.%20Solution%20Design/Integration%20Layer%20and%20APIs%20Technical%20Note_1.1.docx\non usage of Expand, Sorting and paging approach\n"
          },
          {
            "name": "pageSize",
            "in": "query",
            "required": false,
            "type": "number",
            "description": "Please refer to the sharepoint link\nhttp://rliprojects-portal/programme/scottishlife/ThinkBeyond/APIFactory/Project%20Documents/2.%20Solution%20Design/Integration%20Layer%20and%20APIs%20Technical%20Note_1.1.docx\non usage of Expand, Sorting and paging approach\n"
          },
          {
            "name": "sessionId",
            "in": "query",
            "required": false,
            "type": "string",
            "description": "Please refer to the sharepoint link\nhttp://rliprojects-portal/programme/scottishlife/ThinkBeyond/APIFactory/Project%20Documents/2.%20Solution%20Design/Integration%20Layer%20and%20APIs%20Technical%20Note_1.1.docx\non usage of Expand, Sorting and paging approach\n"
          },
          {
            "name": "pageReset",
            "in": "query",
            "required": false,
            "type": "string",
            "description": "Please refer to the sharepoint link\nhttp://rliprojects-portal/programme/scottishlife/ThinkBeyond/APIFactory/Project%20Documents/2.%20Solution%20Design/Integration%20Layer%20and%20APIs%20Technical%20Note_1.1.docx\non usage of Expand, Sorting and paging approach\n"
          }
        ],
        "responses": {
          "200": {
            "description": "OK",
            "schema": {
              "$ref": "#/definitions/policies"
            }
          },
          "400": {
            "description": "The request was invalid or cannot be otherwise served.",
            "schema": {
              "$ref": "#/definitions/errorResponse"
            }
          },
          "401": {
            "description": "Authentication credentials were missing or incorrect.",
            "schema": {
              "$ref": "#/definitions/errorResponse"
            }
          },
          "500": {
            "description": "A server error was encountered during a downstream call by the API",
            "schema": {
              "$ref": "#/definitions/errorResponse"
            }
          }
        }
      }
    },
    "/v2/policies/{policyId}": {
      "get": {
        "summary": "retrieve the details of policy",
        "parameters": [
          {
            "name": "policyId",
            "in": "path",
            "required": true,
            "type": "string",
            "description": "Policy ID"
          },
          {
            "name": "expand",
            "in": "query",
            "required": false,
            "description": "Please refer to the sharepoint link\nhttp://rliprojects-portal/programme/scottishlife/ThinkBeyond/APIFactory/Project%20Documents/2.%20Solution%20Design/Integration%20Layer%20and%20APIs%20Technical%20Note_1.1.docx\non usage of Expand, Sorting and paging approach\nAs default ChargeTotals, PolicyTotals and Performance will not be returned as part of the period object\nTo expand the period object you can pass one or more of the following;\n * ChargeTotals\n * PolicyTotals\n * Performance\n",
            "type": "string"
          },
          {
            "name": "startDate",
            "in": "query",
            "required": false,
            "description": "Start of performance period (If not provided then should be the earliest start of the earliest policy)",
            "type": "string",
            "format": "date",
            "default": "The earliest start of the earliest policy"
          },
          {
            "name": "endDate",
            "in": "query",
            "required": false,
            "description": "End of performance period (If not provided then this should be the current date)",
            "type": "string",
            "format": "date",
            "default": "Current date"
          }
        ],
        "responses": {
          "200": {
            "description": "OK",
            "schema": {
              "$ref": "#/definitions/policyDetails"
            }
          },
          "400": {
            "description": "The request was invalid or cannot be otherwise served.",
            "schema": {
              "$ref": "#/definitions/errorResponse"
            }
          },
          "401": {
            "description": "Authentication credentials were missing or incorrect.",
            "schema": {
              "$ref": "#/definitions/errorResponse"
            }
          },
          "404": {
            "description": "the policyId not found.",
            "schema": {
              "$ref": "#/definitions/errorResponse"
            }
          },
          "500": {
            "description": "A server error was encountered during a downstream call by the API",
            "schema": {
              "$ref": "#/definitions/errorResponse"
            }
          }
        }
      }
    },
    "/v2/policies/{policyId}/increments": {
      "get": {
        "summary": "retrieve the details of the increments of policy",
        "parameters": [
          {
            "name": "policyId",
            "in": "path",
            "required": true,
            "type": "string",
            "description": "Policy ID\n"
          },
          {
            "name": "incrementType",
            "in": "query",
            "type": "string",
            "required": false,
            "description": "filter result by increment type\n * TV\n * SP\n * RP\n"
          },
          {
            "name": "expand",
            "in": "query",
            "type": "string",
            "required": false,
            "description": "Please refer to the sharepoint link http://rliprojects-portal/programme/scottishlife/ThinkBeyond/APIFactory/Project%20Documents/2.%20Solution%20Design/Integration%20Layer%20and%20APIs%20Technical%20Note_1.1.docx\non usage of Expand, Sorting and paging approach\nAs default only data shown bellow will be returned\nTo expand the items object you can pass one or more of the following;\n  * Contributions (adds data in policies/{policyId}/increments/{incrementId})\n"
          }
        ],
        "responses": {
          "200": {
            "description": "OK",
            "schema": {
              "$ref": "#/definitions/incrementList"
            }
          },
          "400": {
            "description": "The request was invalid or cannot be otherwise served.",
            "schema": {
              "$ref": "#/definitions/errorResponse"
            }
          },
          "401": {
            "description": "Authentication credentials were missing or incorrect.",
            "schema": {
              "$ref": "#/definitions/errorResponse"
            }
          },
          "404": {
            "description": "the policyId not found.\n",
            "schema": {
              "$ref": "#/definitions/errorResponse"
            }
          },
          "500": {
            "description": "A server error was encountered during a downstream call by the API",
            "schema": {
              "$ref": "#/definitions/errorResponse"
            }
          }
        }
      }
    },
    "/v2/policies/{policyId}/increments/{incrementId}": {
      "get": {
        "summary": "retrieve the details of of a specific increments for a given policy",
        "parameters": [
          {
            "name": "policyId",
            "in": "path",
            "required": true,
            "type": "string",
            "description": "Policy ID\n"
          },
          {
            "name": "incrementId",
            "in": "path",
            "required": true,
            "type": "string",
            "description": "increment ID"
          }
        ],
        "responses": {
          "200": {
            "description": "OK",
            "schema": {
              "$ref": "#/definitions/incrementDetail"
            }
          },
          "400": {
            "description": "The request was invalid or cannot be otherwise served.",
            "schema": {
              "$ref": "#/definitions/errorResponse"
            }
          },
          "401": {
            "description": "Authentication credentials were missing or incorrect.",
            "schema": {
              "$ref": "#/definitions/errorResponse"
            }
          },
          "404": {
            "description": "Not Found (policy or increment)",
            "schema": {
              "$ref": "#/definitions/errorResponse"
            }
          },
          "500": {
            "description": "A server error was encountered during a downstream call by the API",
            "schema": {
              "$ref": "#/definitions/errorResponse"
            }
          }
        }
      }
    },
    "/v2/policies/{policyId}/increments/{incrementId}/adviserCharges": {
      "get": {
        "summary": "retrieve the details of adviser charge instructions for a specific increment for a given policy",
        "parameters": [
          {
            "name": "policyId",
            "in": "path",
            "required": true,
            "type": "string",
            "description": "Policy ID"
          },
          {
            "name": "incrementId",
            "in": "path",
            "required": true,
            "type": "string",
            "description": "increment ID"
          }
        ],
        "responses": {
          "200": {
            "description": "OK",
            "schema": {
              "$ref": "#/definitions/adviserChargeList"
            }
          },
          "400": {
            "description": "The request was invalid or cannot be otherwise served.",
            "schema": {
              "$ref": "#/definitions/errorResponse"
            }
          },
          "401": {
            "description": "Authentication credentials were missing or incorrect.",
            "schema": {
              "$ref": "#/definitions/errorResponse"
            }
          },
          "404": {
            "description": "the policyId not found.",
            "schema": {
              "$ref": "#/definitions/errorResponse"
            }
          },
          "500": {
            "description": "A server error was encountered during a downstream call by the API",
            "schema": {
              "$ref": "#/definitions/errorResponse"
            }
          }
        }
      }
    },
    "/v2/policies/{policyId}/increments/{incrementId}/adviserCharges/{adviserChargeId}": {
      "get": {
        "summary": "retrieve the details of adviser charge instructions for a specific increment for a given policy",
        "parameters": [
          {
            "name": "policyId",
            "in": "path",
            "required": true,
            "type": "string",
            "description": "Policy ID\n"
          },
          {
            "name": "incrementId",
            "in": "path",
            "required": true,
            "type": "string",
            "description": "increment ID"
          },
          {
            "name": "adviserChargeId",
            "in": "path",
            "required": true,
            "type": "string",
            "description": "adviser charge ID"
          }
        ],
        "responses": {
          "200": {
            "description": "OK",
            "schema": {
              "$ref": "#/definitions/adviserChargeDetail"
            }
          },
          "400": {
            "description": "The request was invalid or cannot be otherwise served.",
            "schema": {
              "$ref": "#/definitions/errorResponse"
            }
          },
          "401": {
            "description": "Authentication credentials were missing or incorrect.",
            "schema": {
              "$ref": "#/definitions/errorResponse"
            }
          },
          "404": {
            "description": "Not Found.",
            "schema": {
              "$ref": "#/definitions/errorResponse"
            }
          },
          "500": {
            "description": "A server error was encountered during a downstream call by the API",
            "schema": {
              "$ref": "#/definitions/errorResponse"
            }
          }
        }
      }
    },
    "/v2/policies/{policyId}/transactions": {
      "get": {
        "summary": "retrieve contribution historical information for a given policy",
        "parameters": [
          {
            "name": "transactionType",
            "in": "query",
            "required": false,
            "type": "string",
            "description": "Filters by transaction type if not provided all transactions will be returned\n* Contributions\n* Latest Contribution\n* Charges\n* Adhoc Adviser Charges\n* Payment From Royal London\n* Withdrawals\n"
          },
          {
            "name": "statusType",
            "in": "query",
            "required": false,
            "type": "string",
            "description": "Filters by transaction status if not provided all transactions with all statuses will be returned\n* CANC \n* DISH \n* PEND \n* QUOT \n* REFD \n* REVS \n* UNCO\n"
          },
          {
            "name": "startDate",
            "in": "query",
            "required": false,
            "description": "Start of performance period (If not provided then should be the earliest start of the earliest policy)",
            "type": "string",
            "format": "date",
            "default": "The earliest start of the earliest policy"
          },
          {
            "name": "endDate",
            "in": "query",
            "required": false,
            "description": "End of performance period (If not provided then this should be the current date)",
            "type": "string",
            "format": "date",
            "default": "Current date"
          },
          {
            "name": "expand",
            "in": "query",
            "required": false,
            "type": "string",
            "description": "Please refer to the sharepoint link\nhttp://rliprojects-portal/programme/scottishlife/ThinkBeyond/APIFactory/Project%20Documents/2.%20Solution%20Design/Integration%20Layer%20and%20APIs%20Technical%20Note_1.1.docx\non usage of Expand, Sorting and paging approach\n"
          },
          {
            "name": "page",
            "in": "query",
            "required": false,
            "type": "number",
            "description": "Please refer to the sharepoint link\nhttp://rliprojects-portal/programme/scottishlife/ThinkBeyond/APIFactory/Project%20Documents/2.%20Solution%20Design/Integration%20Layer%20and%20APIs%20Technical%20Note_1.1.docx\non usage of Expand, Sorting and paging approach\n"
          },
          {
            "name": "pageSize",
            "in": "query",
            "required": false,
            "type": "number",
            "description": "Please refer to the sharepoint link\nhttp://rliprojects-portal/programme/scottishlife/ThinkBeyond/APIFactory/Project%20Documents/2.%20Solution%20Design/Integration%20Layer%20and%20APIs%20Technical%20Note_1.1.docx\non usage of Expand, Sorting and paging approach\n"
          },
          {
            "name": "sessionId",
            "in": "query",
            "required": false,
            "type": "string",
            "description": "Please refer to the sharepoint link\nhttp://rliprojects-portal/programme/scottishlife/ThinkBeyond/APIFactory/Project%20Documents/2.%20Solution%20Design/Integration%20Layer%20and%20APIs%20Technical%20Note_1.1.docx\non usage of Expand, Sorting and paging approach\n"
          },
          {
            "name": "pageReset",
            "in": "query",
            "required": false,
            "type": "string",
            "description": "Please refer to the sharepoint link\nhttp://rliprojects-portal/programme/scottishlife/ThinkBeyond/APIFactory/Project%20Documents/2.%20Solution%20Design/Integration%20Layer%20and%20APIs%20Technical%20Note_1.1.docx\non usage of Expand, Sorting and paging approach\n"
          },
          {
            "name": "policyId",
            "in": "path",
            "description": "policy id",
            "type": "string",
            "required": true
          }
        ],
        "responses": {
          "200": {
            "description": "OK",
            "schema": {
              "$ref": "#/definitions/transactions"
            }
          },
          "400": {
            "description": "The request was invalid or cannot be otherwise served.",
            "schema": {
              "$ref": "#/definitions/errorResponse"
            }
          },
          "401": {
            "description": "Authentication credentials were missing or incorrect.",
            "schema": {
              "$ref": "#/definitions/errorResponse"
            }
          },
          "404": {
            "description": "the policyId not found.",
            "schema": {
              "$ref": "#/definitions/errorResponse"
            }
          },
          "500": {
            "description": "A server error was encountered during a downstream call by the API",
            "schema": {
              "$ref": "#/definitions/errorResponse"
            }
          }
        }
      }
    },
    "/v2/policies/{policyId}/beneficiaries": {
      "get": {
        "summary": "retrieve a list of beneficiaries for policy",
        "consumes": [
          "application/json"
        ],
        "produces": [
          "application/json"
        ],
        "parameters": [
          {
            "name": "policyId",
            "in": "path",
            "description": "policyId.",
            "required": true,
            "type": "string"
          }
        ],
        "responses": {
          "200": {
            "description": "OK",
            "schema": {
              "$ref": "#/definitions/beneficiariesListResponse"
            }
          },
          "400": {
            "description": "The request was invalid or cannot be otherwise served.",
            "schema": {
              "$ref": "#/definitions/errorResponse"
            }
          },
          "401": {
            "description": "Authentication credentials were missing or incorrect.",
            "schema": {
              "$ref": "#/definitions/errorResponse"
            }
          },
          "404": {
            "description": "Not Found.",
            "schema": {
              "$ref": "#/definitions/errorResponse"
            }
          },
          "500": {
            "description": "A server error was encountered during a downstream call by the API",
            "schema": {
              "$ref": "#/definitions/errorResponse"
            }
          }
        }
      },
      "put": {
        "summary": "create a beneficiary for policy",
        "consumes": [
          "application/json"
        ],
        "produces": [
          "application/json"
        ],
        "parameters": [
          {
            "name": "policyId",
            "in": "path",
            "description": "policyId.",
            "required": true,
            "type": "string"
          },
          {
            "name": "body",
            "in": "body",
            "description": "beneficiary object that needs to be added to the policy",
            "required": true,
            "schema": {
              "$ref": "#/definitions/createBeneficiaryDetails"
            }
          }
        ],
        "responses": {
          "204": {
            "description": "No Content"
          },
          "400": {
            "description": "The request was invalid or cannot be otherwise served.",
            "schema": {
              "$ref": "#/definitions/errorResponse"
            }
          },
          "401": {
            "description": "Authentication credentials were missing or incorrect.",
            "schema": {
              "$ref": "#/definitions/errorResponse"
            }
          },
          "404": {
            "description": "the policyId not found.",
            "schema": {
              "$ref": "#/definitions/errorResponse"
            }
          },
          "500": {
            "description": "A server error was encountered during a downstream call by the API",
            "schema": {
              "$ref": "#/definitions/errorResponse"
            }
          }
        }
      }
    },
    "/v2/policies/{policyId}/exitQuotes": {
      "get": {
        "summary": "Retrieve an exit quote calculation for a given policy",
        "consumes": [
          "application/json"
        ],
        "produces": [
          "application/json"
        ],
        "parameters": [
          {
            "name": "policyId",
            "in": "path",
            "description": "Policy Id of the policy for which to query settlement values (Max 17 characters).\n",
            "required": true,
            "type": "string"
          },
          {
            "name": "transactionType",
            "in": "query",
            "description": "Transaction types Small Pot can't have withdrawal amount specified, as it always operates on total fund value. Transaction types examples are as follows\nThe Sonata Transaction Type Code will be passed here. See reference Data for full list of transaction types\n",
            "required": true,
            "type": "string"
          },
          {
            "name": "withdrawalAmount",
            "in": "query",
            "description": "Amount that user want to withdraw from total fund value.\n",
            "required": false,
            "type": "string"
          },
          {
            "name": "netAmountFlag",
            "in": "query",
            "description": "If set to true, the withdrawal amount will be considered as net amount else it will be considered as gross amount.\n",
            "required": false,
            "type": "string"
          },
          {
            "name": "fullAmountFlag",
            "in": "query",
            "description": "If set to true, the can't have withdrawal amount specified, as it always operates on total fund value, \nelse withdrawal amount will be considered as partial withdrawal amount.\n",
            "required": false,
            "type": "string"
          }
        ],
        "responses": {
          "200": {
            "description": "OK",
            "schema": {
              "$ref": "#/definitions/listQuotesResponse"
            }
          },
          "400": {
            "description": "The request was invalid or cannot be otherwise served",
            "schema": {
              "$ref": "#/definitions/errorResponse"
            }
          },
          "401": {
            "description": "Authentication credentials were missing or incorrect.",
            "schema": {
              "$ref": "#/definitions/errorResponse"
            }
          },
          "404": {
            "description": "The policyId Not found.",
            "schema": {
              "$ref": "#/definitions/errorResponse"
            }
          },
          "500": {
            "description": "A server error was encountered during a downstream call by the API",
            "schema": {
              "$ref": "#/definitions/errorResponse"
            }
          }
        }
      },
      "post": {
        "summary": "Create a request to send quote document for a given Policy, with given inputs",
        "consumes": [
          "application/json"
        ],
        "produces": [
          "application/json"
        ],
        "parameters": [
          {
            "name": "policyId",
            "in": "path",
            "description": "Policy id the number of the plan for which we want to query for plan\nsettlement values (Max 17 characters).\n",
            "required": true,
            "type": "string"
          },
          {
            "name": "documentPrintFlag",
            "in": "query",
            "description": "If the flag is true, then the Exit Quote will be printed as a document, else the Exit Quote data will be saved (for retrieval at a later point if required).\n",
            "required": true,
            "type": "string"
          },
          {
            "name": "body",
            "in": "body",
            "schema": {
              "$ref": "#/definitions/createExitQuoteDocumentRequest"
            }
          }
        ],
        "responses": {
          "201": {
            "description": "Created"
          },
          "400": {
            "description": "The request was invalid or cannot be otherwise served",
            "schema": {
              "$ref": "#/definitions/errorResponse"
            }
          },
          "401": {
            "description": "Authentication credentials were missing or incorrect.",
            "schema": {
              "$ref": "#/definitions/errorResponse"
            }
          },
          "404": {
            "description": "the policyId not found.",
            "schema": {
              "$ref": "#/definitions/errorResponse"
            }
          },
          "500": {
            "description": "A server error was encountered during a downstream call by the API",
            "schema": {
              "$ref": "#/definitions/errorResponse"
            }
          }
        }
      }
    },
    "/v2/policies/{policyId}/exits": {
      "post": {
        "summary": "Create request to execute settlement for a given Policy, based on inputs",
        "consumes": [
          "application/json"
        ],
        "produces": [
          "application/json"
        ],
        "parameters": [
          {
            "name": "policyId",
            "in": "path",
            "description": "Policy id the number of the plan for which we want to query for plan\nsettlement values (Max 17 characters).\n",
            "required": true,
            "type": "string"
          },
          {
            "name": "body",
            "in": "body",
            "schema": {
              "$ref": "#/definitions/createExitRequest"
            }
          }
        ],
        "responses": {
          "201": {
            "description": "Created"
          },
          "400": {
            "description": "The request was invalid or cannot be otherwise served",
            "schema": {
              "$ref": "#/definitions/errorResponse"
            }
          },
          "401": {
            "description": "Authentication credentials were missing or incorrect.",
            "schema": {
              "$ref": "#/definitions/errorResponse"
            }
          },
          "404": {
            "description": "the policyId not found.",
            "schema": {
              "$ref": "#/definitions/errorResponse"
            }
          },
          "500": {
            "description": "A server error was encountered during a downstream call by the API",
            "schema": {
              "$ref": "#/definitions/errorResponse"
            }
          }
        }
      }
    },
    "/v1/policies/{policyId}/bankAccounts": {
      "get": {
        "summary": "Retrieve bank accounts for a given policy",
        "consumes": [
          "application/json"
        ],
        "produces": [
          "application/json"
        ],
        "parameters": [
          {
            "name": "policyId",
            "in": "path",
            "description": "Policy Id of the policy for which to retieve bank accounts (Max 17 characters).",
            "required": true,
            "type": "string"
          },
          {
            "name": "activeDirectDebitFlag",
            "in": "query",
            "description": "If set to true, the active bank account used for the most recent DD payment for regular contributions is retrieved (i.e. the primary account against the regular contribution payment).",
            "required": false,
            "type": "boolean"
          }
        ],
        "responses": {
          "200": {
            "description": "OK",
            "schema": {
              "$ref": "#/definitions/listBankAccountsResponse"
            }
          },
          "400": {
            "description": "The request was invalid or cannot be otherwise served",
            "schema": {
              "$ref": "#/definitions/errorResponse"
            }
          },
          "401": {
            "description": "Authentication credentials were missing or incorrect.",
            "schema": {
              "$ref": "#/definitions/errorResponse"
            }
          },
          "404": {
            "description": "The policyId Not found.",
            "schema": {
              "$ref": "#/definitions/errorResponse"
            }
          },
          "500": {
            "description": "A server error was encountered during a downstream call by the API",
            "schema": {
              "$ref": "#/definitions/errorResponse"
            }
          }
        }
      },
      "post": {
        "summary": "Create a new account specific to the policy id provided",
        "consumes": [
          "application/json"
        ],
        "produces": [
          "application/json"
        ],
        "parameters": [
          {
            "name": "policyId",
            "in": "path",
            "description": "Policy Id of the policy for which to retieve bank accounts (Max 17 characters).",
            "required": true,
            "type": "string"
          },
          {
            "name": "body",
            "in": "body",
            "schema": {
              "$ref": "#/definitions/createBankAccount"
            }
          }
        ],
        "responses": {
          "201": {
            "description": "Created",
            "schema": {
              "$ref": "#/definitions/commonResponse"
            }
          },
          "400": {
            "description": "The request was invalid or cannot be otherwise served",
            "schema": {
              "$ref": "#/definitions/errorResponse"
            }
          },
          "401": {
            "description": "Authentication credentials were missing or incorrect.",
            "schema": {
              "$ref": "#/definitions/errorResponse"
            }
          },
          "404": {
            "description": "the policyId not found.",
            "schema": {
              "$ref": "#/definitions/errorResponse"
            }
          },
          "409": {
            "description": "the BankAccount Already exist.",
            "schema": {
              "$ref": "#/definitions/errorResponseBankAccountAlreadyExist"
            }
          },
          "500": {
            "description": "A server error was encountered during a downstream call by the API",
            "schema": {
              "$ref": "#/definitions/errorResponse"
            }
          }
        }
      }
    },
    "/v1/policies/{policyId}/bankAccounts/{accountId}": {
      "get": {
        "summary": "Retrieve bank account details for a given id",
        "consumes": [
          "application/json"
        ],
        "produces": [
          "application/json"
        ],
        "parameters": [
          {
            "name": "policyId",
            "in": "path",
            "description": "Policy Id of the policy for which to retieve bank accounts (Max 17 characters).",
            "required": true,
            "type": "string"
          },
          {
            "name": "accountId",
            "in": "path",
            "description": "Id for account for which to retieve the details.",
            "required": true,
            "type": "string"
          }
        ],
        "responses": {
          "200": {
            "description": "OK",
            "schema": {
              "$ref": "#/definitions/bankAccountResponse"
            }
          },
          "400": {
            "description": "The request was invalid or cannot be otherwise served",
            "schema": {
              "$ref": "#/definitions/errorResponse"
            }
          },
          "401": {
            "description": "Authentication credentials were missing or incorrect.",
            "schema": {
              "$ref": "#/definitions/errorResponse"
            }
          },
          "404": {
            "description": "The policyId Not found.",
            "schema": {
              "$ref": "#/definitions/errorResponse"
            }
          },
          "500": {
            "description": "A server error was encountered during a downstream call by the API",
            "schema": {
              "$ref": "#/definitions/errorResponse"
            }
          }
        }
      },
      "put": {
        "summary": "Modify bank account details for a given id",
        "consumes": [
          "application/json"
        ],
        "produces": [
          "application/json"
        ],
        "parameters": [
          {
            "name": "policyId",
            "in": "path",
            "description": "Policy Id of the policy for which to retieve bank accounts (Max 17 characters).",
            "required": true,
            "type": "string"
          },
          {
            "name": "accountId",
            "in": "path",
            "description": "Id for account for which to retieve the details.",
            "required": true,
            "type": "string"
          },
          {
            "name": "body",
            "in": "body",
            "schema": {
              "$ref": "#/definitions/updateBankAccount"
            }
          }
        ],
        "responses": {
          "204": {
            "description": "No Content"
          },
          "400": {
            "description": "The request was invalid or cannot be otherwise served",
            "schema": {
              "$ref": "#/definitions/errorResponse"
            }
          },
          "401": {
            "description": "Authentication credentials were missing or incorrect.",
            "schema": {
              "$ref": "#/definitions/errorResponse"
            }
          },
          "404": {
            "description": "The policyId Not found.",
            "schema": {
              "$ref": "#/definitions/errorResponse"
            }
          },
          "500": {
            "description": "A server error was encountered during a downstream call by the API",
            "schema": {
              "$ref": "#/definitions/errorResponse"
            }
          }
        }
      },
      "delete": {
        "summary": "Delete a bank account for a given id",
        "consumes": [
          "application/json"
        ],
        "produces": [
          "application/json"
        ],
        "parameters": [
          {
            "name": "policyId",
            "in": "path",
            "description": "Policy Id of the policy for which to retieve bank accounts (Max 17 characters).",
            "required": true,
            "type": "string"
          },
          {
            "name": "accountId",
            "in": "path",
            "description": "Id for account for which to retieve the details.",
            "required": true,
            "type": "string"
          }
        ],
        "responses": {
          "204": {
            "description": "No Content"
          },
          "400": {
            "description": "The request was invalid or cannot be otherwise served",
            "schema": {
              "$ref": "#/definitions/errorResponse"
            }
          },
          "401": {
            "description": "Authentication credentials were missing or incorrect.",
            "schema": {
              "$ref": "#/definitions/errorResponse"
            }
          },
          "404": {
            "description": "The policyId Not found.",
            "schema": {
              "$ref": "#/definitions/errorResponse"
            }
          },
          "500": {
            "description": "A server error was encountered during a downstream call by the API",
            "schema": {
              "$ref": "#/definitions/errorResponse"
            }
          }
        }
      }
    }
  },
  "definitions": {
    "policies": {
      "properties": {
        "_metadata": {
          "$ref": "#/definitions/metadata"
        },
        "_items": {
          "type": "array",
          "items": {
            "$ref": "#/definitions/policy"
          }
        }
      }
    },
    "policy": {
      "properties": {
        "policyId": {
          "type": "string",
          "description": "'Identifier of policy '\n"
        },
        "href": {
          "type": "string",
          "example": "http://royallondon.com/secure/api/"
        },
        "productName": {
          "type": "string",
          "description": "'Product Name for the policy '\n"
        }
      }
    },
    "policyDetails": {
      "properties": {
        "policyId": {
          "type": "string",
          "description": "'Identifier of policy '\n"
        },
        "productName": {
          "type": "string",
          "description": "'Product Name for the policy '\n"
        },
        "statusType": {
          "type": "string",
          "description": "status of the policy \n* Active\n* Closed\n* Inactive\n* PendingCancel\n* Pending\n* Suspended\n"
        },
        "startDate": {
          "type": "string",
          "format": "date",
          "example": "YYYY-MM-DD",
          "description": "'Start date of policy'\n"
        },
        "selectedRetirementDate": {
          "type": "string",
          "format": "date",
          "example": "YYYY-MM-DD",
          "description": "'Chosen retirement date for policy'\n"
        },
        "selectedRetirementAge": {
          "type": "integer",
          "example": 65,
          "description": "'Chosen retirement age for policy, derived from retirement date'\n"
        },
        "expectedNextStatementDate": {
          "type": "string",
          "format": "date",
          "example": "YYYY-MM-DD",
          "description": "'expected next statement date for policy, derived from policy start date'\n"
        },
        "currentPolicyValue": {
          "type": "number",
          "format": "double",
          "example": 154738.09,
          "description": "the current total value of a policy"
        },
        "period": {
          "type": "object",
          "description": "total value of policy",
          "properties": {
            "periodStartDate": {
              "type": "string",
              "format": "date",
              "example": "YYYY-MM-DD",
              "description": "start date of calculation (the same as the query parameters)"
            },
            "periodEndDate": {
              "type": "string",
              "format": "date",
              "example": "YYYY-MM-DD",
              "description": "end date of calculation (the same as the query parameters)"
            },
            "periodStartingPolicyValue": {
              "type": "number",
              "format": "double",
              "example": 0,
              "description": "Start date fund value"
            },
            "periodEndPolicyValue": {
              "type": "number",
              "format": "double",
              "description": "End date fund value",
              "example": 19092.98
            },
            "chargeTotals": {
              "type": "object",
              "properties": {
                "totalAdviserChargePercentage": {
                  "type": "number",
                  "format": "double",
                  "example": 0.9,
                  "description": "the total percentage value of advisor charges"
                },
                "totalAdviserChargeValue": {
                  "type": "number",
                  "format": "double",
                  "example": 9329,
                  "description": "the total value of advisor charges"
                },
                "totalAdviserChargePerIncrement": {
                  "type": "array",
                  "items": {
                    "$ref": "#/definitions/AdviserChargeValueIncrement"
                  }
                },
                "totalProductChargePercentage": {
                  "type": "number",
                  "format": "double",
                  "example": 0.54,
                  "description": "total value of all charges"
                },
                "totalRoyalLondonChargePercentage": {
                  "type": "number",
                  "format": "double",
                  "example": 0.44,
                  "description": "total value of any other charges product and investment charges"
                },
                "totalExternalChargePercentage": {
                  "type": "number",
                  "format": "double",
                  "example": 0.1,
                  "description": "total percentage value of any other charges not from royal london"
                }
              }
            },
            "contributionTotals": {
              "type": "object",
              "properties": {
                "totalContributionsValue": {
                  "type": "number",
                  "format": "double",
                  "example": 45586.05,
                  "description": "total of all RP's TV's and SP's contributions for the Policy"
                },
                "totalTransfersValue": {
                  "type": "number",
                  "format": "double",
                  "example": 45586.05,
                  "description": "total of all RP's TV's and SP's contributions for the Policy"
                },
                "totalProfitShareValue": {
                  "type": "number",
                  "format": "double",
                  "example": 45586.05,
                  "description": "total contributions for the Policy"
                },
                "totalPolicyHolderContributionsValue": {
                  "type": "number",
                  "format": "double",
                  "example": 45586.05,
                  "description": "total policyHolder contributions regular and single for the Policy"
                },
                "totalPolicyHolderRegularContributionsValue": {
                  "type": "number",
                  "format": "double",
                  "example": 45586.05,
                  "description": "total regular policyHolder contributions for the Policy"
                },
                "totalPolicyHolderSingleContributionsValue": {
                  "type": "number",
                  "format": "double",
                  "example": 45586.05,
                  "description": "total single policyHolder contributions for the Policy"
                },
                "totalEmployerContributionsValue": {
                  "type": "number",
                  "format": "double",
                  "example": 45586.05,
                  "description": "total employer contributions for the Policy"
                },
                "totalEmployerRegularContributionsValue": {
                  "type": "number",
                  "format": "double",
                  "example": 45586.05,
                  "description": "total regular employer contributions for the Policy"
                },
                "totalEmployerSingleContributionsValue": {
                  "type": "number",
                  "format": "double",
                  "example": 45586.05,
                  "description": "total single employer contributions for the Policy"
                }
              }
            },
            "performance": {
              "type": "object",
              "description": "performance for given performance period will only return if performance flag is selected",
              "properties": {
                "periodInvestmentReturnValue": {
                  "type": "number",
                  "format": "double",
                  "description": "Investment return value (total growth excluding the profit share - total advisor charges)",
                  "example": 100
                },
                "periodGrowthValue": {
                  "type": "number",
                  "format": "double",
                  "description": "Total investment Growth + total profit share - total adviser charges",
                  "example": 3845.98
                },
                "periodGrowthPercentage": {
                  "type": "number",
                  "format": "double",
                  "description": "Total growth percentage over period",
                  "example": 2.81
                },
                "periodGrowthPerAnnumPercentage": {
                  "type": "number",
                  "format": "double",
                  "description": "Total growth percentage per year",
                  "example": 2.81
                }
              }
            }
          }
        }
      }
    },
    "adviserChargeList": {
      "type": "object",
      "properties": {
        "_items": {
          "type": "array",
          "items": {
            "$ref": "#/definitions/adviserChargeDetails"
          }
        }
      }
    },
    "adviserChargeDetails": {
      "type": "object",
      "description": "adviser charges",
      "properties": {
        "adviserChargeId": {
          "type": "string",
          "description": "adviser charge unique Id"
        },
        "href": {
          "type": "string",
          "example": "http://royallondon.com/secure/api/"
        },
        "chargePeriodType": {
          "type": "string",
          "example": "Initial",
          "description": "The period of time the charge is applicable for\n * Initial\n * Ongoing\n * ASAP\n"
        },
        "chargeBasisType": {
          "type": "string",
          "example": "percentage",
          "description": "basis of charge\n * Percentage\n * Amount\n"
        },
        "chargeValue": {
          "type": "number",
          "format": "double",
          "example": 0.5,
          "description": "value of charge"
        },
        "chargeDuration": {
          "type": "integer",
          "example": 5,
          "description": "charge duration in months"
        },
        "chargeStartDate": {
          "type": "string",
          "format": "date",
          "example": "YYYY-MM-DD",
          "description": "Start date for charge"
        },
        "chargeEndDate": {
          "type": "string",
          "format": "date",
          "example": "YYYY-MM-DD",
          "description": "End date for charge"
        },
        "chargePaymentFrequency": {
          "type": "string",
          "example": "Monthly",
          "description": "how often charge is taken\n * Monthly\n * Annually\n"
        },
        "facilitationType": {
          "type": "string",
          "example": "Premium",
          "description": "Where the charge is facilitated from\n * Fund\n * Premium\n \n"
        }
      }
    },
    "adviserChargeDetail": {
      "type": "object",
      "description": "adviser charges",
      "properties": {
        "adviserChargeId": {
          "type": "string",
          "description": "adviser charge unique Id"
        },
        "chargePeriodType": {
          "type": "string",
          "example": "Initial",
          "description": "The period of time the charge is applicable for\n * Initial\n * Ongoing\n * ASAP\n"
        },
        "chargeBasisType": {
          "type": "string",
          "example": "percentage",
          "description": "basis of charge\n * Percentage\n * Amount\n"
        },
        "chargeValue": {
          "type": "number",
          "format": "double",
          "example": 0.5,
          "description": "value of charge"
        },
        "chargeDuration": {
          "type": "integer",
          "example": 5,
          "description": "charge duration in months"
        },
        "chargeStartDate": {
          "type": "string",
          "format": "date",
          "example": "YYYY-MM-DD",
          "description": "Start date for charge"
        },
        "chargeEndDate": {
          "type": "string",
          "format": "date",
          "example": "YYYY-MM-DD",
          "description": "End date for charge"
        },
        "chargePaymentFrequency": {
          "type": "string",
          "example": "Monthly",
          "description": "how often charge is taken\n * Monthly\n * Annually \n"
        },
        "facilitationType": {
          "type": "string",
          "example": "Premium",
          "description": "Where the charge is facilitated from\n * Fund\n * Premium\n \n"
        }
      }
    },
    "transactions": {
      "type": "object",
      "properties": {
        "_metadata": {
          "$ref": "#/definitions/metadata"
        },
        "_items": {
          "type": "array",
          "items": {
            "$ref": "#/definitions/transactionsDetails"
          }
        }
      }
    },
    "transactionsDetails": {
      "type": "object",
      "description": "An object representing a contribution to a policy.",
      "properties": {
        "transactionId": {
          "type": "string",
          "description": "ID for transaction"
        },
        "transactionType": {
          "type": "string",
          "description": "transaction type\n* Contributions\n* Charges\n* Adhoc Adviser Charges\n* Payment From Royal London\n* Withdrawals\n"
        },
        "statusType": {
          "type": "string",
          "description": "status type\n   * CANC \n   * DISH \n   * PEND \n   * QUOT \n   * REFD \n   * REVS \n   * UNCO  \n"
        },
        "contributionType": {
          "type": "string",
          "description": "type of contribution\n* TV\n* SP\n* RP\n"
        },
        "contributorType": {
          "type": "string",
          "description": "Type of contributor \n* PolicyHolder \n* Employer\n"
        },
        "chargeType": {
          "type": "string",
          "description": "type of charge         \n* Adviser\n* Product\n* AMC\n"
        },
        "transactionDate": {
          "type": "string",
          "format": "date",
          "description": "The date of the transaction"
        },
        "transactionAmount": {
          "type": "number",
          "description": "The amount of the contribution/transaction/withdrawal when it was received.",
          "example": "12000"
        },
        "source": {
          "type": "string",
          "description": "The source of the contribution made to a policy",
          "example": "Standard life"
        }
      }
    },
    "beneficiariesListResponse": {
      "type": "object",
      "properties": {
        "discretionaryPaymentType": {
          "type": "string",
          "description": "Chooses what the payment instructions are for a beneficiary (Can be not set, pay at our discretion or pay at your direction)"
        },
        "beneficiaries": {
          "type": "array",
          "items": {
            "$ref": "#/definitions/beneficiariesDetail"
          }
        }
      }
    },
    "beneficiariesDetail": {
      "type": "object",
      "required": [
        "surname",
        "allocationPercentage"
      ],
      "properties": {
        "firstName": {
          "type": "string",
          "description": "'Beneficiary's First Name from Sonata  '\n"
        },
        "surname": {
          "type": "string",
          "description": "'Beneficiary's Last Name from Sonata '\n"
        },
        "allocationPercentage": {
          "type": "number",
          "description": "'percentage allocation of funds for given beneficiary'\n"
        },
        "dateOfBirth": {
          "type": "string",
          "format": "date",
          "example": "YYYY-MM-DD",
          "description": "'Beneficiary's Date of Birth  from Sonata '\n"
        },
        "relationshipType": {
          "type": "string",
          "description": "'Relationship with beneficiary'\n * TBC\n"
        },
        "beneficiaryType": {
          "type": "string",
          "description": "type of beneficiary\n * Person\n * Company \n"
        }
      }
    },
    "createBeneficiaryDetails": {
      "type": "object",
      "properties": {
        "beneficiaries": {
          "type": "array",
          "items": {
            "$ref": "#/definitions/beneficiariesDetail"
          }
        }
      }
    },
    "incrementList": {
      "properties": {
        "_items": {
          "type": "array",
          "items": {
            "$ref": "#/definitions/incrementDetails"
          }
        }
      }
    },
    "incrementDetails": {
      "required": [
        "incrementId",
        "incrementNumber",
        "incrementSummary"
      ],
      "properties": {
        "incrementId": {
          "type": "string",
          "description": "Identifier of increment",
          "example": "SP001"
        },
        "href": {
          "type": "string",
          "example": "http://royallondon.com/secure/api/"
        },
        "incrementNumber": {
          "type": "number",
          "description": "increment number = 0 for first addition to the increment, >0 for future additions"
        },
        "incrementType": {
          "type": "string",
          "description": "type of increment \n * Regular Premium\n * Single Premium\n * Transfer Value\n \n"
        }
      }
    },
    "incrementDetail": {
      "properties": {
        "incrementId": {
          "type": "string",
          "description": "Identifier of increment",
          "example": "SP001"
        },
        "incrementNumber": {
          "type": "number",
          "description": "increment number = 0 for first addition to the increment, >0 for future additions"
        },
        "incrementType": {
          "type": "string",
          "description": "type of increment \n * Regular Premium\n * Single Premium\n * Transfer Value\n",
          "example": "Single Premium"
        },
        "contributions": {
          "type": "array",
          "description": "contributions for the increment",
          "items": {
            "$ref": "#/definitions/contributionDetails"
          }
        }
      }
    },
    "contributionDetails": {
      "type": "object",
      "properties": {
        "contributionId": {
          "type": "string",
          "description": "contribution Id"
        },
        "href": {
          "type": "string",
          "example": "http://royallondon.com/secure/api/"
        },
        "contributorType": {
          "type": "string",
          "example": "PolicyHolder",
          "description": "Type of contributor \n* PolicyHolder \n* Employer\n"
        },
        "contributionFrequencyType": {
          "type": "string",
          "example": "Monthly",
          "description": "Frequency of contribution\n * Monthly\n * Quarterly\n * HalfYearly\n * Annually\n"
        },
        "contributionAmount": {
          "type": "number",
          "format": "double",
          "example": 1000
        },
        "taxBenefitContributionAmount": {
          "type": "number",
          "format": "double",
          "example": 20,
          "description": "(derived from contribution) is the contribution amount plus tax benefit percentage\n"
        },
        "applicableSalary": {
          "type": "number",
          "format": "double",
          "example": 1000
        },
        "salaryContributionPercentage": {
          "type": "number",
          "format": "double",
          "example": 0.4
        },
        "contributionPaymentDate": {
          "type": "string",
          "description": "upcoming contribution date if RP, previous contribution date if SP or TV",
          "format": "date",
          "example": "YYYY-MM-DD"
        },
        "escalationType": {
          "type": "string",
          "example": "RPI",
          "description": "type of escaltion\n* Fixed\n* RPI\n* CPI\n* Salary\n"
        },
        "escalationPercentage": {
          "type": "number",
          "format": "double",
          "example": 0.4
        },
        "escalationDate": {
          "type": "string",
          "description": "the upcoming escalation date for a RP",
          "format": "date",
          "example": "YYYY-MM-DD"
        },
        "transferSource": {
          "type": "string",
          "description": "The source of the contribution made to a policy",
          "example": "Standard Life"
        },
        "paymentType": {
          "type": "string",
          "example": "DirectDebit",
          "description": "Source of the contribution\n * Cheque\n * Electronic Transfer\n * BACS\n * Direct Debit\n"
        }
      }
    },
    "AdviserChargeValueIncrement": {
      "type": "object",
      "properties": {
        "incrementID": {
          "type": "string",
          "example": "TV1",
          "description": "id of the increment"
        },
        "incrementType": {
          "type": "string",
          "description": "type of increment \n * Regular Premium\n * Single Premium\n * Transfer Value\n"
        },
        "totalCharge": {
          "type": "number",
          "format": "double",
          "example": 9329,
          "description": "the total value of adviser charges"
        }
      }
    },
    "createExitRequest": {
      "required": [
        "transactionType",
        "caseId",
        "fullAmountFlag"
      ],
      "properties": {
        "caseId": {
          "type": "string",
          "description": "CRM Case ID associated to the exit request, and to link document generated\n"
        },
        "withdrawalAmount": {
          "type": "number",
          "description": "Amount that user want to withdraw from total fund value\n"
        },
        "netAmountFlag": {
          "type": "boolean",
          "description": "If set to true, the withdrawal amount will be considered as net amount else it will be considered as gross amount\n"
        },
        "transactionType": {
          "type": "string",
          "description": "Transaction types Small Pot and UFPLS Full can't have withdrawal amount specified, as it always operates on total fund value. Transaction types examples are as follows\nThe Sonata Transaction Type Code will be passed here. See reference Data for full list of transaction types\n"
        },
        "fullAmountFlag": {
          "type": "string",
          "description": "If set to true, the can't have withdrawal amount specified, as it always operates on total fund value, \nelse withdrawal amount will be considered as partial withdrawal amount.\n"
        }
      }
    },
    "createExitQuoteDocumentRequest": {
      "required": [
        "transactionType",
        "caseId",
        "fullAmountFlag"
      ],
      "properties": {
        "caseId": {
          "type": "string",
          "description": "CRM Case ID to be printed on to the document\n"
        },
        "withdrawalAmount": {
          "type": "number",
          "description": "Amount that user want to withdraw from total fund value\n"
        },
        "netAmountFlag": {
          "type": "boolean",
          "description": "If set to true, the withdrawal amount will be considered as net amount else it will be considered as gross amount\n"
        },
        "transactionType": {
          "type": "string",
          "description": "Transaction types Small Pot and UFPLS Full can't have withdrawal amount specified, as it always operates on total fund value. Transaction types examples are as follows\nThe Sonata Transaction Type Code will be passed here. See reference Data for full list of transaction types\n"
        },
        "fullAmountFlag": {
          "type": "string",
          "description": "If set to true, the can't have withdrawal amount specified, as it always operates on total fund value, \nelse withdrawal amount will be considered as partial withdrawal amount.\n"
        }
      }
    },
    "listQuotesResponse": {
      "properties": {
        "_items": {
          "type": "array",
          "items": {
            "$ref": "#/definitions/quoteDetails"
          }
        }
      }
    },
    "quoteDetails": {
      "properties": {
        "taxFreeValue": {
          "type": "number",
          "format": "double",
          "description": "Tax free value of fund value  2-digit decimal"
        },
        "taxableValue": {
          "type": "number",
          "format": "double",
          "description": "Taxable value of fund value  2-digit decimal"
        },
        "outstandingAdviserCharge": {
          "type": "number",
          "format": "double",
          "description": "Outstanding adviser charges 2-digit decimal"
        },
        "withdrawalAmount": {
          "type": "number",
          "format": "double",
          "description": "Withdrawal amount 2-digit decimal"
        },
        "taxDeduction": {
          "type": "number",
          "format": "double",
          "description": "Using specified or default tax code, value of tax to be paid 2-digit"
        },
        "settlementValue": {
          "type": "number",
          "format": "double",
          "description": "Final settlement value  2-digit decimal"
        }
      }
    },
    "errorResponse": {
      "type": "object",
      "required": [
        "errorId",
        "errorMsg",
        "errorCode",
        "errorType",
        "contextInfo"
      ],
      "properties": {
        "errorId": {
          "type": "string",
          "description": "Error ID.",
          "example": 123456789
        },
        "errorMsg": {
          "type": "string",
          "description": "Error Message",
          "example": "error"
        },
        "errorCode": {
          "type": "string",
          "description": "Error Message",
          "example": "TIB-NO-SUCH-customer-xx1"
        },
        "errorType": {
          "type": "string",
          "description": "Type of error \n* Technical \n* Business\n",
          "example": "Technical"
        },
        "contextInfo": {
          "type": "array",
          "items": {
            "$ref": "#/definitions/contextInfo"
          }
        }
      }
    },
    "contextInfo": {
      "type": "object",
      "required": [
        "name",
        "contactValue"
      ],
      "properties": {
        "name": {
          "type": "string",
          "description": "name of the context attribute.",
          "example": "filename"
        },
        "contactValue": {
          "type": "string",
          "description": "contactValue of context attribute.",
          "example": "c:\\files\\file1.txt"
        }
      }
    },
    "errorResponseBankAccountAlreadyExist": {
      "type": "object",
      "required": [
        "errorId",
        "errorMsg",
        "errorCode",
        "errorType",
        "contextInfo"
      ],
      "properties": {
        "errorId": {
          "type": "string",
          "description": "Error ID.",
          "example": 123456789
        },
        "errorMsg": {
          "type": "string",
          "description": "Error Message",
          "example": "error"
        },
        "errorCode": {
          "type": "string",
          "description": "Error Message",
          "example": "TIB-NO-SUCH-BankAccount-xx1"
        },
        "errorType": {
          "type": "string",
          "description": "Type of error \n* Technical \n* Business\n",
          "example": "Technical"
        },
        "contextInfo": {
          "type": "array",
          "items": {
            "$ref": "#/definitions/contextInfoBankAccountAlreadyExist"
          }
        }
      }
    },
    "contextInfoBankAccountAlreadyExist": {
      "type": "object",
      "required": [
        "id"
      ],
      "properties": {
        "id": {
          "type": "string",
          "description": "BankAccount Identifier.",
          "example": 12345
        }
      }
    },
    "metadata": {
      "properties": {
        "itemsCount": {
          "type": "number",
          "example": 102,
          "description": "Indicates the total number of items within the resource collection."
        },
        "retrievedAt": {
          "type": "string",
          "format": "date-time",
          "example": "2017-10-10T01:20:30",
          "description": "A date-time object indicating when the contents of the list were\nretrieved from the system of record. For a paged list this may be some\ntime before the current page of information was requested. Clients may\nuse this field to decide if they believe a refresh is necessary\n"
        },
        "sessionId": {
          "type": "string",
          "example": "P1234567890",
          "description": "The unique identifier of the paging session. Clients must pass this\ncontactValue when requesting pages of a cached list\n"
        },
        "pageNumber": {
          "type": "number",
          "example": 2,
          "description": "The current page number within the resource collection. The initial\npage is page 0\n"
        },
        "pageSize": {
          "type": "number",
          "example": 50,
          "description": "The size of each page that may be requested. This is specified by the\nclient application when a paged list is created\n"
        },
        "pageMax": {
          "type": "number",
          "example": 2,
          "description": "The maximum page number that may be requested."
        }
      }
    },
    "listBankAccountsResponse": {
      "properties": {
        "_items": {
          "type": "array",
          "items": {
            "$ref": "#/definitions/bankAccountDetails"
          }
        }
      }
    },
    "bankAccountDetails": {
      "required": [
        "id",
        "href",
        "bankAccount",
        "sortCode"
      ],
      "properties": {
        "id": {
          "type": "string",
          "description": "Identifier of bank account"
        },
        "href": {
          "type": "string"
        },
        "bankAccount": {
          "type": "number",
          "description": "Bank account number"
        },
        "sortCode": {
          "type": "number",
          "description": "Sort code"
        },
        "accountName": {
          "type": "string",
          "description": "Bank Account Holders Name"
        }
      }
    },
    "bankAccountResponse": {
      "required": [
        "id",
        "bankAccount",
        "sortCode",
        "accountName"
      ],
      "properties": {
        "id": {
          "type": "string",
          "description": "Identifier of bank account"
        },
        "href": {
          "type": "string"
        },
        "bankAccount": {
          "type": "number",
          "description": "Bank account number"
        },
        "sortCode": {
          "type": "number",
          "description": "Sort code"
        },
        "accountName": {
          "type": "string",
          "description": "Bank Account Holders Name"
        },
        "activeDirectDebitFlag": {
          "type": "string",
          "description": "if true means this bankAccount as Active DD BankAccount"
        }
      }
    },
    "createBankAccount": {
      "required": [
        "bankAccount",
        "sortCode",
        "accountName"
      ],
      "properties": {
        "bankAccount": {
          "type": "number",
          "description": "Bank account"
        },
        "sortCode": {
          "type": "number",
          "description": "Sort code"
        },
        "accountName": {
          "type": "string",
          "description": "Bank Account Holders Name"
        },
        "activeDirectDebitFlag": {
          "type": "string",
          "description": "if set to true will set this bankAccount as Active DD BankAccount"
        }
      }
    },
    "updateBankAccount": {
      "required": [
        "bankAccount",
        "sortCode",
        "accountName"
      ],
      "properties": {
        "bankAccount": {
          "type": "number",
          "description": "Bank account"
        },
        "sortCode": {
          "type": "number",
          "description": "Sort code"
        },
        "accountName": {
          "type": "string",
          "description": "Bank Account Holders Name"
        },
        "activeDirectDebitFlag": {
          "type": "string",
          "description": "if set to true will set this bankAccount as Active DD BankAccount"
        }
      }
    },
    "commonResponse": {
      "properties": {
        "id": {
          "type": "string"
        },
        "href": {
          "type": "string"
        }
      }
    }
  }
}