{
  "swagger": "2.0",
  "info": {
    "version": "1.0",
    "title": "Applicant"
  },
  "host": "adviser.com",
  "basePath": "/secure/api",
  "schemes": [
    "https"
  ],
  "paths": {
    "/sales/v1/applicants": {
      "get": {
        "summary": "retrieve a list of applicants",
        "parameters": [
          {
            "name": "expand",
            "in": "query",
            "type": "string",
            "required": false,
            "description": "Please refer to the sharepoint link http://rliprojects-portal/programme/scottishlife/ThinkBeyond/APIFactory/Project%20Documents/2.%20Solution%20Design/Integration%20Layer%20and%20APIs%20Technical%20Note_1.1.docx on usage of Expand, Sorting and paging approach"
          },
          {
            "name": "page",
            "in": "query",
            "required": false,
            "type": "number",
            "description": "Please refer to the sharepoint link http://rliprojects-portal/programme/scottishlife/ThinkBeyond/APIFactory/Project%20Documents/2.%20Solution%20Design/Integration%20Layer%20and%20APIs%20Technical%20Note_1.1.docx on usage of Expand, Sorting and paging approach"
          },
          {
            "name": "pageSize",
            "in": "query",
            "required": false,
            "type": "number",
            "description": "Please refer to the sharepoint link http://rliprojects-portal/programme/scottishlife/ThinkBeyond/APIFactory/Project%20Documents/2.%20Solution%20Design/Integration%20Layer%20and%20APIs%20Technical%20Note_1.1.docx on usage of Expand, Sorting and paging approach"
          },
          {
            "name": "sessionId",
            "in": "query",
            "required": false,
            "type": "string",
            "description": "Please refer to the sharepoint link http://rliprojects-portal/programme/scottishlife/ThinkBeyond/APIFactory/Project%20Documents/2.%20Solution%20Design/Integration%20Layer%20and%20APIs%20Technical%20Note_1.1.docx on usage of Expand, Sorting and paging approach"
          },
          {
            "name": "pageReset",
            "in": "query",
            "required": false,
            "type": "string",
            "description": "Please refer to the sharepoint link http://rliprojects-portal/programme/scottishlife/ThinkBeyond/APIFactory/Project%20Documents/2.%20Solution%20Design/Integration%20Layer%20and%20APIs%20Technical%20Note_1.1.docx on usage of Expand, Sorting and paging approach"
          },
          {
            "name": "firstName",
            "in": "query",
            "required": false,
            "type": "string"
          },
          {
            "name": "surname",
            "in": "query",
            "required": false,
            "type": "string"
          },
          {
            "name": "niNumber",
            "in": "query",
            "required": false,
            "type": "string"
          },
          {
            "name": "sortBy",
            "in": "query",
            "required": false,
            "type": "string"
          },
          {
            "name": "sortOrder",
            "in": "query",
            "required": false,
            "type": "string"
          }
        ],
        "responses": {
          "200": {
            "description": "OK",
            "schema": {
              "$ref": "#/definitions/applicantsResponse"
            }
          },
          "400": {
            "description": "The request was invalid or cannot be otherwise served.",
            "schema": {
              "$ref": "#/definitions/errorResponse"
            }
          },
          "401": {
            "description": "Authentication credentials were missing or incorrect.",
            "schema": {
              "$ref": "#/definitions/errorResponse"
            }
          },
          "500": {
            "description": "A server error was encountered during a downstream call by the API",
            "schema": {
              "$ref": "#/definitions/errorResponse"
            }
          }
        }
      },
      "post": {
        "summary": "create an applicant",
        "parameters": [
          {
            "name": "body",
            "in": "body",
            "description": "applicant entity to be created",
            "required": true,
            "schema": {
              "$ref": "#/definitions/applicantRequest"
            }
          }
        ],
        "responses": {
          "201": {
            "description": "Created",
            "schema": {
              "$ref": "#/definitions/commonResponse"
            }
          },
          "400": {
            "description": "The request was invalid or cannot be otherwise served.",
            "schema": {
              "$ref": "#/definitions/errorResponse"
            }
          },
          "401": {
            "description": "Authentication credentials were missing or incorrect.",
            "schema": {
              "$ref": "#/definitions/errorResponse"
            }
          },
          "500": {
            "description": "A server error was encountered during a downstream call by the API",
            "schema": {
              "$ref": "#/definitions/errorResponse"
            }
          }
        }
      }
    },
    "/sales/v1/applicants/{applicantId}": {
      "get": {
        "summary": "retrieve applicant details",
        "parameters": [
          {
            "name": "applicantId",
            "in": "path",
            "required": true,
            "type": "string"
          }
        ],
        "responses": {
          "200": {
            "description": "OK",
            "schema": {
              "$ref": "#/definitions/applicant"
            }
          },
          "400": {
            "description": "The request was invalid or cannot be otherwise served.",
            "schema": {
              "$ref": "#/definitions/errorResponse"
            }
          },
          "401": {
            "description": "Authentication credentials were missing or incorrect.",
            "schema": {
              "$ref": "#/definitions/errorResponse"
            }
          },
          "404": {
            "description": "The URI requested is invalid or the resource requested does not exist.",
            "schema": {
              "$ref": "#/definitions/errorResponse"
            }
          },
          "500": {
            "description": "A server error was encountered during a downstream call by the API",
            "schema": {
              "$ref": "#/definitions/errorResponse"
            }
          }
        }
      },
      "put": {
        "summary": "modify applicant details",
        "parameters": [
          {
            "name": "applicantId",
            "in": "path",
            "required": true,
            "type": "string"
          },
          {
            "name": "body",
            "in": "body",
            "description": "applicant entity to be modifed",
            "required": true,
            "schema": {
              "$ref": "#/definitions/applicantRequest"
            }
          }
        ],
        "responses": {
          "204": {
            "description": "No Content"
          },
          "400": {
            "description": "The request was invalid or cannot be otherwise served.",
            "schema": {
              "$ref": "#/definitions/errorResponse"
            }
          },
          "401": {
            "description": "Authentication credentials were missing or incorrect.",
            "schema": {
              "$ref": "#/definitions/errorResponse"
            }
          },
          "404": {
            "description": "The URI requested is invalid or the resource requested does not exist.",
            "schema": {
              "$ref": "#/definitions/errorResponse"
            }
          },
          "500": {
            "description": "A server error was encountered during a downstream call by the API",
            "schema": {
              "$ref": "#/definitions/errorResponse"
            }
          }
        }
      },
      "patch": {
        "summary": "modify applicant details",
        "parameters": [
          {
            "name": "applicantId",
            "in": "path",
            "required": true,
            "type": "string"
          },
          {
            "name": "body",
            "in": "body",
            "description": "applicant entity to be modifed",
            "required": true,
            "schema": {
              "$ref": "#/definitions/applicantRequest"
            }
          }
        ],
        "responses": {
          "204": {
            "description": "No Content"
          },
          "400": {
            "description": "The request was invalid or cannot be otherwise served.",
            "schema": {
              "$ref": "#/definitions/errorResponse"
            }
          },
          "401": {
            "description": "Authentication credentials were missing or incorrect.",
            "schema": {
              "$ref": "#/definitions/errorResponse"
            }
          },
          "404": {
            "description": "The URI requested is invalid or the resource requested does not exist.",
            "schema": {
              "$ref": "#/definitions/errorResponse"
            }
          },
          "500": {
            "description": "A server error was encountered during a downstream call by the API",
            "schema": {
              "$ref": "#/definitions/errorResponse"
            }
          }
        }
      },
      "delete": {
        "summary": "Remove an applicant",
        "parameters": [
          {
            "name": "applicantId",
            "in": "path",
            "required": true,
            "type": "string"
          }
        ],
        "responses": {
          "204": {
            "description": "No content"
          },
          "400": {
            "description": "The request was invalid or cannot be otherwise served.",
            "schema": {
              "$ref": "#/definitions/errorResponse"
            }
          },
          "401": {
            "description": "Authentication credentials were missing or incorrect.",
            "schema": {
              "$ref": "#/definitions/errorResponse"
            }
          },
          "404": {
            "description": "The URI requested is invalid or the resource requested does not exist.",
            "schema": {
              "$ref": "#/definitions/errorResponse"
            }
          },
          "500": {
            "description": "A server error was encountered during a downstream call by the API",
            "schema": {
              "$ref": "#/definitions/errorResponse"
            }
          }
        }
      }
    },
    "/sales/v1/applicants/{applicantId}/contacts": {
      "get": {
        "summary": "retrieve applicant contact details",
        "parameters": [
          {
            "name": "applicantId",
            "in": "path",
            "required": true,
            "type": "string"
          }
        ],
        "responses": {
          "200": {
            "description": "OK",
            "schema": {
              "$ref": "#/definitions/contactsResponse"
            }
          },
          "400": {
            "description": "The request was invalid or cannot be otherwise served.",
            "schema": {
              "$ref": "#/definitions/errorResponse"
            }
          },
          "401": {
            "description": "Authentication credentials were missing or incorrect.",
            "schema": {
              "$ref": "#/definitions/errorResponse"
            }
          },
          "404": {
            "description": "The URI requested is invalid or the resource requested does not exist.",
            "schema": {
              "$ref": "#/definitions/errorResponse"
            }
          },
          "500": {
            "description": "A server error was encountered during a downstream call by the API",
            "schema": {
              "$ref": "#/definitions/errorResponse"
            }
          }
        }
      },
      "post": {
        "summary": "create applicant contact details",
        "parameters": [
          {
            "name": "applicantId",
            "in": "path",
            "required": true,
            "type": "string"
          },
          {
            "name": "body",
            "in": "body",
            "description": "applicant contact entity to be created",
            "required": true,
            "schema": {
              "$ref": "#/definitions/contactRequest"
            }
          }
        ],
        "responses": {
          "201": {
            "description": "OK",
            "schema": {
              "$ref": "#/definitions/commonResponse"
            }
          },
          "400": {
            "description": "The request was invalid or cannot be otherwise served.",
            "schema": {
              "$ref": "#/definitions/errorResponse"
            }
          },
          "401": {
            "description": "Authentication credentials were missing or incorrect.",
            "schema": {
              "$ref": "#/definitions/errorResponse"
            }
          },
          "404": {
            "description": "The URI requested is invalid or the resource requested does not exist.",
            "schema": {
              "$ref": "#/definitions/errorResponse"
            }
          },
          "500": {
            "description": "A server error was encountered during a downstream call by the API",
            "schema": {
              "$ref": "#/definitions/errorResponse"
            }
          }
        }
      }
    },
    "/sales/v1/applicants/{applicantId}/contacts/{contactId}": {
      "put": {
        "summary": "modify applicant contact details",
        "parameters": [
          {
            "name": "applicantId",
            "in": "path",
            "required": true,
            "type": "string"
          },
          {
            "name": "contactId",
            "in": "path",
            "required": true,
            "type": "string"
          },
          {
            "name": "body",
            "in": "body",
            "description": "applicant contact entity to be modified",
            "required": true,
            "schema": {
              "$ref": "#/definitions/contactRequest"
            }
          }
        ],
        "responses": {
          "204": {
            "description": "No Content"
          },
          "400": {
            "description": "The request was invalid or cannot be otherwise served.",
            "schema": {
              "$ref": "#/definitions/errorResponse"
            }
          },
          "401": {
            "description": "Authentication credentials were missing or incorrect.",
            "schema": {
              "$ref": "#/definitions/errorResponse"
            }
          },
          "404": {
            "description": "The URI requested is invalid or the resource requested does not exist.",
            "schema": {
              "$ref": "#/definitions/errorResponse"
            }
          },
          "500": {
            "description": "A server error was encountered during a downstream call by the API",
            "schema": {
              "$ref": "#/definitions/errorResponse"
            }
          }
        }
      }
    }
  },
  "definitions": {
    "applicantsResponse": {
      "properties": {
        "_metadata": {
          "$ref": "#/definitions/metadata"
        },
        "_items": {
          "type": "array",
          "items": {
            "$ref": "#/definitions/applicants"
          }
        }
      }
    },
    "applicantRequest": {
      "properties": {
        "dateOfBirth": {
          "type": "string",
          "description": "applicant's date of birth"
        },
        "firstName": {
          "type": "string",
          "description": "applicant's first name"
        },
        "surname": {
          "type": "string",
          "description": "applicant's surname"
        },
        "maritalStatus": {
          "type": "string",
          "enum": [
            "Single",
            "Married",
            "Divorced",
            "Parted",
            "Widowed",
            "UNknown"
          ],
          "description": "applicant's maritial status"
        },
        "niNumber": {
          "type": "string",
          "description": "applicant's National Insurance number."
        },
        "gender": {
          "type": "string",
          "enum": [
            "male",
            "female"
          ]
        },
        "applicantStatus": {
          "type": "string",
          "description": "this holds the status of the applicant. current values are one of draft, live, exit"
        },
        "title": {
          "type": "string",
          "description": "applicant's title"
        },
        "employmentType": {
          "type": "string",
          "enum": [
            "Self Employed",
            "member of an occupational pension scheme",
            "other employed clients",
            "unemployed"
          ],
          "description": "applicant's employment type"
        },
        "retirementAge": {
          "type": "number",
          "description": "applicant's retirementAge"
        },
        "retirementDate": {
          "type": "string",
          "description": "applicant's retirementData"
        },
        "nationality": {
          "type": "string",
          "description": "applicant's nationality"
        }
      }
    },
    "commonResponse": {
      "properties": {
        "id": {
          "type": "string"
        },
        "href": {
          "type": "string"
        }
      }
    },
    "applicants": {
      "properties": {
        "id": {
          "type": "string"
        },
        "href": {
          "type": "string"
        },
        "dateOfBirth": {
          "type": "string",
          "description": "applicant's date of birth"
        },
        "firstName": {
          "type": "string",
          "description": "applicant's firstname"
        },
        "surname": {
          "type": "string",
          "description": "applicant's surname"
        },
        "niNumber": {
          "type": "string",
          "description": "applicant's National Insurance number"
        }
      }
    },
    "applicant": {
      "properties": {
        "id": {
          "type": "string",
          "description": "Id fo the applicant"
        },
        "href": {
          "type": "string",
          "description": "Hyperlink to the applicant details. please refer to the sharepoint document http://rliprojects-portal/programme/scottishlife/ThinkBeyond/APIFactory/Project%20Documents/2.%20Solution%20Design/Integration%20Layer%20and%20APIs%20Technical%20Note_1.1.docx for more details on usage."
        },
        "dateOfBirth": {
          "type": "string",
          "description": "applicant's date of birth."
        },
        "firstName": {
          "type": "string",
          "description": "applicant's firstName."
        },
        "surname": {
          "type": "string",
          "description": "applicant's surname."
        },
        "maritalStatus": {
          "type": "string",
          "enum": [
            "Single",
            "Married",
            "Divorced",
            "Parted",
            "Widowed",
            "UNknown"
          ],
          "description": "applicant's maritial status"
        },
        "niNumber": {
          "type": "string",
          "description": "applicant's National Insurance number"
        },
        "gender": {
          "type": "string",
          "enum": [
            "male",
            "female"
          ]
        },
        "applicantStatus": {
          "type": "string",
          "description": "this holds the status of the applicant. current values are one of draft, live, exit"
        },
        "title": {
          "type": "string",
          "description": "applicant's title,"
        },
        "employmentType": {
          "type": "string",
          "enum": [
            "Self Employed",
            "member of an occupational pension scheme",
            "other employed clients",
            "unemployed"
          ],
          "description": "applicant's employment type"
        },
        "retirementAge": {
          "type": "number"
        },
        "retirementDate": {
          "type": "string"
        },
        "nationality": {
          "type": "string",
          "description": "applicants Nationality"
        }
      }
    },
    "contactsResponse": {
      "properties": {
        "_items": {
          "type": "array",
          "items": {
            "$ref": "#/definitions/contacts"
          }
        }
      }
    },
    "contacts": {
      "properties": {
        "id": {
          "type": "string"
        },
        "href": {
          "type": "string"
        },
        "contactType": {
          "description": "contact type describes if the contact is address|phoneNumber (home/mobile/office)|email. >- address attribute will be considered, depending on the type = address >- value attribute will be considered, depending on type != address",
          "type": "string",
          "enum": [
            "mobilePhone",
            "homePhone",
            "faxNumber",
            "businessPhone",
            "email",
            "address"
          ]
        },
        "value": {
          "type": "string"
        },
        "address": {
          "$ref": "#/definitions/addresses"
        }
      }
    },
    "contactRequest": {
      "properties": {
        "contactType": {
          "description": "contact type describes if the contact is address|phoneNumber (home/mobile/office)|email. >- address attribute will be considered, depending on the type = address >- value attribute will be considered, depending on type != address",
          "type": "string"
        },
        "value": {
          "type": "string"
        },
        "address": {
          "$ref": "#/definitions/addresses"
        }
      }
    },
    "addresses": {
      "type": "object",
      "properties": {
        "addressLine1": {
          "type": "string"
        },
        "addressLine2": {
          "type": "string"
        },
        "addressLine3": {
          "type": "string"
        },
        "addressLine4": {
          "type": "string"
        },
        "postcode": {
          "type": "string"
        },
        "country": {
          "type": "string"
        }
      }
    },
    "metadata": {
      "properties": {
        "itemsCount": {
          "type": "number",
          "example": 102,
          "description": "Indicates the total number of items within the resource collection."
        },
        "retrievedAt": {
          "type": "string",
          "format": "date-time",
          "example": "2017-10-10T01:20:30",
          "description": "A date-time object indicating when the contents of the list were retrieved from the system of record. For a paged list this may be some time before the current page of information was requested. Clients may use this field to decide if they believe a refresh is necessary"
        },
        "sessionId": {
          "type": "string",
          "example": "P1234567890",
          "description": "The unique identifier of the paging session. Clients must pass this value when requesting pages of a cached list"
        },
        "pageNumber": {
          "type": "number",
          "example": 2,
          "description": "The current page number within the resource collection. The initial page is page 0"
        },
        "pageSize": {
          "type": "number",
          "example": 50,
          "description": "The size of each page that may be requested. This is specified by the client application when a paged list is created"
        },
        "pageMax": {
          "type": "number",
          "example": 2,
          "description": "The maximum page number that may be requested."
        }
      }
    },
    "errorResponse": {
      "type": "object",
      "required": [
        "errorId",
        "errorMsg",
        "errorCode",
        "errorType",
        "contextInfo"
      ],
      "properties": {
        "errorId": {
          "type": "string",
          "description": "Error ID.",
          "example": 123456789
        },
        "errorMsg": {
          "type": "string",
          "description": "Error Message",
          "example": "error"
        },
        "errorCode": {
          "type": "string",
          "description": "Error Message",
          "example": "TIB-NO-SUCH-APPLICANT-xx1"
        },
        "errorType": {
          "type": "string",
          "description": "Type of error (Technical | Business)",
          "example": "Technical"
        },
        "contextInfo": {
          "type": "array",
          "items": {
            "$ref": "#/definitions/contextInfo"
          }
        }
      }
    },
    "contextInfo": {
      "type": "object",
      "required": [
        "name",
        "value"
      ],
      "properties": {
        "name": {
          "type": "string",
          "description": "name of the context attribute.",
          "example": "filename"
        },
        "value": {
          "type": "string",
          "description": "value of context attribute.",
          "example": "c:\\files\\file1.txt"
        }
      }
    }
  }
}