<?xml version="1.0" encoding="utf-8"?>
<configuration>
  <properties>
    <property name="//TT_PENSIONS_DYN_Customers-implement.module///services/TT_PENSIONS_Customers/Customers/contactAttributes/contactType_Fax">
      <environment name="DEFAULT" value="faxNumber" />
    </property>
    <property name="//TT_PENSIONS_DYN_Customers-implement.module///services/TT_PENSIONS_Customers/Customers/contactAttributes/contactType_MobilePhone">
      <environment name="DEFAULT" value="mobilePhone" />
    </property>
    <property name="//TT_PENSIONS_DYN_Customers-implement.module///services/TT_PENSIONS_Customers/Customers/contactAttributes/contactType_Email">
      <environment name="DEFAULT" value="email" />
    </property>
    <property name="//TT_PENSIONS_DYN_Customers-implement.module///services/TT_PENSIONS_Customers/Customers/contactAttributes/contactID_Fax">
      <environment name="DEFAULT" value="F001" />
    </property>
    <property name="//TT_PENSIONS_DYN_Customers-implement.module///services/TT_PENSIONS_Customers/Customers/contactAttributes/contactID_MobilePhone">
      <environment name="DEFAULT" value="M001" />
    </property>
    <property name="//TT_PENSIONS_DYN_Customers-implement.module///services/TT_PENSIONS_Customers/Customers/contactAttributes/contactID_HomePhone">
      <environment name="DEFAULT" value="H001" />
    </property>
    <property name="//TT_PENSIONS_DYN_Customers-implement.module///services/TT_PENSIONS_Customers/Customers/contactAttributes/contactType_HomePhone">
      <environment name="DEFAULT" value="homePhone" />
    </property>
    <property name="//TT_PENSIONS_DYN_Customers-implement.module///services/TT_PENSIONS_Customers/Customers/contactAttributes/contactID_Email">
      <environment name="DEFAULT" value="E001" />
    </property>
    <property name="//TT_PENSIONS_DYN_Customers-implement.module///services/TT_PENSIONS_Customers/Customers/contactAttributes/contactType_Address">
      <environment name="DEFAULT" value="address" />
    </property>
    <property name="//TT_PENSIONS_DYN_Customers-implement.module///services/TT_PENSIONS_Customers/Customers/crmOperators/searchOperator_Equal">
      <environment name="DEFAULT" value="eq" />
    </property>
    <property name="//TT_PENSIONS_DYN_Customers-implement.module///services/TT_PENSIONS_Customers/Customers/crmOperators/searchOperator_Multiple">
      <environment name="DEFAULT" value="in" />
    </property>
    <property name="//TT_PENSIONS_DYN_Customers-implement.module///services/TT_PENSIONS_Customers/Customers/crmExceptionValues/invalidValueName_Address">
      <environment name="DEFAULT" value="Address" />
    </property>
    <property name="//TT_PENSIONS_DYN_Customers-implement.module///services/TT_PENSIONS_Customers/Customers/crmExceptionValues/invalidValueName_Customer">
      <environment name="DEFAULT" value="Customer" />
    </property>
    <property name="//TT_PENSIONS_DYN_Customers-implement.module///services/TT_PENSIONS_Customers/Customers/crmExceptionValues/invalidValueName_Gender">
      <environment name="DEFAULT" value="Gender" />
    </property>
    <property name="//TT_PENSIONS_DYN_Customers-implement.module///services/TT_PENSIONS_Customers/Customers/crmExceptionValues/invalidValueName_Contact">
      <environment name="DEFAULT" value="Contact" />
    </property>
    <property name="//TT_PENSIONS_DYN_Customers-implement.module///services/TT_PENSIONS_Customers/Customers/crmExceptionValues/invalidValueName_MaritalStatus">
      <environment name="DEFAULT" value="Marital Status" />
    </property>
    <property name="//TT_PENSIONS_DYN_Customers-implement.module///services/TT_PENSIONS_Customers/Customers/crmExceptionValues/invalidValueName_Country">
      <environment name="DEFAULT" value="Country" />
    </property>
    <property name="//TT_PENSIONS_DYN_Customers-implement.module///services/TT_PENSIONS_Customers/Customers/crmExceptionValues/invalidValueName_Title">
      <environment name="DEFAULT" value="Title" />
    </property>
    <property name="//TT_PENSIONS_DYN_Customers-implement.module///services/TT_PENSIONS_Customers/Customers/crmExceptionValues/invalidValueName_Policy">
      <environment name="DEFAULT" value="Policy" />
    </property>
    <property name="//TT_PENSIONS_DYN_Customers-implement.module///services/TT_PENSIONS_Customers/Customers/crmExceptionValues/invalidValueName_Documenttype">
      <environment name="DEFAULT" value="Documenttype" />
    </property>
    <property name="//TT_PENSIONS_DYN_Customers-implement.module///services/TT_PENSIONS_Customers/Customers/crmExceptionValues/invalidValueName_Document">
      <environment name="DEFAULT" value="Document" />
    </property>
    <property name="//TT_PENSIONS_DYN_Customers-implement.module///services/TT_PENSIONS_Customers/Customers/crmExceptionValues/invalidValueName_Letter">
      <environment name="DEFAULT" value="Letter" />
    </property>
    <property name="//TT_PENSIONS_DYN_Customers-implement.module///services/TT_PENSIONS_Customers/Customers/crmExceptionValues/invalidValueName_Authoritylevel">
      <environment name="DEFAULT" value="Authoritylevel" />
    </property>
    <property name="//TT_PENSIONS_DYN_Customers-implement.module///services/TT_PENSIONS_Customers/Customers/crmExceptionValues/invalidValueName_ThirdParty">
      <environment name="DEFAULT" value="ThirdParty" />
    </property>
    <property name="//TT_PENSIONS_DYN_Customers-implement.module///services/TT_PENSIONS_Customers/Customers/crmExceptionValues/invalidValueName_Activity">
      <environment name="DEFAULT" value="Activity" />
    </property>
    <property name="//TT_PENSIONS_DYN_Customers-implement.module///services/TT_PENSIONS_Customers/Customers/crmExceptionValues/invalidValueName_RelationshipType">
      <environment name="DEFAULT" value="RelationshipType" />
    </property>
    <property name="//TT_PENSIONS_DYN_Customers-implement.module///services/TT_PENSIONS_Customers/Customers/serviceName/advanced/activityTimeoutSeconds">
      <environment name="DEFAULT" value="30" />
    </property>
    <property name="//TT_PENSIONS_DYN_Customers-implement.module///services/TT_PENSIONS_Customers/Customers/errorCode/TIB-Invalid-Input-Format-101">
      <environment name="DEFAULT" value="TIB-Invalid-Input-Format-101" />
    </property>
    <property name="//TT_PENSIONS_DYN_Customers-implement.module///services/TT_PENSIONS_Customers/Customers/errorCode/restStatusCode">
      <environment name="DEFAULT" value="400" />
    </property>
    <property name="//TT_PENSIONS_DYN_Customers-implement.module///services/TT_PENSIONS_Customers/Customers/errorCode/TIB-Invalid-Input-Format-102">
      <environment name="DEFAULT" value="TIB-Invalid-Input-Format-102" />
    </property>
    <property name="//TT_PENSIONS_DYN_Customers-implement.module///services/TT_PENSIONS_Customers/Customers/errorMsg/invalidCustomerId">
      <environment name="DEFAULT" value="Customer id is not valid" />
    </property>
    <property name="//TT_PENSIONS_DYN_Customers-implement.module///services/TT_PENSIONS_Customers/Customers/errors/responseValue">
      <environment name="DEFAULT" value="ResponseValue" />
    </property>
    <property name="//TT_PENSIONS_DYN_Customers-implement.module///services/TT_PENSIONS_Customers/Customers/errors/destinationName">
      <environment name="DEFAULT" value="CRM" />
    </property>
    <property name="//TT_PENSIONS_DYN_Customers-implement.module///services/TT_PENSIONS_Customers/Customers/errors/errorType">
      <environment name="DEFAULT" value="BUSINESS" />
    </property>
    <property name="//TT_PENSIONS_DYN_Customers-implement.module///services/TT_PENSIONS_Customers/Customers/letterAttribute/activityTypeCode">
      <environment name="DEFAULT" value="4207" />
    </property>
    <property name="//TT_PENSIONS_DYN_Customers-service.module///services/TT_PENSIONS_DYN_Customers/Customers/operations/createCustomer">
      <environment name="DEFAULT" value="CreateCustomer" />
    </property>
    <property name="//TT_PENSIONS_DYN_Customers-service.module///services/TT_PENSIONS_DYN_Customers/Customers/operations/findCustomers">
      <environment name="DEFAULT" value="FindCustomers" />
    </property>
    <property name="//TT_PENSIONS_DYN_Customers-service.module///services/TT_PENSIONS_DYN_Customers/Customers/operations/getCustomer">
      <environment name="DEFAULT" value="GetCustomer" />
    </property>
    <property name="//TT_PENSIONS_DYN_Customers-service.module///services/TT_PENSIONS_DYN_Customers/Customers/operations/createCustomerContacts">
      <environment name="DEFAULT" value="CreateCustomerContacts" />
    </property>
    <property name="//TT_PENSIONS_DYN_Customers-service.module///services/TT_PENSIONS_DYN_Customers/Customers/operations/modifyCustomerContacts">
      <environment name="DEFAULT" value="ModifyCustomerContacts" />
    </property>
    <property name="//TT_PENSIONS_DYN_Customers-service.module///services/TT_PENSIONS_DYN_Customers/Customers/operations/findCustomerContacts">
      <environment name="DEFAULT" value="FindCustomerContacts" />
    </property>
    <property name="//TT_PENSIONS_DYN_Customers-service.module///services/TT_PENSIONS_DYN_Customers/Customers/operations/modifyCustomer">
      <environment name="DEFAULT" value="ModifyCustomer" />
    </property>
    <property name="//TT_PENSIONS_DYN_Customers-service.module///services/TT_PENSIONS_DYN_Customers/Customers/operations/updateCustomer">
      <environment name="DEFAULT" value="UpdateCustomer" />
    </property>
    <property name="//TT_PENSIONS_DYN_Customers-service.module///services/TT_PENSIONS_DYN_Customers/Customers/operations/findAuthorisedThirdparties">
      <environment name="DEFAULT" value="FindAuthorisedThirdParties" />
    </property>
    <property name="//TT_PENSIONS_DYN_Customers-service.module///services/TT_PENSIONS_DYN_Customers/Customers/operations/findCorrespondence">
      <environment name="DEFAULT" value="FindCorrespondence" />
    </property>
    <property name="//TT_PENSIONS_DYN_Customers-service.module///services/TT_PENSIONS_DYN_Customers/Customers/ftlCustomers/format">
      <environment name="DEFAULT" value="CSF" />
    </property>
    <property name="//TT_PENSIONS_DYN_Customers-service.module///services/TT_PENSIONS_DYN_Customers/Customers/ftlCustomers/channel_updateCustomer">
      <environment name="DEFAULT" value="{&quot;channel&quot;:&quot;tt_pensions_dyn_customers_updatecustomer_v2&quot;}" />
    </property>
    <property name="//TT_PENSIONS_DYN_Customers-service.module///services/TT_PENSIONS_DYN_Customers/Customers/ftlCustomers/endpoint">
      <environment name="DEFAULT" value="SyncResponseDyn_ep" />
    </property>
    <property name="//TT_PENSIONS_DYN_Customers-service.module///services/TT_PENSIONS_DYN_Customers/Customers/ftlCustomers/channel_modifyCustomerContacts">
      <environment name="DEFAULT" value="{&quot;channel&quot;:&quot;tt_pensions_dyn_customers_modifycustomercontacts_v2&quot;}" />
    </property>
    <property name="//TT_PENSIONS_DYN_Customers-service.module///services/TT_PENSIONS_DYN_Customers/Customers/ftlCustomers/channel_createCustomer">
      <environment name="DEFAULT" value="{&quot;channel&quot;:&quot;tt_pensions_dyn_customers_createcustomer_v2&quot;}" />
    </property>
    <property name="//TT_PENSIONS_DYN_Customers-service.module///services/TT_PENSIONS_DYN_Customers/Customers/ftlCustomers/channel_retrieveCustomer">
      <environment name="DEFAULT" value="{&quot;channel&quot;:&quot;tt_pensions_dyn_customers_getcustomer_v2&quot;}" />
    </property>
    <property name="//TT_PENSIONS_DYN_Customers-service.module///services/TT_PENSIONS_DYN_Customers/Customers/ftlCustomers/channel_modifyCustomer">
      <environment name="DEFAULT" value="{&quot;channel&quot;:&quot;tt_pensions_dyn_customers_modifycustomer_v2&quot;}" />
    </property>
    <property name="//TT_PENSIONS_DYN_Customers-service.module///services/TT_PENSIONS_DYN_Customers/Customers/ftlCustomers/channel_createCustomerContacts">
      <environment name="DEFAULT" value="{&quot;channel&quot;:&quot;tt_pensions_dyn_customers_createcustomercontacts_v2&quot;}" />
    </property>
    <property name="//TT_PENSIONS_DYN_Customers-service.module///services/TT_PENSIONS_DYN_Customers/Customers/ftlCustomers/channel_retrieveCustomerContacts">
      <environment name="DEFAULT" value="{&quot;channel&quot;:&quot;tt_pensions_dyn_customers_findcustomercontacts_v2&quot;}" />
    </property>
    <property name="//TT_PENSIONS_DYN_Customers-service.module///services/TT_PENSIONS_DYN_Customers/Customers/ftlCustomers/formatName">
      <environment name="DEFAULT" value="" />
    </property>
    <property name="//TT_PENSIONS_DYN_Customers-service.module///services/TT_PENSIONS_DYN_Customers/Customers/ftlCustomers/channel_retrieveCustomers">
      <environment name="DEFAULT" value="{&quot;channel&quot;:&quot;tt_pensions_dyn_customers_findcustomers_v2&quot;}" />
    </property>
    <property name="//TT_PENSIONS_DYN_Customers-service.module///services/TT_PENSIONS_DYN_Customers/Customers/ftlCustomers/channel_findAuthorisedThirdparties">
      <environment name="DEFAULT" value="{&quot;channel&quot;:&quot;tt_pensions_dyn_customers_findauthorisedthirdparties_v2&quot;}" />
    </property>
    <property name="//TT_PENSIONS_DYN_Customers-service.module///services/TT_PENSIONS_DYN_Customers/Customers/ftlCustomers/channel_findCorrespondence">
      <environment name="DEFAULT" value="{&quot;channel&quot;:&quot;tt_pensions_dyn_customers_findcorrespondence_v2&quot;}" />
    </property>
    <property name="//TT_PENSIONS_DYN_Customers-service.module///services/TT_PENSIONS_DYN_Customers/Customers/ftlCustomers/advanced/ftlQueueDispatcherThreads">
      <environment name="DEFAULT" value="1" />
    </property>
    <property name="//TT_PENSIONS_DYN_Customers-service.module///services/TT_PENSIONS_DYN_Customers/Customers/ftlCustomers/advanced/subscriberName">
      <environment name="DEFAULT" value="" />
    </property>
    <property name="//TT_PENSIONS_DYN_Customers-service.module///services/TT_PENSIONS_DYN_Customers/Customers/ftlCustomers/advanced/activityWorkerThreads">
      <environment name="DEFAULT" value="50%" />
    </property>
    <property name="//TT_PENSIONS_DYN_Customers-service.module///services/TT_PENSIONS_DYN_Customers/Customers/ftlCustomers/advanced/ftlQueueSize">
      <environment name="DEFAULT" value="-1" />
    </property>
    <property name="//TT_PENSIONS_DYN_Customers-service.module///services/TT_PENSIONS_DYN_Customers/Customers/ftlCustomers/advanced/durableNames/durable_CreateCustomer">
      <environment name="DEFAULT" value="tt_pensions_dyn_customers_createcustomer_v2" />
    </property>
    <property name="//TT_PENSIONS_DYN_Customers-service.module///services/TT_PENSIONS_DYN_Customers/Customers/ftlCustomers/advanced/durableNames/durable_GetCustomer">
      <environment name="DEFAULT" value="tt_pensions_dyn_customers_getcustomer_v2" />
    </property>
    <property name="//TT_PENSIONS_DYN_Customers-service.module///services/TT_PENSIONS_DYN_Customers/Customers/ftlCustomers/advanced/durableNames/durable_ModifyCustomer">
      <environment name="DEFAULT" value="tt_pensions_dyn_customers_modifycustomer_v2" />
    </property>
    <property name="//TT_PENSIONS_DYN_Customers-service.module///services/TT_PENSIONS_DYN_Customers/Customers/ftlCustomers/advanced/durableNames/durable_UpdateCustomer">
      <environment name="DEFAULT" value="tt_pensions_dyn_customers_updatecustomer_v2" />
    </property>
    <property name="//TT_PENSIONS_DYN_Customers-service.module///services/TT_PENSIONS_DYN_Customers/Customers/ftlCustomers/advanced/durableNames/durable_ModifyCustomerContacts">
      <environment name="DEFAULT" value="tt_pensions_dyn_customers_modifycustomercontacts_v2" />
    </property>
    <property name="//TT_PENSIONS_DYN_Customers-service.module///services/TT_PENSIONS_DYN_Customers/Customers/ftlCustomers/advanced/durableNames/durable_FindCustomerContacts">
      <environment name="DEFAULT" value="tt_pensions_dyn_customers_findcustomercontacts_v2" />
    </property>
    <property name="//TT_PENSIONS_DYN_Customers-service.module///services/TT_PENSIONS_DYN_Customers/Customers/ftlCustomers/advanced/durableNames/durable_FindCustomers">
      <environment name="DEFAULT" value="tt_pensions_dyn_customers_findcustomers_v2" />
    </property>
    <property name="//TT_PENSIONS_DYN_Customers-service.module///services/TT_PENSIONS_DYN_Customers/Customers/ftlCustomers/advanced/durableNames/durable_CreateCustomerContacts">
      <environment name="DEFAULT" value="tt_pensions_dyn_customers_createcustomercontacts_v2" />
    </property>
    <property name="//TT_PENSIONS_DYN_Customers-service.module///services/TT_PENSIONS_DYN_Customers/Customers/ftlCustomers/advanced/durableNames/durable_FindCorrespondence">
      <environment name="DEFAULT" value="tt_pensions_dyn_customers_findcorrespondence_v2" />
    </property>
    <property name="//TT_PENSIONS_DYN_Customers-service.module///services/TT_PENSIONS_DYN_Customers/Customers/ftlCustomers/advanced/durableNames/durable_FindAuthorisedThirdparties">
      <environment name="DEFAULT" value="tt_pensions_dyn_customers_findauthorisedthirdparties_v2" />
    </property>
    <property name="//LIB_RESOURCE_DYNAMICS365-implement.module///resources/LIB_RESOURCE_DYNAMICS365/DYNAMICS365_v1/dynamicsCRMConnectionName">
      <environment name="DEFAULT" value="LIB.RESOURCE.DYNAMICS365.DYNAMICS365_v1.dynamics365.DynamicsCRMConnection" />
    </property>
    <property name="//LIB_RESOURCE_DYNAMICS365-implement.module///resources/LIB_RESOURCE_DYNAMICS365/DYNAMICS365_v1/dynamicsCRMConnection/password">
      <environment name="DEFAULT" value="~TIBVAL_CRMConnection_password~" />
    </property>
    <property name="//LIB_RESOURCE_DYNAMICS365-implement.module///resources/LIB_RESOURCE_DYNAMICS365/DYNAMICS365_v1/dynamicsCRMConnection/timeoutSec">
      <environment name="DEFAULT" value="1800" />
    </property>
    <property name="//LIB_RESOURCE_DYNAMICS365-implement.module///resources/LIB_RESOURCE_DYNAMICS365/DYNAMICS365_v1/dynamicsCRMConnection/organizationService">
      <environment name="DEFAULT" value="~TIBVAL_CRMConnection_organizationService~" />
    </property>
    <property name="//LIB_RESOURCE_DYNAMICS365-implement.module///resources/LIB_RESOURCE_DYNAMICS365/DYNAMICS365_v1/dynamicsCRMConnection/userName">
      <environment name="DEFAULT" value="~TIBVAL_CRMConnection_userName~" />
    </property>
    <property name="//LIB_RESOURCE_DYNAMICS365-implement.module///resources/LIB_RESOURCE_DYNAMICS365/DYNAMICS365_v1/dynamicsCRMConnection/proxyConfiguration/proxyPassword">
      <environment name="DEFAULT" value="~TIBVAL_CRMConnection_proxyPassword~" />
    </property>
    <property name="//LIB_RESOURCE_DYNAMICS365-implement.module///resources/LIB_RESOURCE_DYNAMICS365/DYNAMICS365_v1/dynamicsCRMConnection/proxyConfiguration/proxyPort">
      <environment name="DEFAULT" value="~TIBVAL_CRMConnection_proxyPort~" />
    </property>
    <property name="//LIB_RESOURCE_DYNAMICS365-implement.module///resources/LIB_RESOURCE_DYNAMICS365/DYNAMICS365_v1/dynamicsCRMConnection/proxyConfiguration/proxyUsername">
      <environment name="DEFAULT" value="~TIBVAL_CRMConnection_proxyUsername~" />
    </property>
    <property name="//LIB_RESOURCE_DYNAMICS365-implement.module///resources/LIB_RESOURCE_DYNAMICS365/DYNAMICS365_v1/dynamicsCRMConnection/proxyConfiguration/proxyServer">
      <environment name="DEFAULT" value="~TIBVAL_CRMConnection_proxyServer~" />
    </property>
    <property name="//LIB_RESOURCE_DYNAMICS365-implement.module///resources/LIB_RESOURCE_DYNAMICS365/DYNAMICS365_v1/dynamicsCRMConnection/proxyConfiguration/useProxy">
      <environment name="DEFAULT" value="true" />
    </property>
  </properties>
  <deployment>
    <appspace>
      <environment name="DEFAULT" value="RLG_AS_TT"/>
    </appspace>
	<uploadArchivePath>
      <environment name="DEFAULT" value="Customers"/>
    </uploadArchivePath>
  </deployment>
</configuration>