{
  "swagger": "2.0",
  "info": {
    "version": "1.0",
    "title": "Application",
    "termsOfService": "governance-1"
  },
  "host": "adviser.royallondon.com",
  "basePath": "/secure/api",
  "schemes": [
    "https"
  ],
  "paths": {
    "/sales/v1/applications": {
      "get": {
        "summary": "retrieve a list of applications",
        "parameters": [
          {
            "name": "expand",
            "in": "query",
            "required": false,
            "type": "string",
            "description": "Please refer to the sharepoint link http://rliprojects-portal/programme/scottishlife/ThinkBeyond/APIFactory/Project%20Documents/2.%20Solution%20Design/Integration%20Layer%20and%20APIs%20Technical%20Note_1.1.docx on usage of Expand, Sorting and paging approach"
          },
          {
            "name": "page",
            "in": "query",
            "required": false,
            "type": "number",
            "description": "Please refer to the sharepoint link http://rliprojects-portal/programme/scottishlife/ThinkBeyond/APIFactory/Project%20Documents/2.%20Solution%20Design/Integration%20Layer%20and%20APIs%20Technical%20Note_1.1.docx on usage of Expand, Sorting and paging approach"
          },
          {
            "name": "pageSize",
            "in": "query",
            "required": false,
            "type": "number",
            "description": "Please refer to the sharepoint link http://rliprojects-portal/programme/scottishlife/ThinkBeyond/APIFactory/Project%20Documents/2.%20Solution%20Design/Integration%20Layer%20and%20APIs%20Technical%20Note_1.1.docx on usage of Expand, Sorting and paging approach"
          },
          {
            "name": "sessionId",
            "in": "query",
            "required": false,
            "type": "string",
            "description": "Please refer to the sharepoint link http://rliprojects-portal/programme/scottishlife/ThinkBeyond/APIFactory/Project%20Documents/2.%20Solution%20Design/Integration%20Layer%20and%20APIs%20Technical%20Note_1.1.docx on usage of Expand, Sorting and paging approach"
          },
          {
            "name": "pageReset",
            "in": "query",
            "required": false,
            "type": "string",
            "description": "Please refer to the sharepoint link http://rliprojects-portal/programme/scottishlife/ThinkBeyond/APIFactory/Project%20Documents/2.%20Solution%20Design/Integration%20Layer%20and%20APIs%20Technical%20Note_1.1.docx on usage of Expand, Sorting and paging approach"
          },
          {
            "name": "sortBy",
            "in": "query",
            "required": false,
            "type": "string",
            "description": "Please refer to the sharepoint link http://rliprojects-portal/programme/scottishlife/ThinkBeyond/APIFactory/Project%20Documents/2.%20Solution%20Design/Integration%20Layer%20and%20APIs%20Technical%20Note_1.1.docx on usage of Expand, Sorting and paging approach"
          },
          {
            "name": "sortOrder",
            "in": "query",
            "required": false,
            "type": "string",
            "description": "Please refer to the sharepoint link http://rliprojects-portal/programme/scottishlife/ThinkBeyond/APIFactory/Project%20Documents/2.%20Solution%20Design/Integration%20Layer%20and%20APIs%20Technical%20Note_1.1.docx on usage of Expand, Sorting and paging approach"
          },
          {
            "name": "applicantId",
            "in": "query",
            "required": false,
            "type": "string",
            "description": "a list of applicantIds with delimeter of ','. Example: 12345678,1234569"
          },
          {
            "name": "applicationId",
            "in": "query",
            "required": false,
            "type": "string",
            "description": "a list of applicationIds with delimeter of ','. Example:  12345678,1234569"
          }
        ],
        "responses": {
          "200": {
            "description": "OK",
            "schema": {
              "$ref": "#/definitions/applications"
            }
          },
          "400": {
            "description": "The request was invalid or cannot be otherwise served.",
            "schema": {
              "$ref": "#/definitions/errorResponse"
            }
          },
          "401": {
            "description": "Authentication credentials were missing or incorrect.",
            "schema": {
              "$ref": "#/definitions/errorResponse"
            }
          },
          "500": {
            "description": "A server error was encountered during a downstream call by the API",
            "schema": {
              "$ref": "#/definitions/errorResponse"
            }
          }
        }
      },
      "post": {
        "summary": "create an application",
        "parameters": [
          {
            "name": "body",
            "in": "body",
            "description": "application entity to be created",
            "required": true,
            "schema": {
              "$ref": "#/definitions/ApplicationRequest"
            }
          }
        ],
        "responses": {
          "201": {
            "description": "Created",
            "schema": {
              "$ref": "#/definitions/commonResponse"
            }
          },
          "400": {
            "description": "The request was invalid or cannot be otherwise served.",
            "schema": {
              "$ref": "#/definitions/errorResponse"
            }
          },
          "401": {
            "description": "Authentication credentials were missing or incorrect.",
            "schema": {
              "$ref": "#/definitions/errorResponse"
            }
          },
          "500": {
            "description": "A server error was encountered during a downstream call by the API",
            "schema": {
              "$ref": "#/definitions/errorResponse"
            }
          }
        }
      }
    },
    "/sales/v1/applications/{applicationId}": {
      "get": {
        "summary": "retrieve application details",
        "parameters": [
          {
            "name": "applicationId",
            "in": "path",
            "required": true,
            "type": "string"
          }
        ],
        "responses": {
          "200": {
            "description": "OK",
            "schema": {
              "$ref": "#/definitions/application"
            }
          },
          "400": {
            "description": "The request was invalid or cannot be otherwise served.",
            "schema": {
              "$ref": "#/definitions/errorResponse"
            }
          },
          "401": {
            "description": "Authentication credentials were missing or incorrect.",
            "schema": {
              "$ref": "#/definitions/errorResponse"
            }
          },
          "500": {
            "description": "A server error was encountered during a downstream call by the API",
            "schema": {
              "$ref": "#/definitions/errorResponse"
            }
          }
        }
      }
    }
  },
  "definitions": {
    "applications": {
      "properties": {
        "_metadata": {
          "$ref": "#/definitions/metadata"
        },
        "_items": {
          "type": "array",
          "items": {
            "$ref": "#/definitions/application"
          }
        }
      }
    },
    "application": {
      "properties": {
        "id": {
          "type": "string",
          "description": "Identifier of application"
        },
        "href": {
          "type": "string",
          "description": "hyperlink reference to the application"
        },
        "applicantId": {
          "type": "string",
          "description": "Identifier of applicant"
        },
        "applicationStartDate": {
          "type": "string",
          "format": "date",
          "description": "effective start date of the application"
        }
      }
    },
    "ApplicationRequest": {
      "properties": {
        "applicantId": {
          "type": "string",
          "description": "Identifier of applicant"
        }
      }
    },
    "commonResponse": {
      "properties": {
        "id": {
          "type": "string"
        }
      }
    },
    "metadata": {
      "properties": {
        "itemsCount": {
          "type": "number",
          "example": 102,
          "description": "Indicates the total number of items within the resource collection."
        },
        "retrievedAt": {
          "type": "string",
          "format": "date-time",
          "example": "2017-10-10T01:20:30",
          "description": "A date-time object indicating when the contents of the list were retrieved from the system of record. For a paged list this may be some time before the current page of information was requested. Clients may use this field to decide if they believe a refresh is necessary"
        },
        "sessionId": {
          "type": "string",
          "example": "P1234567890",
          "description": "The unique identifier of the paging session. Clients must pass this value when requesting pages of a cached list"
        },
        "pageNumber": {
          "type": "number",
          "example": 2,
          "description": "The current page number within the resource collection. The initial page is page 0"
        },
        "pageSize": {
          "type": "number",
          "example": 50,
          "description": "The size of each page that may be requested. This is specified by the client application when a paged list is created"
        },
        "pageMax": {
          "type": "number",
          "example": 2,
          "description": "The maximum page number that may be requested."
        }
      }
    },
    "errorResponse": {
      "type": "object",
      "required": [
        "errorId",
        "errorMsg",
        "errorCode",
        "errorType",
        "contextInfo"
      ],
      "properties": {
        "errorId": {
          "type": "string",
          "description": "Error ID.",
          "example": 123456789
        },
        "errorMsg": {
          "type": "string",
          "description": "Error Message",
          "example": "error"
        },
        "errorCode": {
          "type": "string",
          "description": "Error Message",
          "example": "TIB-NO-SUCH-APPLICTION-xx1"
        },
        "errorType": {
          "type": "string",
          "description": "Type of error (Technical | Business)",
          "example": "Technical"
        },
        "contextInfo": {
          "type": "array",
          "items": {
            "$ref": "#/definitions/contextInfo"
          }
        }
      }
    },
    "contextInfo": {
      "type": "object",
      "required": [
        "name",
        "value"
      ],
      "properties": {
        "name": {
          "type": "string",
          "description": "name of the context attribute.",
          "example": "filename"
        },
        "value": {
          "type": "string",
          "description": "value of context attribute.",
          "example": "c:\\files\\file1.txt"
        }
      }
    }
  }
}