{
  "swagger" : "2.0",
  "info" : {
    "version" : "1.0",
    "title" : "Summary about the new REST service.",
    "description" : "Summary about the new REST service."
  },
  "host" : "localhost:8080",
  "basePath" : "/",
  "schemes" : [ "http" ],
  "paths" : {
    "/secure/api/sales/v1/proposals/{proposalId}/increments/{incrementId}/contributions/{contributionId}" : {
      "get" : {
        "description" : "",
        "operationId" : "get-secure-api-sales-v1-proposals-increments-contributions",
        "consumes" : [ "application/json" ],
        "produces" : [ "application/json" ],
        "parameters" : [ {
          "name" : "contributionId",
          "in" : "path",
          "description" : "",
          "type" : "string",
          "required" : true
        }, {
          "name" : "incrementId",
          "in" : "path",
          "description" : "",
          "type" : "string",
          "required" : true
        }, {
          "name" : "proposalId",
          "in" : "path",
          "description" : "",
          "type" : "string",
          "required" : true
        } ],
        "responses" : {
          "200" : {
            "description" : "a contribution to be returned",
            "schema" : {
              "$ref" : "#/definitions/contribution"
            }
          },
          "400" : {
            "description" : "The request was invalid or cannot be otherwise served",
            "schema" : {
              "$ref" : "#/definitions/RESTException"
            }
          },
          "401" : {
            "description" : "Authentication credentials were missing or incorrect",
            "schema" : {
              "$ref" : "#/definitions/RESTException"
            }
          },
          "404" : {
            "description" : "The URI requested is invalid or the resource requested does not exist",
            "schema" : {
              "$ref" : "#/definitions/RESTException"
            }
          },
          "500" : {
            "description" : "A server error was encountered during a downstream call by the API",
            "schema" : {
              "$ref" : "#/definitions/RESTException"
            }
          }
        }
      },
      "put" : {
        "description" : "",
        "operationId" : "put-secure-api-sales-v1-proposals-increments-contributions",
        "consumes" : [ "application/json" ],
        "produces" : [ "application/json" ],
        "parameters" : [ {
          "name" : "body",
          "in" : "body",
          "description" : "",
          "schema" : {
            "$ref" : "#/definitions/contributionRequest"
          },
          "required" : true
        }, {
          "name" : "contributionId",
          "in" : "path",
          "description" : "",
          "type" : "string",
          "required" : true
        }, {
          "name" : "incrementId",
          "in" : "path",
          "description" : "",
          "type" : "string",
          "required" : true
        }, {
          "name" : "proposalId",
          "in" : "path",
          "description" : "",
          "type" : "string",
          "required" : true
        } ],
        "responses" : {
          "200" : {
            "description" : "a string to be returned",
            "schema" : {
              "type" : "string"
            }
          },
          "400" : {
            "description" : "The request was invalid or cannot be otherwise served",
            "schema" : {
              "$ref" : "#/definitions/RESTException"
            }
          },
          "401" : {
            "description" : "Authentication credentials were missing or incorrect",
            "schema" : {
              "$ref" : "#/definitions/RESTException"
            }
          },
          "404" : {
            "description" : "The URI requested is invalid or the resource requested does not exist",
            "schema" : {
              "$ref" : "#/definitions/RESTException"
            }
          },
          "500" : {
            "description" : "A server error was encountered during a downstream call by the API",
            "schema" : {
              "$ref" : "#/definitions/RESTException"
            }
          },
          "204" : {
            "description" : "No Content",
            "schema" : {
              "type" : "string"
            }
          }
        }
      },
      "patch" : {
        "description" : "",
        "operationId" : "patch-secure-api-sales-v1-proposals-increments-contributions",
        "consumes" : [ "application/json" ],
        "produces" : [ "application/json" ],
        "parameters" : [ {
          "name" : "body",
          "in" : "body",
          "description" : "",
          "schema" : {
            "$ref" : "#/definitions/contributionPatchRequest"
          },
          "required" : true
        }, {
          "name" : "contributionId",
          "in" : "path",
          "description" : "",
          "type" : "string",
          "required" : true
        }, {
          "name" : "incrementId",
          "in" : "path",
          "description" : "",
          "type" : "string",
          "required" : true
        }, {
          "name" : "proposalId",
          "in" : "path",
          "description" : "",
          "type" : "string",
          "required" : true
        } ],
        "responses" : {
          "200" : {
            "description" : "a string to be returned",
            "schema" : {
              "type" : "string"
            }
          },
          "400" : {
            "description" : "The request was invalid or cannot be otherwise served",
            "schema" : {
              "$ref" : "#/definitions/RESTException"
            }
          },
          "401" : {
            "description" : "Authentication credentials were missing or incorrect",
            "schema" : {
              "$ref" : "#/definitions/RESTException"
            }
          },
          "404" : {
            "description" : "The URI requested is invalid or the resource requested does not exist",
            "schema" : {
              "$ref" : "#/definitions/RESTException"
            }
          },
          "500" : {
            "description" : "A server error was encountered during a downstream call by the API",
            "schema" : {
              "$ref" : "#/definitions/RESTException"
            }
          },
          "204" : {
            "description" : "No Content",
            "schema" : {
              "type" : "string"
            }
          }
        }
      }
    }
  },
  "definitions" : {
    "RESTException" : {
      "type" : "object",
      "properties" : { }
    },
    "contribution" : {
      "type" : "object",
      "required" : [ "bankAccountHolderSurname", "bankAccount", "contributionFrequencyType", "contributionAmount", "contributorId", "bankBranchName", "bankName", "id", "sortCode", "paymentMethodType", "bankAccountHolderFirstName", "bankBranchAddressId" ],
      "properties" : {
        "bankAccountHolderSurname" : {
          "type" : "string"
        },
        "bankAccount" : {
          "type" : "integer"
        },
        "contributionFrequencyType" : {
          "type" : "string"
        },
        "increasePercentage" : {
          "type" : "integer"
        },
        "contributorId" : {
          "type" : "integer"
        },
        "bankBranchName" : {
          "type" : "string"
        },
        "paymentFrequencyType" : {
          "type" : "string"
        },
        "bankName" : {
          "type" : "string"
        },
        "bankRollNumber" : {
          "type" : "integer"
        },
        "sortCode" : {
          "type" : "integer"
        },
        "bankAccountHolderFirstName" : {
          "type" : "string"
        },
        "bankBranchAddressId" : {
          "type" : "integer"
        },
        "contributionAmount" : {
          "type" : "integer"
        },
        "paymentDay" : {
          "type" : "integer"
        },
        "id" : {
          "type" : "string"
        },
        "href" : {
          "type" : "string"
        },
        "autoIncreaseType" : {
          "type" : "string"
        },
        "paymentMethodType" : {
          "type" : "string"
        },
        "startDate" : {
          "type" : "string",
          "format" : "date"
        }
      }
    },
    "contributionRequest" : {
      "type" : "object",
      "required" : [ "bankAccountHolderSurname", "bankAccount", "contributionFrequencyType", "contributionAmount", "contributorId", "bankBranchName", "bankName", "sortCode", "paymentMethodType", "bankAccountHolderFirstName", "bankBranchAddressId" ],
      "properties" : {
        "bankAccountHolderSurname" : {
          "type" : "string"
        },
        "bankAccount" : {
          "type" : "integer"
        },
        "contributionFrequencyType" : {
          "type" : "string"
        },
        "increasePercentage" : {
          "type" : "integer"
        },
        "contributorId" : {
          "type" : "integer"
        },
        "bankBranchName" : {
          "type" : "string"
        },
        "paymentFrequencyType" : {
          "type" : "string"
        },
        "bankName" : {
          "type" : "string"
        },
        "bankRollNumber" : {
          "type" : "integer"
        },
        "sortCode" : {
          "type" : "integer"
        },
        "bankAccountHolderFirstName" : {
          "type" : "string"
        },
        "bankBranchAddressId" : {
          "type" : "integer"
        },
        "contributionAmount" : {
          "type" : "integer"
        },
        "paymentDay" : {
          "type" : "integer"
        },
        "autoIncreaseType" : {
          "type" : "string"
        },
        "paymentMethodType" : {
          "type" : "string"
        },
        "startDate" : {
          "type" : "string",
          "format" : "date"
        }
      }
    },
    "contributionPatchRequest" : {
      "type" : "object",
      "properties" : {
        "bankAccountHolderSurname" : {
          "type" : "string"
        },
        "bankAccount" : {
          "type" : "integer"
        },
        "contributionFrequencyType" : {
          "type" : "string"
        },
        "increasePercentage" : {
          "type" : "integer"
        },
        "contributorId" : {
          "type" : "integer"
        },
        "bankBranchName" : {
          "type" : "string"
        },
        "paymentFrequencyType" : {
          "type" : "string"
        },
        "bankName" : {
          "type" : "string"
        },
        "bankRollNumber" : {
          "type" : "integer"
        },
        "sortCode" : {
          "type" : "integer"
        },
        "bankAccountHolderFirstName" : {
          "type" : "string"
        },
        "bankBranchAddressId" : {
          "type" : "integer"
        },
        "contributionAmount" : {
          "type" : "integer"
        },
        "paymentDay" : {
          "type" : "integer"
        },
        "autoIncreaseType" : {
          "type" : "string"
        },
        "paymentMethodType" : {
          "type" : "string"
        },
        "startDate" : {
          "type" : "string",
          "format" : "date"
        }
      }
    }
  }
}