{
  "swagger" : "2.0",
  "info" : {
    "version" : "1.0",
    "title" : "Summary about the new REST service.",
    "description" : "Summary about the new REST service."
  },
  "host" : "localhost:8080",
  "basePath" : "/",
  "schemes" : [ "http" ],
  "paths" : {
    "/secure/api/sales/v1/proposals" : {
      "post" : {
        "description" : "",
        "operationId" : "post-secure-api-sales-v1-proposals",
        "consumes" : [ "application/json" ],
        "produces" : [ "application/json" ],
        "parameters" : [ {
          "name" : "body",
          "in" : "body",
          "description" : "",
          "schema" : {
            "$ref" : "#/definitions/proposalRequest"
          },
          "required" : true
        } ],
        "responses" : {
          "200" : {
            "description" : "a commonResponse to be returned",
            "schema" : {
              "$ref" : "#/definitions/commonResponse"
            }
          },
          "400" : {
            "description" : "The request was invalid or cannot be otherwise served",
            "schema" : {
              "$ref" : "#/definitions/RESTException"
            }
          },
          "401" : {
            "description" : "Authentication credentials were missing or incorrect",
            "schema" : {
              "$ref" : "#/definitions/RESTException"
            }
          },
          "404" : {
            "description" : "The URI requested is invalid or the resource requested does not exist",
            "schema" : {
              "$ref" : "#/definitions/RESTException"
            }
          },
          "500" : {
            "description" : "A server error was encountered during a downstream call by the API",
            "schema" : {
              "$ref" : "#/definitions/RESTException"
            }
          },
          "201" : {
            "description" : "Created",
            "schema" : {
              "type" : "string"
            }
          }
        }
      },
      "get" : {
        "description" : "",
        "operationId" : "get-secure-api-sales-v1-proposals",
        "consumes" : [ "application/json" ],
        "produces" : [ "application/json" ],
        "parameters" : [ {
          "name" : "pageReset",
          "in" : "query",
          "description" : "",
          "type" : "string",
          "required" : false
        }, {
          "name" : "expand",
          "in" : "query",
          "description" : "",
          "type" : "string",
          "required" : false
        }, {
          "name" : "sortOrder",
          "in" : "query",
          "description" : "",
          "type" : "string",
          "required" : false
        }, {
          "name" : "pageSize",
          "in" : "query",
          "description" : "",
          "type" : "integer",
          "format" : "int32",
          "required" : false
        }, {
          "name" : "sortBy",
          "in" : "query",
          "description" : "",
          "type" : "string",
          "required" : false
        }, {
          "name" : "page",
          "in" : "query",
          "description" : "",
          "type" : "integer",
          "format" : "int32",
          "required" : false
        }, {
          "name" : "sessionId",
          "in" : "query",
          "description" : "",
          "type" : "string",
          "required" : false
        }, {
          "name" : "applicationId",
          "in" : "query",
          "description" : "",
          "type" : "string",
          "required" : false
        }, {
          "name" : "applicantId",
          "in" : "query",
          "description" : "",
          "type" : "string",
          "required" : false
        } ],
        "responses" : {
          "200" : {
            "description" : "a proposals to be returned",
            "schema" : {
              "$ref" : "#/definitions/proposals"
            }
          },
          "400" : {
            "description" : "The request was invalid or cannot be otherwise served",
            "schema" : {
              "$ref" : "#/definitions/RESTException"
            }
          },
          "401" : {
            "description" : "Authentication credentials were missing or incorrect",
            "schema" : {
              "$ref" : "#/definitions/RESTException"
            }
          },
          "404" : {
            "description" : "The URI requested is invalid or the resource requested does not exist",
            "schema" : {
              "$ref" : "#/definitions/RESTException"
            }
          },
          "500" : {
            "description" : "A server error was encountered during a downstream call by the API",
            "schema" : {
              "$ref" : "#/definitions/RESTException"
            }
          }
        }
      }
    }
  },
  "definitions" : {
    "transferIns" : {
      "type" : "object",
      "required" : [ "amount", "id" ],
      "properties" : {
        "amount" : {
          "type" : "integer"
        },
        "transferredFrom" : {
          "type" : "string"
        },
        "id" : {
          "type" : "string"
        },
        "href" : {
          "type" : "string"
        },
        "transferDate" : {
          "type" : "string",
          "format" : "date"
        }
      }
    },
    "RESTException" : {
      "type" : "object",
      "properties" : { }
    },
    "product" : {
      "type" : "object",
      "properties" : {
        "id" : {
          "type" : "string"
        }
      }
    },
    "commonResponse" : {
      "type" : "object",
      "properties" : {
        "id" : {
          "type" : "string"
        }
      }
    },
    "investmentChoice" : {
      "type" : "object",
      "required" : [ "name", "id" ],
      "properties" : {
        "id" : {
          "type" : "string"
        },
        "href" : {
          "type" : "string"
        },
        "name" : {
          "type" : "string"
        }
      }
    },
    "increments" : {
      "type" : "object",
      "required" : [ "incrementAmount", "id", "incrementNumber" ],
      "properties" : {
        "transferIns" : {
          "type" : "array",
          "items" : {
            "$ref" : "#/definitions/transferIns",
            "uniqueItems" : false
          }
        },
        "incrementAmount" : {
          "type" : "integer"
        },
        "charges" : {
          "type" : "array",
          "items" : {
            "$ref" : "#/definitions/charges",
            "uniqueItems" : false
          }
        },
        "contributions" : {
          "type" : "array",
          "items" : {
            "$ref" : "#/definitions/contributions",
            "uniqueItems" : false
          }
        },
        "investmentChoice" : {
          "$ref" : "#/definitions/investmentChoice"
        },
        "id" : {
          "type" : "string"
        },
        "href" : {
          "type" : "string"
        },
        "incrementNumber" : {
          "type" : "integer"
        }
      }
    },
    "charges" : {
      "type" : "object",
      "required" : [ "chargeFrequencyType", "chargeType", "id", "paymentModeType", "chargePaymentType", "chargeValue" ],
      "properties" : {
        "chargeFrequencyType" : {
          "type" : "string"
        },
        "chargePercentageBaseValue" : {
          "type" : "integer"
        },
        "chargeType" : {
          "type" : "string"
        },
        "id" : {
          "type" : "string"
        },
        "href" : {
          "type" : "string"
        },
        "paymentModeType" : {
          "type" : "string"
        },
        "chargePaymentType" : {
          "type" : "string"
        },
        "chargeValue" : {
          "type" : "integer"
        },
        "ChargePeriodType" : {
          "type" : "string"
        }
      }
    },
    "quote" : {
      "type" : "object",
      "properties" : {
        "id" : {
          "type" : "string"
        }
      }
    },
    "contributions" : {
      "type" : "object",
      "required" : [ "contributionFrequencyType", "contributionAmount", "contributorId", "id" ],
      "properties" : {
        "contributionFrequencyType" : {
          "type" : "string"
        },
        "contributionAmount" : {
          "type" : "integer"
        },
        "contributorId" : {
          "type" : "integer"
        },
        "paymentFrequencyType" : {
          "type" : "string"
        },
        "id" : {
          "type" : "string"
        },
        "href" : {
          "type" : "string"
        }
      }
    },
    "application" : {
      "type" : "object",
      "properties" : {
        "id" : {
          "type" : "string"
        }
      }
    },
    "proposalRequest" : {
      "type" : "object",
      "required" : [ "product", "application" ],
      "properties" : {
        "product" : {
          "$ref" : "#/definitions/product"
        },
        "quote" : {
          "$ref" : "#/definitions/quote"
        },
        "application" : {
          "$ref" : "#/definitions/application"
        },
        "endDate" : {
          "type" : "string",
          "format" : "date"
        },
        "startDate" : {
          "type" : "string",
          "format" : "date"
        },
        "proposalStatusType" : {
          "type" : "string"
        }
      }
    },
    "proposals" : {
      "type" : "object",
      "properties" : {
        "_items" : {
          "type" : "array",
          "items" : {
            "$ref" : "#/definitions/_items",
            "uniqueItems" : false
          }
        },
        "_metadata" : {
          "$ref" : "#/definitions/_metadata"
        }
      }
    },
    "_items" : {
      "type" : "object",
      "required" : [ "product", "application", "id", "policy" ],
      "properties" : {
        "product" : {
          "$ref" : "#/definitions/product"
        },
        "application" : {
          "$ref" : "#/definitions/application"
        },
        "policy" : {
          "$ref" : "#/definitions/policy"
        },
        "endDate" : {
          "type" : "string",
          "format" : "date"
        },
        "id" : {
          "type" : "string"
        },
        "href" : {
          "type" : "string"
        },
        "beneficiaries" : {
          "type" : "array",
          "items" : {
            "$ref" : "#/definitions/beneficiaries",
            "uniqueItems" : false
          }
        },
        "startDate" : {
          "type" : "string",
          "format" : "date"
        },
        "increments" : {
          "type" : "array",
          "items" : {
            "$ref" : "#/definitions/increments",
            "uniqueItems" : false
          }
        },
        "proposalStatusType" : {
          "type" : "string"
        }
      }
    },
    "_metadata" : {
      "type" : "object",
      "properties" : {
        "pageNumber" : {
          "type" : "integer"
        },
        "retrievedAt" : {
          "type" : "string"
        },
        "pageSize" : {
          "type" : "integer"
        },
        "sessionId" : {
          "type" : "string"
        },
        "itemsCount" : {
          "type" : "integer"
        },
        "pageMax" : {
          "type" : "integer"
        }
      }
    },
    "beneficiaries" : {
      "type" : "object",
      "properties" : {
        "_items" : {
          "type" : "array",
          "items" : {
            "$ref" : "#/definitions/_items",
            "uniqueItems" : false
          }
        }
      }
    },
    "policy" : {
      "type" : "object",
      "required" : [ "policyNumber", "id" ],
      "properties" : {
        "id" : {
          "type" : "string"
        },
        "href" : {
          "type" : "string"
        },
        "policyNumber" : {
          "type" : "string"
        }
      }
    }
  }
}