{
  "swagger" : "2.0",
  "info" : {
    "version" : "1.0",
    "title" : "Summary about the new REST service.",
    "description" : "Summary about the new REST service."
  },
  "host" : "localhost:8080",
  "basePath" : "/",
  "schemes" : [ "http" ],
  "paths" : {
    "/secure/api/sales/v1/proposals/{proposalId}" : {
      "post" : {
        "description" : "",
        "operationId" : "sales-v1-proposals",
        "consumes" : [ "application/json" ],
        "produces" : [ "application/json" ],
        "parameters" : [ {
          "name" : "body",
          "in" : "body",
          "description" : "",
          "type" : "string",
          "required" : true
        }, {
          "name" : "proposalId",
          "in" : "path",
          "description" : "",
          "type" : "string",
          "required" : true
        } ],
        "responses" : {
          "200" : {
            "description" : "a string to be returned",
            "schema" : {
              "type" : "string"
            }
          },
          "400" : {
            "description" : "The request was invalid or cannot be otherwise served",
            "schema" : {
              "$ref" : "#/definitions/RESTException"
            }
          },
          "401" : {
            "description" : "Authentication credentials were missing or incorrect",
            "schema" : {
              "$ref" : "#/definitions/RESTException"
            }
          },
          "404" : {
            "description" : "The URI requested is invalid or the resource requested does not exist",
            "schema" : {
              "$ref" : "#/definitions/RESTException"
            }
          },
          "500" : {
            "description" : "A server error was encountered during a downstream call by the API",
            "schema" : {
              "$ref" : "#/definitions/RESTException"
            }
          },
          "201" : {
            "description" : "Created",
            "schema" : {
              "type" : "string"
            }
          }
        }
      },
      "get" : {
        "description" : "",
        "operationId" : "get-sales-v1-proposals",
        "consumes" : [ "application/json" ],
        "produces" : [ "application/json" ],
        "parameters" : [ {
          "name" : "proposalId",
          "in" : "path",
          "description" : "",
          "type" : "string",
          "required" : true
        } ],
        "responses" : {
          "200" : {
            "description" : "a proposal to be returned",
            "schema" : {
              "$ref" : "#/definitions/proposal"
            }
          },
          "400" : {
            "description" : "The request was invalid or cannot be otherwise served",
            "schema" : {
              "$ref" : "#/definitions/RESTException"
            }
          },
          "401" : {
            "description" : "Authentication credentials were missing or incorrect",
            "schema" : {
              "$ref" : "#/definitions/RESTException"
            }
          },
          "404" : {
            "description" : "The URI requested is invalid or the resource requested does not exist",
            "schema" : {
              "$ref" : "#/definitions/RESTException"
            }
          },
          "500" : {
            "description" : "A server error was encountered during a downstream call by the API",
            "schema" : {
              "$ref" : "#/definitions/RESTException"
            }
          }
        }
      },
      "put" : {
        "description" : "",
        "operationId" : "put-secure-api-sales-v1-proposals",
        "consumes" : [ "application/json" ],
        "produces" : [ "application/json" ],
        "parameters" : [ {
          "name" : "body",
          "in" : "body",
          "description" : "",
          "schema" : {
            "$ref" : "#/definitions/proposalModifyRequest"
          },
          "required" : true
        }, {
          "name" : "proposalId",
          "in" : "path",
          "description" : "",
          "type" : "string",
          "required" : true
        } ],
        "responses" : {
          "200" : {
            "description" : "a string to be returned",
            "schema" : {
              "type" : "string"
            }
          },
          "400" : {
            "description" : "The request was invalid or cannot be otherwise served",
            "schema" : {
              "$ref" : "#/definitions/RESTException"
            }
          },
          "401" : {
            "description" : "Authentication credentials were missing or incorrect",
            "schema" : {
              "$ref" : "#/definitions/RESTException"
            }
          },
          "404" : {
            "description" : "The URI requested is invalid or the resource requested does not exist",
            "schema" : {
              "$ref" : "#/definitions/RESTException"
            }
          },
          "500" : {
            "description" : "A server error was encountered during a downstream call by the API",
            "schema" : {
              "$ref" : "#/definitions/RESTException"
            }
          },
          "204" : {
            "description" : "No Content",
            "schema" : {
              "type" : "string"
            }
          }
        }
      }
    }
  },
  "definitions" : {
    "proposal" : {
      "type" : "object",
      "required" : [ "product", "application", "id" ],
      "properties" : {
        "product" : {
          "$ref" : "#/definitions/product"
        },
        "application" : {
          "$ref" : "#/definitions/application"
        },
        "endDate" : {
          "type" : "string",
          "format" : "date"
        },
        "id" : {
          "type" : "string"
        },
        "href" : {
          "type" : "string"
        },
        "beneficiaries" : {
          "type" : "array",
          "items" : {
            "$ref" : "#/definitions/beneficiaries",
            "uniqueItems" : false
          }
        },
        "startDate" : {
          "type" : "string",
          "format" : "date"
        },
        "increments" : {
          "type" : "array",
          "items" : {
            "$ref" : "#/definitions/increments",
            "uniqueItems" : false
          }
        },
        "proposalStatusType" : {
          "type" : "string"
        }
      }
    },
    "transferIns" : {
      "type" : "object",
      "required" : [ "amount", "id" ],
      "properties" : {
        "amount" : {
          "type" : "integer"
        },
        "transferredFrom" : {
          "type" : "string"
        },
        "id" : {
          "type" : "string"
        },
        "href" : {
          "type" : "string"
        },
        "transferDate" : {
          "type" : "string",
          "format" : "date"
        }
      }
    },
    "RESTException" : {
      "type" : "object",
      "properties" : { }
    },
    "proposalModifyRequest" : {
      "type" : "object",
      "required" : [ "product" ],
      "properties" : {
        "product" : {
          "$ref" : "#/definitions/product"
        },
        "endDate" : {
          "type" : "string",
          "format" : "date"
        },
        "startDate" : {
          "type" : "string",
          "format" : "date"
        },
        "proposalStatusType" : {
          "type" : "string"
        }
      }
    },
    "product" : {
      "type" : "object",
      "required" : [ "id" ],
      "properties" : {
        "id" : {
          "type" : "string"
        },
        "href" : {
          "type" : "string"
        }
      }
    },
    "charges" : {
      "type" : "object",
      "required" : [ "chargeFrequencyType", "chargeType", "id", "paymentModeType", "chargePaymentType", "chargeValue" ],
      "properties" : {
        "chargeFrequencyType" : {
          "type" : "string"
        },
        "chargePercentageBaseValue" : {
          "type" : "integer"
        },
        "chargeType" : {
          "type" : "string"
        },
        "id" : {
          "type" : "string"
        },
        "href" : {
          "type" : "string"
        },
        "paymentModeType" : {
          "type" : "string"
        },
        "chargePaymentType" : {
          "type" : "string"
        },
        "chargeValue" : {
          "type" : "integer"
        },
        "ChargePeriodType" : {
          "type" : "string"
        }
      }
    },
    "contributions" : {
      "type" : "object",
      "required" : [ "contributionFrequencyType", "contributionAmount", "contributorId", "id" ],
      "properties" : {
        "contributionFrequencyType" : {
          "type" : "string"
        },
        "contributionAmount" : {
          "type" : "integer"
        },
        "contributorId" : {
          "type" : "integer"
        },
        "paymentFrequencyType" : {
          "type" : "string"
        },
        "id" : {
          "type" : "string"
        },
        "href" : {
          "type" : "string"
        }
      }
    },
    "application" : {
      "type" : "object",
      "required" : [ "id" ],
      "properties" : {
        "id" : {
          "type" : "string"
        },
        "href" : {
          "type" : "string"
        }
      }
    },
    "investmentChoice" : {
      "type" : "object",
      "required" : [ "id" ],
      "properties" : {
        "id" : {
          "type" : "string"
        },
        "href" : {
          "type" : "string"
        }
      }
    },
    "_items" : {
      "type" : "object",
      "properties" : {
        "relationshipType" : {
          "type" : "string"
        },
        "percentageAllocation" : {
          "type" : "integer"
        },
        "id" : {
          "type" : "string"
        },
        "href" : {
          "type" : "string"
        }
      }
    },
    "beneficiaries" : {
      "type" : "object",
      "properties" : {
        "_items" : {
          "type" : "array",
          "items" : {
            "$ref" : "#/definitions/_items",
            "uniqueItems" : false
          }
        }
      }
    },
    "increments" : {
      "type" : "object",
      "required" : [ "incrementAmount", "id", "incrementNumber" ],
      "properties" : {
        "transferIns" : {
          "type" : "array",
          "items" : {
            "$ref" : "#/definitions/transferIns",
            "uniqueItems" : false
          }
        },
        "incrementAmount" : {
          "type" : "integer"
        },
        "charges" : {
          "type" : "array",
          "items" : {
            "$ref" : "#/definitions/charges",
            "uniqueItems" : false
          }
        },
        "contributions" : {
          "type" : "array",
          "items" : {
            "$ref" : "#/definitions/contributions",
            "uniqueItems" : false
          }
        },
        "investmentChoice" : {
          "$ref" : "#/definitions/investmentChoice"
        },
        "id" : {
          "type" : "string"
        },
        "href" : {
          "type" : "string"
        },
        "incrementNumber" : {
          "type" : "integer"
        }
      }
    }
  }
}