{
  "swagger" : "2.0",
  "info" : {
    "version" : "1.0",
    "title" : "Summary about the new REST service.",
    "description" : "Summary about the new REST service."
  },
  "host" : "localhost:8080",
  "basePath" : "/",
  "schemes" : [ "http" ],
  "paths" : {
    "/secure/api/sales/v1/proposals/{proposalId}/increments/{incrementId}/charges" : {
      "post" : {
        "description" : "",
        "operationId" : "post-secure-api-sales-v1-proposals-increments-charges",
        "consumes" : [ "application/json" ],
        "produces" : [ "application/json" ],
        "parameters" : [ {
          "name" : "body",
          "in" : "body",
          "description" : "",
          "schema" : {
            "$ref" : "#/definitions/chargeRequest"
          },
          "required" : true
        }, {
          "name" : "incrementId",
          "in" : "path",
          "description" : "",
          "type" : "string",
          "required" : true
        }, {
          "name" : "proposalId",
          "in" : "path",
          "description" : "",
          "type" : "string",
          "required" : true
        } ],
        "responses" : {
          "200" : {
            "description" : "a commonResponse to be returned",
            "schema" : {
              "$ref" : "#/definitions/commonResponse"
            }
          },
          "400" : {
            "description" : "The request was invalid or cannot be otherwise served",
            "schema" : {
              "$ref" : "#/definitions/RESTException"
            }
          },
          "401" : {
            "description" : "Authentication credentials were missing or incorrect",
            "schema" : {
              "$ref" : "#/definitions/RESTException"
            }
          },
          "404" : {
            "description" : "The URI requested is invalid or the resource requested does not exist",
            "schema" : {
              "$ref" : "#/definitions/RESTException"
            }
          },
          "500" : {
            "description" : "A server error was encountered during a downstream call by the API",
            "schema" : {
              "$ref" : "#/definitions/RESTException"
            }
          },
          "201" : {
            "description" : "Created",
            "schema" : {
              "type" : "string"
            }
          }
        }
      },
      "get" : {
        "description" : "",
        "operationId" : "get-secure-api-sales-v1-proposals-increments-charges",
        "consumes" : [ "application/json" ],
        "produces" : [ "application/json" ],
        "parameters" : [ {
          "name" : "incrementId",
          "in" : "path",
          "description" : "",
          "type" : "string",
          "required" : true
        }, {
          "name" : "proposalId",
          "in" : "path",
          "description" : "",
          "type" : "string",
          "required" : true
        } ],
        "responses" : {
          "200" : {
            "description" : "a charges to be returned",
            "schema" : {
              "type" : "array",
              "items" : {
                "$ref" : "#/definitions/charges",
                "uniqueItems" : false
              }
            }
          },
          "400" : {
            "description" : "The request was invalid or cannot be otherwise served",
            "schema" : {
              "$ref" : "#/definitions/RESTException"
            }
          },
          "401" : {
            "description" : "Authentication credentials were missing or incorrect",
            "schema" : {
              "$ref" : "#/definitions/RESTException"
            }
          },
          "404" : {
            "description" : "The URI requested is invalid or the resource requested does not exist",
            "schema" : {
              "$ref" : "#/definitions/RESTException"
            }
          },
          "500" : {
            "description" : "A server error was encountered during a downstream call by the API",
            "schema" : {
              "$ref" : "#/definitions/RESTException"
            }
          }
        }
      }
    }
  },
  "definitions" : {
    "RESTException" : {
      "type" : "object",
      "properties" : { }
    },
    "charges" : {
      "type" : "object",
      "properties" : {
        "_items" : {
          "type" : "array",
          "items" : {
            "$ref" : "#/definitions/_items",
            "uniqueItems" : false
          }
        }
      }
    },
    "chargeRequest" : {
      "type" : "object",
      "required" : [ "chargeFrequencyType", "chargeValidityPeriod", "chargeType", "lifetimeChargeFlag", "paymentModeType", "chargePaymentType", "chargeValue", "chargesAutoIncreaseType" ],
      "properties" : {
        "chargeFrequencyType" : {
          "type" : "string"
        },
        "chargeValidityPeriod" : {
          "type" : "integer"
        },
        "chargesIncreasePercentage" : {
          "type" : "string"
        },
        "chargePercentageBaseValue" : {
          "type" : "integer"
        },
        "chargeType" : {
          "type" : "string"
        },
        "lifetimeChargeFlag" : {
          "type" : "boolean"
        },
        "paymentModeType" : {
          "type" : "string"
        },
        "chargePaymentType" : {
          "type" : "string"
        },
        "chargeValue" : {
          "type" : "integer"
        },
        "chargesAutoIncreaseType" : {
          "type" : "string"
        },
        "ChargePeriodType" : {
          "type" : "string"
        }
      }
    },
    "commonResponse" : {
      "type" : "object",
      "properties" : {
        "id" : {
          "type" : "string"
        }
      }
    },
    "_items" : {
      "type" : "object",
      "required" : [ "chargeFrequencyType", "chargeValidityPeriod", "chargeType", "lifetimeChargeFlag", "id", "paymentModeType", "chargePaymentType", "chargesAutoIncreaseType", "chargeValue" ],
      "properties" : {
        "chargeFrequencyType" : {
          "type" : "string"
        },
        "chargeValidityPeriod" : {
          "type" : "integer"
        },
        "chargesIncreasePercentage" : {
          "type" : "string"
        },
        "chargePercentageBaseValue" : {
          "type" : "integer"
        },
        "chargeType" : {
          "type" : "string"
        },
        "paymentModeType" : {
          "type" : "string"
        },
        "chargePaymentType" : {
          "type" : "string"
        },
        "chargesAutoIncreaseType" : {
          "type" : "string"
        },
        "ChargePeriodType" : {
          "type" : "string"
        },
        "lifetimeChargeFlag" : {
          "type" : "boolean"
        },
        "id" : {
          "type" : "string"
        },
        "href" : {
          "type" : "string"
        },
        "chargeValue" : {
          "type" : "integer"
        }
      }
    }
  }
}