{
  "swagger": "2.0",
  "info": {
    "version": "1.0",
    "title": "Transfer providers"
  },
  "host": "adviser.royallondon.com",
  "basePath": "/secure/api",
  "schemes": [
    "https"
  ],
  "paths": {
    "/v1/refdata/transferProviders": {
      "get": {
        "summary": "retrieve a list of transfer providers",
        "responses": {
          "200": {
            "description": "OK",
            "schema": {
              "$ref": "#/definitions/transferProvidersResponse"
            }
          },
          "400": {
            "description": "The request was invalid or cannot be otherwise served.",
            "schema": {
              "$ref": "#/definitions/errorResponse"
            }
          },
          "401": {
            "description": "Authentication credentials were missing or incorrect.",
            "schema": {
              "$ref": "#/definitions/errorResponse"
            }
          },
          "500": {
            "description": "A server error was encountered during a downstream call by the API",
            "schema": {
              "$ref": "#/definitions/errorResponse"
            }
          }
        }
      }
    }
  },
  "definitions": {
    "transferProvidersResponse": {
      "properties": {
        "_items": {
          "type": "array",
          "items": {
            "$ref": "#/definitions/transferProviders"
          }
        }
      }
    },
    "transferProviders": {
      "properties": {
        "id": {
          "type": "string",
          "description": "Id of transfer provider."
        },
        "name": {
          "type": "string",
          "description": "value of the transfer provider."
        }
      }
    },
    "errorResponse": {
      "type": "object",
      "required": [
        "errorId",
        "errorMsg",
        "errorCode",
        "errorType",
        "contextInfo"
      ],
      "properties": {
        "errorId": {
          "type": "string",
          "description": "Error ID - Unique Idnetifier for each transaction.",
          "example": 123456789
        },
        "errorMsg": {
          "type": "string",
          "description": "Error Message",
          "example": "error"
        },
        "errorCode": {
          "type": "string",
          "description": "Error COde",
          "example": "TIB-NO-SUCH-TRANSFERPROVIDER-xx1"
        },
        "errorType": {
          "type": "string",
          "description": "Type of error (Technical | Business)",
          "example": "Technical"
        },
        "contextInfo": {
          "type": "array",
          "items": {
            "$ref": "#/definitions/contextInfo"
          }
        }
      }
    },
    "contextInfo": {
      "type": "object",
      "required": [
        "name",
        "value"
      ],
      "properties": {
        "name": {
          "type": "string",
          "description": "name of the context attribute.",
          "example": "filename"
        },
        "value": {
          "type": "string",
          "description": "value of context attribute.",
          "example": "c:\\files\\file1.txt"
        }
      }
    }
  }
}