﻿<?xml version="1.0" encoding="utf-8"?>
<configuration>
  <properties>
    <property name="//TT_PENSIONS_DYN_CustomerMgmt-service.module///services/TT_PENSIONS_Dynamics_CustomerMgmt/CustomerMgmt_v1/ftlCustomerMgmt/channel_getCustomer">
      <environment name="DEFAULT" value="{&quot;channel&quot;:&quot;tt_pensions_dyn_customermgmt_getcustomeraddress_v1&quot;}" />
    </property>
    <property name="//TT_PENSIONS_DYN_CustomerMgmt-service.module///services/TT_PENSIONS_Dynamics_CustomerMgmt/CustomerMgmt_v1/ftlCustomerMgmt/format">
      <environment name="DEFAULT" value="CSF" />
    </property>
    <property name="//TT_PENSIONS_DYN_CustomerMgmt-service.module///services/TT_PENSIONS_Dynamics_CustomerMgmt/CustomerMgmt_v1/ftlCustomerMgmt/endpoint">
      <environment name="DEFAULT" value="SyncResponseDyn_ep" />
    </property>
    <property name="//TT_PENSIONS_DYN_CustomerMgmt-service.module///services/TT_PENSIONS_Dynamics_CustomerMgmt/CustomerMgmt_v1/ftlCustomerMgmt/formatName">
      <environment name="DEFAULT" value="CSFMessage" />
    </property>
    <property name="//TT_PENSIONS_DYN_CustomerMgmt-service.module///services/TT_PENSIONS_Dynamics_CustomerMgmt/CustomerMgmt_v1/ftlCustomerMgmt/advanced/activityWorkerThreads">
      <environment name="DEFAULT" value="50%" />
    </property>
    <property name="//TT_PENSIONS_DYN_CustomerMgmt-service.module///services/TT_PENSIONS_Dynamics_CustomerMgmt/CustomerMgmt_v1/ftlCustomerMgmt/advanced/subscriberName">
      <environment name="DEFAULT" value="" />
    </property>
    <property name="//TT_PENSIONS_DYN_CustomerMgmt-service.module///services/TT_PENSIONS_Dynamics_CustomerMgmt/CustomerMgmt_v1/ftlCustomerMgmt/advanced/ftlQueueSize">
      <environment name="DEFAULT" value="-1" />
    </property>
    <property name="//TT_PENSIONS_DYN_CustomerMgmt-service.module///services/TT_PENSIONS_Dynamics_CustomerMgmt/CustomerMgmt_v1/ftlCustomerMgmt/advanced/ftlQueueDispatcherThreads">
      <environment name="DEFAULT" value="1" />
    </property>
    <property name="//TT_PENSIONS_DYN_CustomerMgmt-service.module///services/TT_PENSIONS_Dynamics_CustomerMgmt/CustomerMgmt_v1/ftlCustomerMgmt/advanced/durableNames/durable_GetCustomer">
      <environment name="DEFAULT" value="tt_pensions_dyn_customermgmt_getcustomeraddress_v1" />
    </property>
    <property name="//TT_PENSIONS_DYN_CustomerMgmt-service.module///services/TT_PENSIONS_Dynamics_CustomerMgmt/CustomerMgmt_v1/operations/getCustomer">
      <environment name="DEFAULT" value="GetCustomer" />
    </property>
    <property name="//TT_PENSIONS_DYN_CustomerMgmt-implement.module///services/TT_PENSIONS_Dynamics_CustomerMgmt/CustomerMgmt_v1/serviceName/advanced/activityTimeoutSeconds">
      <environment name="DEFAULT" value="30" />
    </property>
    <property name="//TT_PENSIONS_DYN_CustomerMgmt-implement.module///services/TT_PENSIONS_Dynamics_CustomerMgmt/CustomerMgmt_v1/crmExceptionValues/invalidValueName_Customer">
      <environment name="DEFAULT" value="Customer" />
    </property>
    <property name="//TT_PENSIONS_DYN_CustomerMgmt-implement.module///services/TT_PENSIONS_Dynamics_CustomerMgmt/CustomerMgmt_v1/crmExceptionValues/invalidValueName_Country">
      <environment name="DEFAULT" value="Country" />
    </property>
    <property name="//TT_PENSIONS_DYN_CustomerMgmt-implement.module///services/TT_PENSIONS_Dynamics_CustomerMgmt/CustomerMgmt_v1/crmOperators/searchOperator_Equal">
      <environment name="DEFAULT" value="eq" />
    </property>
    <property name="//LIB_RESOURCE_DYNAMICS365-implement.module///resources/LIB_RESOURCE_DYNAMICS365/DYNAMICS365_v1/dynamicsCRMConnectionName">
      <environment name="DEFAULT" value="LIB.RESOURCE.DYNAMICS365.DYNAMICS365_v1.dynamics365.DynamicsCRMConnection" />
    </property>
    <property name="//LIB_RESOURCE_DYNAMICS365-implement.module///resources/LIB_RESOURCE_DYNAMICS365/DYNAMICS365_v1/dynamicsCRMConnection/password">
      <environment name="DEFAULT" value="~TIBVAL_CRMConnection_password~" />
    </property>
    <property name="//LIB_RESOURCE_DYNAMICS365-implement.module///resources/LIB_RESOURCE_DYNAMICS365/DYNAMICS365_v1/dynamicsCRMConnection/timeoutSec">
      <environment name="DEFAULT" value="1800" />
    </property>
    <property name="//LIB_RESOURCE_DYNAMICS365-implement.module///resources/LIB_RESOURCE_DYNAMICS365/DYNAMICS365_v1/dynamicsCRMConnection/organizationService">
      <environment name="DEFAULT" value="~TIBVAL_CRMConnection_organizationService~" />
    </property>
    <property name="//LIB_RESOURCE_DYNAMICS365-implement.module///resources/LIB_RESOURCE_DYNAMICS365/DYNAMICS365_v1/dynamicsCRMConnection/userName">
      <environment name="DEFAULT" value="~TIBVAL_CRMConnection_userName~" />
    </property>
    <property name="//LIB_RESOURCE_DYNAMICS365-implement.module///resources/LIB_RESOURCE_DYNAMICS365/DYNAMICS365_v1/dynamicsCRMConnection/proxyConfiguration/proxyPassword">
      <environment name="DEFAULT" value="~TIBVAL_CRMConnection_proxyPassword~" />
    </property>
    <property name="//LIB_RESOURCE_DYNAMICS365-implement.module///resources/LIB_RESOURCE_DYNAMICS365/DYNAMICS365_v1/dynamicsCRMConnection/proxyConfiguration/proxyPort">
      <environment name="DEFAULT" value="~TIBVAL_CRMConnection_proxyPort~" />
    </property>
    <property name="//LIB_RESOURCE_DYNAMICS365-implement.module///resources/LIB_RESOURCE_DYNAMICS365/DYNAMICS365_v1/dynamicsCRMConnection/proxyConfiguration/proxyUsername">
      <environment name="DEFAULT" value="~TIBVAL_CRMConnection_proxyUsername~" />
    </property>
    <property name="//LIB_RESOURCE_DYNAMICS365-implement.module///resources/LIB_RESOURCE_DYNAMICS365/DYNAMICS365_v1/dynamicsCRMConnection/proxyConfiguration/proxyServer">
      <environment name="DEFAULT" value="~TIBVAL_CRMConnection_proxyServer~" />
    </property>
    <property name="//LIB_RESOURCE_DYNAMICS365-implement.module///resources/LIB_RESOURCE_DYNAMICS365/DYNAMICS365_v1/dynamicsCRMConnection/proxyConfiguration/useProxy">
      <environment name="DEFAULT" value="true" />
    </property>
  </properties>
  <deployment>
    <appspace>
      <environment name="DEFAULT" value="RLG_AS_TT"/>
    </appspace>
	<uploadArchivePath>
      <environment name="DEFAULT" value="AddressPropagation"/>
    </uploadArchivePath>
  </deployment>
</configuration>