{
  "swagger": "2.0",
  "info": {
    "version": "2.3",
    "title": "Proposals",
    "termsOfService": "governance-3"
  },
  "host": "adviser.royallondon.com",
  "basePath": "/secure/api",
  "schemes": [
    "https"
  ],
  "paths": {
    "/sales/v2/proposals": {
      "get": {
        "summary": "retrieve a list of proposals",
        "parameters": [
          {
            "name": "expand",
            "in": "query",
            "required": false,
            "type": "string",
            "description": "Please refer to the sharepoint link http://rliprojects-portal/programme/scottishlife/ThinkBeyond/APIFactory/Project%20Documents/2.%20Solution%20Design/Integration%20Layer%20and%20APIs%20Technical%20Note_1.1.docx on usage of Expand, Sorting and paging approach"
          },
          {
            "name": "page",
            "in": "query",
            "required": false,
            "type": "number",
            "description": "Please refer to the sharepoint link http://rliprojects-portal/programme/scottishlife/ThinkBeyond/APIFactory/Project%20Documents/2.%20Solution%20Design/Integration%20Layer%20and%20APIs%20Technical%20Note_1.1.docx on usage of Expand, Sorting and paging approach"
          },
          {
            "name": "pageSize",
            "in": "query",
            "required": false,
            "type": "number",
            "description": "Please refer to the sharepoint link http://rliprojects-portal/programme/scottishlife/ThinkBeyond/APIFactory/Project%20Documents/2.%20Solution%20Design/Integration%20Layer%20and%20APIs%20Technical%20Note_1.1.docx on usage of Expand, Sorting and paging approach"
          },
          {
            "name": "sessionId",
            "in": "query",
            "required": false,
            "type": "string",
            "description": "Please refer to the sharepoint link http://rliprojects-portal/programme/scottishlife/ThinkBeyond/APIFactory/Project%20Documents/2.%20Solution%20Design/Integration%20Layer%20and%20APIs%20Technical%20Note_1.1.docx on usage of Expand, Sorting and paging approach"
          },
          {
            "name": "pageReset",
            "in": "query",
            "required": false,
            "type": "string",
            "description": "Please refer to the sharepoint link http://rliprojects-portal/programme/scottishlife/ThinkBeyond/APIFactory/Project%20Documents/2.%20Solution%20Design/Integration%20Layer%20and%20APIs%20Technical%20Note_1.1.docx on usage of Expand, Sorting and paging approach"
          },
          {
            "name": "sortBy",
            "in": "query",
            "required": false,
            "type": "string",
            "description": "Please refer to the sharepoint link http://rliprojects-portal/programme/scottishlife/ThinkBeyond/APIFactory/Project%20Documents/2.%20Solution%20Design/Integration%20Layer%20and%20APIs%20Technical%20Note_1.1.docx on usage of Expand, Sorting and paging approach"
          },
          {
            "name": "sortOrder",
            "in": "query",
            "required": false,
            "type": "string",
            "description": "Please refer to the sharepoint link http://rliprojects-portal/programme/scottishlife/ThinkBeyond/APIFactory/Project%20Documents/2.%20Solution%20Design/Integration%20Layer%20and%20APIs%20Technical%20Note_1.1.docx on usage of Expand, Sorting and paging approach"
          },
          {
            "name": "applicationId",
            "in": "query",
            "required": false,
            "type": "string",
            "description": "a list of applicationIds with delimeter of ','. Example:  12345678,1234569"
          },
          {
            "name": "applicantId",
            "in": "query",
            "required": false,
            "type": "string",
            "description": "retrive list of proposals for a give applicantId. ex: 12345"
          }
        ],
        "responses": {
          "200": {
            "description": "OK",
            "schema": {
              "$ref": "#/definitions/proposals"
            }
          },
          "400": {
            "description": "The request was invalid or cannot be otherwise served.",
            "schema": {
              "$ref": "#/definitions/errorResponse"
            }
          },
          "401": {
            "description": "Authentication credentials were missing or incorrect.",
            "schema": {
              "$ref": "#/definitions/errorResponse"
            }
          },
          "500": {
            "description": "A server error was encountered during a downstream call by the API",
            "schema": {
              "$ref": "#/definitions/errorResponse"
            }
          }
        }
      },
      "post": {
        "summary": "create a proposal",
        "parameters": [
          {
            "name": "body",
            "in": "body",
            "description": "proposal entity to be created",
            "required": true,
            "schema": {
              "$ref": "#/definitions/proposalRequest"
            }
          }
        ],
        "responses": {
          "201": {
            "description": "Created",
            "schema": {
              "$ref": "#/definitions/commonResponse"
            }
          },
          "400": {
            "description": "The request was invalid or cannot be otherwise served.",
            "schema": {
              "$ref": "#/definitions/errorResponse"
            }
          },
          "401": {
            "description": "Authentication credentials were missing or incorrect.",
            "schema": {
              "$ref": "#/definitions/errorResponse"
            }
          },
          "500": {
            "description": "A server error was encountered during a downstream call by the API",
            "schema": {
              "$ref": "#/definitions/errorResponse"
            }
          }
        }
      }
    },
    "/sales/v2/proposals/{proposalId}": {
      "get": {
        "summary": "retrieve proposal details",
        "parameters": [
          {
            "name": "proposalId",
            "in": "path",
            "required": true,
            "type": "string"
          }
        ],
        "responses": {
          "200": {
            "description": "OK",
            "schema": {
              "$ref": "#/definitions/proposal"
            }
          },
          "400": {
            "description": "The request was invalid or cannot be otherwise served.",
            "schema": {
              "$ref": "#/definitions/errorResponse"
            }
          },
          "401": {
            "description": "Authentication credentials were missing or incorrect.",
            "schema": {
              "$ref": "#/definitions/errorResponse"
            }
          },
          "404": {
            "description": "Resource Not found.",
            "schema": {
              "$ref": "#/definitions/errorResponse"
            }
          },
          "500": {
            "description": "A server error was encountered during a downstream call by the API",
            "schema": {
              "$ref": "#/definitions/errorResponse"
            }
          }
        }
      },
      "post": {
        "summary": "submit the proposal (request and response will be defined later)",
        "parameters": [
          {
            "name": "proposalId",
            "in": "path",
            "required": true,
            "type": "string"
          }
        ],
        "responses": {
          "201": {
            "description": "Created"
          },
          "400": {
            "description": "The request was invalid or cannot be otherwise served.",
            "schema": {
              "$ref": "#/definitions/errorResponse"
            }
          },
          "401": {
            "description": "Authentication credentials were missing or incorrect.",
            "schema": {
              "$ref": "#/definitions/errorResponse"
            }
          },
          "404": {
            "description": "Resource Not found.",
            "schema": {
              "$ref": "#/definitions/errorResponse"
            }
          },
          "500": {
            "description": "A server error was encountered during a downstream call by the API",
            "schema": {
              "$ref": "#/definitions/errorResponse"
            }
          }
        }
      },
      "put": {
        "summary": "modify a proposal",
        "parameters": [
          {
            "name": "proposalId",
            "in": "path",
            "required": true,
            "type": "string"
          },
          {
            "name": "body",
            "in": "body",
            "description": "proposal entity to be modified",
            "required": true,
            "schema": {
              "$ref": "#/definitions/proposalModifyRequest"
            }
          }
        ],
        "responses": {
          "204": {
            "description": "No Content"
          },
          "400": {
            "description": "The request was invalid or cannot be otherwise served.",
            "schema": {
              "$ref": "#/definitions/errorResponse"
            }
          },
          "401": {
            "description": "Authentication credentials were missing or incorrect.",
            "schema": {
              "$ref": "#/definitions/errorResponse"
            }
          },
          "404": {
            "description": "Resource Not found.",
            "schema": {
              "$ref": "#/definitions/errorResponse"
            }
          },
          "500": {
            "description": "A server error was encountered during a downstream call by the API",
            "schema": {
              "$ref": "#/definitions/errorResponse"
            }
          }
        }
      }
    },
    "/sales/v2/proposals/{proposalId}/increments": {
      "get": {
        "summary": "retrieve a list of increment",
        "parameters": [
          {
            "name": "proposalId",
            "in": "path",
            "required": true,
            "type": "string"
          },
          {
            "name": "incrementType",
            "in": "query",
            "required": false,
            "description": "incrementType to filter Transfers or Contributions ",
            "type": "string"
          }
        ],
        "responses": {
          "200": {
            "description": "OK",
            "schema": {
              "$ref": "#/definitions/increments"
            }
          },
          "400": {
            "description": "The request was invalid or cannot be otherwise served.",
            "schema": {
              "$ref": "#/definitions/errorResponse"
            }
          },
          "401": {
            "description": "Authentication credentials were missing or incorrect.",
            "schema": {
              "$ref": "#/definitions/errorResponse"
            }
          },
          "500": {
            "description": "A server error was encountered during a downstream call by the API",
            "schema": {
              "$ref": "#/definitions/errorResponse"
            }
          }
        }
      },
      "post": {
        "summary": "create an increment",
        "parameters": [
          {
            "name": "proposalId",
            "in": "path",
            "required": true,
            "type": "string"
          },
          {
            "name": "body",
            "in": "body",
            "description": "increment entity to be created",
            "required": true,
            "schema": {
              "$ref": "#/definitions/incrementRequest"
            }
          }
        ],
        "responses": {
          "201": {
            "description": "Created",
            "schema": {
              "$ref": "#/definitions/commonResponse"
            }
          },
          "400": {
            "description": "The request was invalid or cannot be otherwise served.",
            "schema": {
              "$ref": "#/definitions/errorResponse"
            }
          },
          "401": {
            "description": "Authentication credentials were missing or incorrect.",
            "schema": {
              "$ref": "#/definitions/errorResponse"
            }
          },
          "500": {
            "description": "A server error was encountered during a downstream call by the API",
            "schema": {
              "$ref": "#/definitions/errorResponse"
            }
          }
        }
      }
    },
    "/sales/v2/proposals/{proposalId}/increments/{incrementId}": {
      "get": {
        "summary": "retrieve increment details",
        "parameters": [
          {
            "name": "proposalId",
            "in": "path",
            "required": true,
            "type": "string"
          },
          {
            "name": "incrementId",
            "in": "path",
            "required": true,
            "type": "string"
          },
          {
            "name": "incrementType",
            "in": "query",
            "required": false,
            "description": "incrementType to filter Transfers or Contributions ",
            "type": "string"
          }
        ],
        "responses": {
          "200": {
            "description": "OK",
            "schema": {
              "$ref": "#/definitions/increment"
            }
          },
          "400": {
            "description": "The request was invalid or cannot be otherwise served.",
            "schema": {
              "$ref": "#/definitions/errorResponse"
            }
          },
          "401": {
            "description": "Authentication credentials were missing or incorrect.",
            "schema": {
              "$ref": "#/definitions/errorResponse"
            }
          },
          "404": {
            "description": "Resource Not found.",
            "schema": {
              "$ref": "#/definitions/errorResponse"
            }
          },
          "500": {
            "description": "A server error was encountered during a downstream call by the API",
            "schema": {
              "$ref": "#/definitions/errorResponse"
            }
          }
        }
      },
      "put": {
        "summary": "Modify an increment",
        "parameters": [
          {
            "name": "proposalId",
            "in": "path",
            "description": "proposal id to be modified",
            "required": true,
            "type": "string"
          },
          {
            "name": "incrementId",
            "in": "path",
            "description": "increment id to be modified",
            "required": true,
            "type": "string"
          },
          {
            "name": "body",
            "in": "body",
            "description": "increment entity to be modified",
            "required": true,
            "schema": {
              "$ref": "#/definitions/incrementRequest"
            }
          }
        ],
        "responses": {
          "204": {
            "description": "No Content"
          },
          "400": {
            "description": "The request was invalid or cannot be otherwise served.",
            "schema": {
              "$ref": "#/definitions/errorResponse"
            }
          },
          "401": {
            "description": "Authentication credentials were missing or incorrect.",
            "schema": {
              "$ref": "#/definitions/errorResponse"
            }
          },
          "404": {
            "description": "Resource Not found.",
            "schema": {
              "$ref": "#/definitions/errorResponse"
            }
          },
          "500": {
            "description": "A server error was encountered during a downstream call by the API",
            "schema": {
              "$ref": "#/definitions/errorResponse"
            }
          }
        }
      },
      "delete": {
        "summary": "Remove an increment",
        "parameters": [
          {
            "name": "proposalId",
            "in": "path",
            "description": "proposal id to be modified",
            "required": true,
            "type": "string"
          },
          {
            "name": "incrementId",
            "in": "path",
            "required": true,
            "type": "string"
          }
        ],
        "responses": {
          "204": {
            "description": "No content"
          },
          "400": {
            "description": "The request was invalid or cannot be otherwise served.",
            "schema": {
              "$ref": "#/definitions/errorResponse"
            }
          },
          "401": {
            "description": "Authentication credentials were missing or incorrect.",
            "schema": {
              "$ref": "#/definitions/errorResponse"
            }
          },
          "404": {
            "description": "The URI requested is invalid or the resource requested does not exist.",
            "schema": {
              "$ref": "#/definitions/errorResponse"
            }
          },
          "500": {
            "description": "A server error was encountered during a downstream call by the API",
            "schema": {
              "$ref": "#/definitions/errorResponse"
            }
          }
        }
      }
    },
    "/sales/v2/proposals/{proposalId}/increments/{incrementId}/charges": {
      "get": {
        "summary": "retrieve a list of charges",
        "parameters": [
          {
            "name": "proposalId",
            "in": "path",
            "description": "proposal id to be modified",
            "required": true,
            "type": "string"
          },
          {
            "name": "incrementId",
            "in": "path",
            "description": "increment id to be modified",
            "required": true,
            "type": "string"
          }
        ],
        "responses": {
          "200": {
            "description": "OK",
            "schema": {
              "$ref": "#/definitions/charges"
            }
          },
          "400": {
            "description": "The request was invalid or cannot be otherwise served.",
            "schema": {
              "$ref": "#/definitions/errorResponse"
            }
          },
          "401": {
            "description": "Authentication credentials were missing or incorrect.",
            "schema": {
              "$ref": "#/definitions/errorResponse"
            }
          },
          "404": {
            "description": "Resource Not found.",
            "schema": {
              "$ref": "#/definitions/errorResponse"
            }
          },
          "500": {
            "description": "A server error was encountered during a downstream call by the API",
            "schema": {
              "$ref": "#/definitions/errorResponse"
            }
          }
        }
      },
      "post": {
        "summary": "create a charge",
        "parameters": [
          {
            "name": "proposalId",
            "in": "path",
            "description": "proposal id to be modified",
            "required": true,
            "type": "string"
          },
          {
            "name": "incrementId",
            "in": "path",
            "description": "increment id to be modified",
            "required": true,
            "type": "string"
          },
          {
            "name": "body",
            "in": "body",
            "description": "charge entity to be created",
            "required": true,
            "schema": {
              "$ref": "#/definitions/chargeRequest"
            }
          }
        ],
        "responses": {
          "201": {
            "description": "Created",
            "schema": {
              "$ref": "#/definitions/commonResponse"
            }
          },
          "400": {
            "description": "The request was invalid or cannot be otherwise served.",
            "schema": {
              "$ref": "#/definitions/errorResponse"
            }
          },
          "401": {
            "description": "Authentication credentials were missing or incorrect.",
            "schema": {
              "$ref": "#/definitions/errorResponse"
            }
          },
          "404": {
            "description": "Resource Not found.",
            "schema": {
              "$ref": "#/definitions/errorResponse"
            }
          },
          "500": {
            "description": "A server error was encountered during a downstream call by the API",
            "schema": {
              "$ref": "#/definitions/errorResponse"
            }
          }
        }
      }
    },
    "/sales/v2/proposals/{proposalId}/increments/{incrementId}/charges/{chargeId}": {
      "get": {
        "summary": "retrieve charge details",
        "parameters": [
          {
            "name": "proposalId",
            "in": "path",
            "description": "proposal id to be modified",
            "required": true,
            "type": "string"
          },
          {
            "name": "incrementId",
            "in": "path",
            "description": "increment id to be modified",
            "required": true,
            "type": "string"
          },
          {
            "name": "chargeId",
            "in": "path",
            "description": "charge id to be modified",
            "required": true,
            "type": "string"
          }
        ],
        "responses": {
          "200": {
            "description": "OK",
            "schema": {
              "$ref": "#/definitions/charge"
            }
          },
          "400": {
            "description": "The request was invalid or cannot be otherwise served.",
            "schema": {
              "$ref": "#/definitions/errorResponse"
            }
          },
          "401": {
            "description": "Authentication credentials were missing or incorrect.",
            "schema": {
              "$ref": "#/definitions/errorResponse"
            }
          },
          "404": {
            "description": "Resource Not found.",
            "schema": {
              "$ref": "#/definitions/errorResponse"
            }
          },
          "500": {
            "description": "A server error was encountered during a downstream call by the API",
            "schema": {
              "$ref": "#/definitions/errorResponse"
            }
          }
        }
      },
      "put": {
        "summary": "Modify a charge",
        "parameters": [
          {
            "name": "proposalId",
            "in": "path",
            "description": "proposal id to be modified",
            "required": true,
            "type": "string"
          },
          {
            "name": "chargeId",
            "in": "path",
            "description": "charge id to be modified",
            "required": true,
            "type": "string"
          },
          {
            "name": "incrementId",
            "in": "path",
            "description": "increment id to be modified",
            "required": true,
            "type": "string"
          },
          {
            "name": "body",
            "in": "body",
            "description": "charge entity to be modified",
            "required": true,
            "schema": {
              "$ref": "#/definitions/chargeRequest"
            }
          }
        ],
        "responses": {
          "204": {
            "description": "No Content"
          },
          "400": {
            "description": "The request was invalid or cannot be otherwise served.",
            "schema": {
              "$ref": "#/definitions/errorResponse"
            }
          },
          "401": {
            "description": "Authentication credentials were missing or incorrect.",
            "schema": {
              "$ref": "#/definitions/errorResponse"
            }
          },
          "404": {
            "description": "Resource Not found.",
            "schema": {
              "$ref": "#/definitions/errorResponse"
            }
          },
          "500": {
            "description": "A server error was encountered during a downstream call by the API",
            "schema": {
              "$ref": "#/definitions/errorResponse"
            }
          }
        }
      }
    }
  },
  "definitions": {
    "proposals": {
      "properties": {
        "_metadata": {
          "$ref": "#/definitions/metadata"
        },
        "_items": {
          "type": "array",
          "items": {
            "$ref": "#/definitions/proposal"
          }
        }
      }
    },
    "proposal": {
      "required": [
        "id",
        "application",
        "product"
      ],
      "properties": {
        "id": {
          "type": "string",
          "description": "Identifier of application"
        },
        "href": {
          "type": "string",
          "description": "reference of proposal"
        },
        "application": {
          "$ref": "#/definitions/application"
        },
        "product": {
          "$ref": "#/definitions/product"
        },
        "policy": {
          "$ref": "#/definitions/policy"
        },
        "startDate": {
          "type": "string",
          "format": "date",
          "example": "YYYY-MM-DD",
          "description": "effective start date of proposal"
        },
        "endDate": {
          "type": "string",
          "format": "date",
          "example": "YYYY-MM-DD",
          "description": "effective end date of proposal"
        },
        "proposalStatusType": {
          "type": "string",
          "description": "values - InProgress - Expired - Completed - Deleted"
        },
        "increments": {
          "type": "array",
          "items": {
            "$ref": "#/definitions/summaryIncrement"
          }
        }
      }
    },
    "application": {
      "required": [
        "id"
      ],
      "properties": {
        "id": {
          "type": "string",
          "description": "Identifier of application"
        },
        "href": {
          "type": "string",
          "description": "reference of application"
        }
      }
    },
    "product": {
      "required": [
        "id"
      ],
      "properties": {
        "id": {
          "type": "string",
          "description": "Identifier of product"
        },
        "href": {
          "type": "string",
          "description": "reference of product"
        },
        "name": {
          "type": "string",
          "description": "Name of product"
        }
      }
    },
    "policy": {
      "properties": {
        "id": {
          "type": "string",
          "description": "Identifier of policy"
        },
        "href": {
          "type": "string",
          "description": "reference of policy"
        }
      }
    },
    "investmentChoice": {
      "required": [
        "id"
      ],
      "properties": {
        "id": {
          "type": "string",
          "description": "Identifier of investmentChoice"
        },
        "href": {
          "type": "string",
          "description": "reference of investmentChoice"
        },
        "name": {
          "type": "string",
          "description": "Name of the investment"
        }
      }
    },
    "proposalRequest": {
      "required": [
        "application"
      ],
      "properties": {
        "quote": {
          "$ref": "#/definitions/commonResponse"
        },
        "application": {
          "$ref": "#/definitions/commonResponse"
        },
        "product": {
          "$ref": "#/definitions/commonResponse"
        },
        "startDate": {
          "type": "string",
          "format": "date",
          "example": "YYYY-MM-DD",
          "description": "effective start date of proposal"
        },
        "endDate": {
          "type": "string",
          "format": "date",
          "example": "YYYY-MM-DD",
          "description": "effective end date of proposal"
        }
      }
    },
    "proposalModifyRequest": {
      "required": [
        "product",
        "startDate",
        "endDate",
        "proposalStatusType"
      ],
      "properties": {
        "product": {
          "$ref": "#/definitions/commonResponse"
        },
        "startDate": {
          "type": "string",
          "format": "date",
          "example": "YYYY-MM-DD",
          "description": "effective start date of proposal"
        },
        "endDate": {
          "type": "string",
          "format": "date",
          "example": "YYYY-MM-DD",
          "description": "effective end date of proposal"
        },
        "proposalStatusType": {
          "type": "string",
          "description": "values - InProgress - Expired - Completed - Deleted"
        }
      }
    },
    "commonResponse": {
      "properties": {
        "id": {
          "type": "string"
        }
      }
    },
    "summaryCharge": {
      "properties": {
        "id": {
          "type": "string",
          "description": "Identifier of charge"
        },
        "href": {
          "type": "string",
          "description": "reference of charge"
        },
        "chargePeriodType": {
          "type": "string",
          "example": "Initial",
          "description": "The period of time the charge is applicable for\n * Initial\n * Ongoing\n * ASAP\n"
        },
        "chargeBasisType": {
          "type": "string",
          "example": "percentage",
          "description": "basis of charge\n * Percentage\n * Amount\n"
        },
        "chargeValue": {
          "type": "number",
          "format": "double",
          "example": 0.5,
          "description": "value of charge"
        },
        "chargeDuration": {
          "type": "integer",
          "example": 5,
          "description": "charge duration in months"
        },
        "chargeStartDate": {
          "type": "string",
          "format": "date",
          "example": "YYYY-MM-DD",
          "description": "Start date for charge"
        },
        "chargeEndDate": {
          "type": "string",
          "format": "date",
          "example": "YYYY-MM-DD",
          "description": "End date for charge"
        },
        "chargePaymentFrequency": {
          "type": "string",
          "example": "Monthly",
          "description": "how often charge is taken\n * Monthly\n * Annually\n"
        },
        "facilitationType": {
          "type": "string",
          "example": "Premium",
          "description": "Where the charge is facilitated from\n * Fund\n * Premium\n"
        }
      }
    },
    "charges": {
      "properties": {
        "_items": {
          "type": "array",
          "items": {
            "$ref": "#/definitions/charge"
          }
        }
      }
    },
    "charge": {
      "properties": {
        "id": {
          "type": "string",
          "description": "Identifier of charge"
        },
        "href": {
          "type": "string",
          "description": "reference of charge"
        },
        "chargePeriodType": {
          "type": "string",
          "example": "Initial",
          "description": "The period of time the charge is applicable for\n * Initial\n * Ongoing\n* ASAP\n"
        },
        "chargeBasisType": {
          "type": "string",
          "example": "percentage",
          "description": "basis of charge\n * Percentage\n * Amount\n"
        },
        "chargeValue": {
          "type": "number",
          "format": "double",
          "example": 0.5,
          "description": "value of charge"
        },
        "chargeDuration": {
          "type": "integer",
          "example": 5,
          "description": "charge duration in months"
        },
        "chargeStartDate": {
          "type": "string",
          "format": "date",
          "example": "YYYY-MM-DD",
          "description": "Start date for charge"
        },
        "chargeEndDate": {
          "type": "string",
          "format": "date",
          "example": "YYYY-MM-DD",
          "description": "End date for charge"
        },
        "chargePaymentFrequency": {
          "type": "string",
          "example": "Monthly",
          "description": "how often charge is taken\n * Monthly\n * Annually\n"
        },
        "facilitationType": {
          "type": "string",
          "example": "Premium",
          "description": "Where the charge is facilitated from\n * Fund\n * Premium\n"
        }
      }
    },
    "chargeRequest": {
      "properties": {
        "chargePeriodType": {
          "type": "string",
          "example": "Initial",
          "description": "The period of time the charge is applicable for\n * Initial\n * Ongoing\n * ASAP\n"
        },
        "chargeBasisType": {
          "type": "string",
          "example": "percentage",
          "description": "basis of charge\n * Percentage\n * Amount\n"
        },
        "chargeValue": {
          "type": "number",
          "format": "double",
          "example": 0.5,
          "description": "value of charge"
        },
        "chargeDuration": {
          "type": "integer",
          "example": 5,
          "description": "charge duration in months"
        },
        "chargeStartDate": {
          "type": "string",
          "format": "date",
          "example": "YYYY-MM-DD",
          "description": "Start date for charge"
        },
        "chargeEndDate": {
          "type": "string",
          "format": "date",
          "example": "YYYY-MM-DD",
          "description": "End date for charge"
        },
        "chargePaymentFrequency": {
          "type": "string",
          "example": "Monthly",
          "description": "how often charge is taken\n * Monthly\n * Annually\n"
        },
        "facilitationType": {
          "type": "string",
          "example": "Premium",
          "description": "Where the charge is facilitated from\n * Fund\n * Premium\n"
        }
      }
    },
    "increments": {
      "properties": {
        "_items": {
          "type": "array",
          "items": {
            "$ref": "#/definitions/increment"
          }
        }
      }
    },
    "increment": {
      "required": [
        "id"
      ],
      "properties": {
        "id": {
          "type": "string",
          "description": "Identifier of increment"
        },
        "href": {
          "type": "string"
        },
        "investmentChoice": {
          "$ref": "#/definitions/investmentChoice"
        },
        "incrementAmount": {
          "type": "number",
          "description": "the amount of increment"
        },
        "incrementType": {
          "type": "string",
          "description": "the type of increment - Transfer or Contribution"
        },
        "transferIn": {
          "$ref": "#/definitions/summaryTransfersIn"
        },
        "contributions": {
          "$ref": "#/definitions/summaryContribution"
        }
      }
    },
    "incrementRequest": {
      "required": [
        "investmentChoiceId",
        "estimatedValue"
      ],
      "properties": {
        "investmentChoiceId": {
          "type": "string",
          "description": "pulled in from investment control system"
        },
        "incrementAmount": {
          "type": "number",
          "description": "the amount of increment"
        },
        "incrementType": {
          "type": "string",
          "description": "the type of increment - Transfer or Contribution"
        },
        "transferIn": {
          "$ref": "#/definitions/transferInRequest"
        },
        "contribution": {
          "$ref": "#/definitions/contributionRequest"
        }
      }
    },
    "summaryIncrement": {
      "required": [
        "id"
      ],
      "properties": {
        "id": {
          "type": "string",
          "description": "Identifier of increment"
        },
        "href": {
          "type": "string",
          "description": "reference of increment"
        },
        "investmentChoice": {
          "$ref": "#/definitions/investmentChoice"
        },
        "incrementAmount": {
          "type": "number",
          "description": "the amount of increment"
        },
        "charges": {
          "type": "array",
          "items": {
            "$ref": "#/definitions/summaryCharge"
          }
        },
        "contributions": {
          "$ref": "#/definitions/summaryContribution"
        },
        "transferIn": {
          "$ref": "#/definitions/summaryTransferIn"
        }
      }
    },
    "summaryContribution": {
      "required": [
        "id",
        "contributorId",
        "contributionFrequencyType",
        "contributionAmount"
      ],
      "properties": {
        "id": {
          "type": "string",
          "description": "Identifier of contribution"
        },
        "href": {
          "type": "string",
          "description": "reference of contribution"
        },
        "contributorId": {
          "type": "number",
          "description": "the identifier of contributor"
        },
        "contributionFrequencyType": {
          "type": "string",
          "description": "values - Single - Regular"
        },
        "paymentFrequencyType": {
          "type": "string",
          "description": "values - Monthly - Quarterly - HalfYearly"
        },
        "contributionAmount": {
          "type": "number",
          "description": "the amount of contribution"
        }
      }
    },
    "contributions": {
      "properties": {
        "_items": {
          "type": "array",
          "items": {
            "$ref": "#/definitions/contribution"
          }
        }
      }
    },
    "contribution": {
      "required": [
        "id",
        "contributorId",
        "contributionFrequencyType",
        "contributionAmount",
        "paymentModeType",
        "bankAccountHolderFirstName",
        "bankAccountHolderSurname",
        "bankName",
        "bankAccount",
        "sortCode",
        "bankBranchAddressId",
        "bankBranchName"
      ],
      "properties": {
        "id": {
          "type": "string",
          "description": "Identifier of contribution"
        },
        "href": {
          "type": "string",
          "description": "reference of contribution"
        },
        "contributorId": {
          "type": "number",
          "description": "the identifier of contributor"
        },
        "contributionFrequencyType": {
          "type": "string",
          "description": "values - Single - Regular"
        },
        "paymentFrequencyType": {
          "type": "string",
          "description": "values - Monthly - Quarterly - HalfYearly"
        },
        "contributionAmount": {
          "type": "number",
          "description": "the amount of contribution"
        },
        "startDate": {
          "type": "string",
          "format": "date",
          "description": "the start date of contribution (YYYY-MM-DD)"
        },
        "paymentDay": {
          "type": "number",
          "maximum": 28,
          "minimum": 1,
          "description": "payment day from '1' to '28'"
        },
        "paymentModeType": {
          "type": "string",
          "description": "values - Cheque - ElectronicTransfer - Bacs - DirectDebit"
        },
        "bankAccountHolderFirstName": {
          "type": "string",
          "description": "The first name of bank account holder"
        },
        "bankAccountHolderSurname": {
          "type": "string",
          "description": "The surname of bank account holder"
        },
        "bankName": {
          "type": "string",
          "description": "bank name"
        },
        "bankAccount": {
          "type": "number",
          "description": "bank account"
        },
        "sortCode": {
          "type": "number",
          "description": "sort code"
        },
        "bankBranchAddressId": {
          "type": "number"
        },
        "bankBranchName": {
          "type": "string",
          "description": "bank branch name"
        },
        "bankRollNumber": {
          "type": "number",
          "description": "for building society"
        },
        "autoIncreaseType": {
          "type": "string",
          "description": "values - Rpi - Fixed - Level"
        },
        "increasePercentage": {
          "type": "number",
          "description": "increase percentage"
        }
      }
    },
    "contributionRequest": {
      "required": [
        "contributorId",
        "contributionFrequencyType",
        "contributionAmount",
        "paymentModeType",
        "bankAccountHolderFirstName",
        "bankAccountHolderSurname",
        "bankName",
        "bankAccount",
        "sortCode",
        "bankBranchAddressId",
        "bankBranchName"
      ],
      "properties": {
        "contributorId": {
          "type": "number",
          "description": "the identifier of contributor"
        },
        "contributionFrequencyType": {
          "type": "string",
          "description": "values - Single - Regular"
        },
        "paymentFrequencyType": {
          "type": "string",
          "description": "values - Monthly - Quarterly - HalfYearly"
        },
        "contributionAmount": {
          "type": "number",
          "description": "the amount of contribution"
        },
        "startDate": {
          "type": "string",
          "format": "date",
          "description": "the start date of contribution (YYYY-MM-DD)"
        },
        "paymentDay": {
          "type": "number",
          "maximum": 28,
          "minimum": 1,
          "description": "payment day from '1' to '28'"
        },
        "paymentModeType": {
          "type": "string",
          "description": "values - Cheque - ElectronicTransfer - Bacs - DirectDebit"
        },
        "bankAccountHolderFirstName": {
          "type": "string",
          "description": "The first name of bank account holder"
        },
        "bankAccountHolderSurname": {
          "type": "string",
          "description": "The surname of bank account holder"
        },
        "bankName": {
          "type": "string",
          "description": "bank name"
        },
        "bankAccount": {
          "type": "number",
          "description": "bank account"
        },
        "sortCode": {
          "type": "number",
          "description": "sort code"
        },
        "bankBranchAddressId": {
          "type": "number"
        },
        "bankBranchName": {
          "type": "string",
          "description": "bank branch name"
        },
        "bankRollNumber": {
          "type": "number",
          "description": "for building society"
        },
        "autoIncreaseType": {
          "type": "string",
          "description": "values - Rpi - Fixed - Level"
        },
        "increasePercentage": {
          "type": "number",
          "description": "increase percentage"
        }
      }
    },
    "summaryTransferIn": {
      "required": [
        "id",
        "amount"
      ],
      "properties": {
        "id": {
          "type": "string",
          "description": "Identifier of transferin"
        },
        "href": {
          "type": "string",
          "description": "reference of transferin"
        },
        "estimatedValue": {
          "type": "number",
          "description": "Amount"
        },
        "providerReference": {
          "type": "string",
          "description": "transfer provider reference list ot be looked up for transfer in"
        }
      }
    },
    "transferInRequest": {
      "required": [
        "transferType",
        "fullTransferFlag",
        "blockTransferFlag",
        "protectedPensionAgeFlag",
        "estimatedValue"
      ],
      "properties": {
        "transferType": {
          "type": "string",
          "description": "values - DB - DC"
        },
        "fullTransferFlag": {
          "type": "boolean",
          "description": "transfer full or partial"
        },
        "estimatedValue": {
          "type": "number",
          "description": "Amount"
        },
        "actualValue": {
          "type": "number",
          "description": "Amount"
        },
        "providerReference": {
          "type": "string",
          "description": "transfer provider reference list ot be looked up for transfer in"
        },
        "providerPlanReference": {
          "type": "string",
          "description": "Reference of plan from external provider"
        },
        "blockTransferFlag": {
          "type": "boolean",
          "description": "payment being transferred as part of block transfer"
        },
        "protectedPensionAgeFlag": {
          "type": "boolean",
          "description": "is protected pension age"
        },
        "protectedPensionAgeType": {
          "type": "string",
          "description": "values - Occupational - Retirement"
        },
        "earliestEntitledRetirementAge": {
          "type": "string",
          "description": "earliest entitled retirement age"
        },
        "confirmEarliestEntitledRetirementAgeFlag": {
          "type": "boolean",
          "description": "is earliest entitled retirement age"
        },
        "protectedTaxFreeCash": {
          "type": "object",
          "properties": {
            "protectedTaxFreeCashFlag": {
              "type": "boolean",
              "description": "is protected tax free cash"
            },
            "valueOfRetirementOnApril": {
              "type": "number",
              "description": "value of retirement on april"
            },
            "protectedTaxFreeValueOnApril": {
              "type": "number",
              "description": "value of protected tax free on april"
            },
            "anyPartialTransferFlag": {
              "type": "boolean",
              "description": "is any partial transfer"
            },
            "totalPartialTransfer": {
              "type": "number",
              "description": "total or partial transfer"
            }
          }
        },
        "earmarkingOrderFlag": {
          "type": "boolean",
          "description": "is earmarking order?"
        },
        "pensionSharingOrderFlag": {
          "type": "boolean",
          "description": "is pension sharing order?"
        },
        "valueCrystallisedFlag": {
          "type": "boolean",
          "description": "is value crystallised?"
        },
        "guaranteeDate": {
          "type": "string",
          "format": "date",
          "description": "guarantee date"
        }
      }
    },
    "summaryTransfersIn": {
      "required": [
        "id",
        "transferType",
        "fullTransferFlag",
        "blockTransferFlag",
        "protectedPensionAgeFlag"
      ],
      "properties": {
        "id": {
          "type": "string",
          "description": "Identifier of transfer"
        },
        "href": {
          "type": "string",
          "description": "reference of transfer"
        },
        "transferType": {
          "type": "string",
          "description": "values - DB - DC"
        },
        "fullTransferFlag": {
          "type": "boolean",
          "description": "transfer full or partial"
        },
        "estimatedValue": {
          "type": "number",
          "description": "Amount"
        },
        "actualValue": {
          "type": "number",
          "description": "Amount"
        },
        "providerReference": {
          "type": "string",
          "description": "transfer provider reference list ot be looked up for transfer in"
        },
        "providerPlanReference": {
          "type": "string",
          "description": "Reference of plan from external provider"
        },
        "blockTransferFlag": {
          "type": "boolean",
          "description": "payment being transferred as part of block transfer"
        },
        "protectedPensionAgeFlag": {
          "type": "boolean",
          "description": "is protected pension age"
        },
        "protectedPensionAgeType": {
          "type": "string",
          "description": "values - Occupational - Retirement"
        },
        "earliestEntitledRetirementAge": {
          "type": "string",
          "description": "earliest entitled retirement age"
        },
        "confirmEarliestEntitledRetirementAgeFlag": {
          "type": "boolean",
          "description": "is earliest entitled retirement age"
        },
        "protectedTaxFreeCash": {
          "type": "object",
          "properties": {
            "protectedTaxFreeCashFlag": {
              "type": "boolean",
              "description": "is protected tax free cash"
            },
            "valueOfRetirementOnApril": {
              "type": "number",
              "description": "value of retirement on april"
            },
            "protectedTaxFreeValueOnApril": {
              "type": "number",
              "description": "value of protected tax free on april"
            },
            "anyPartialTransferFlag": {
              "type": "boolean",
              "description": "is any partial transfer"
            },
            "totalPartialTransfer": {
              "type": "number",
              "description": "total or partial transfer"
            }
          }
        },
        "earmarkingOrderFlag": {
          "type": "boolean",
          "description": "is earmarking order?"
        },
        "pensionSharingOrderFlag": {
          "type": "boolean",
          "description": "is pension sharing order?"
        },
        "valueCrystallisedFlag": {
          "type": "boolean",
          "description": "is value crystallised?"
        },
        "guaranteeDate": {
          "type": "string",
          "format": "date",
          "description": "guarantee date"
        }
      }
    },
    "metadata": {
      "properties": {
        "itemsCount": {
          "type": "number",
          "example": 102,
          "description": "Indicates the total number of items within the resource collection."
        },
        "retrievedAt": {
          "type": "string",
          "format": "date-time",
          "example": "2017-10-10T01:20:30",
          "description": "A date-time object indicating when the contents of the list were retrieved from the system of record. For a paged list this may be some time before the current page of information was requested. Clients may use this field to decide if they believe a refresh is necessary"
        },
        "sessionId": {
          "type": "string",
          "example": "P1234567890",
          "description": "The unique identifier of the paging session. Clients must pass this value when requesting pages of a cached list"
        },
        "pageNumber": {
          "type": "number",
          "example": 2,
          "description": "The current page number within the resource collection. The initial page is page 0"
        },
        "pageSize": {
          "type": "number",
          "example": 50,
          "description": "The size of each page that may be requested. This is specified by the client application when a paged list is created"
        },
        "pageMax": {
          "type": "number",
          "example": 2,
          "description": "The maximum page number that may be requested."
        }
      }
    },
    "errorResponse": {
      "type": "object",
      "required": [
        "errorId",
        "errorMsg",
        "errorCode",
        "errorType",
        "contextInfo"
      ],
      "properties": {
        "errorId": {
          "type": "string",
          "description": "Error ID.",
          "example": 123456789
        },
        "errorMsg": {
          "type": "string",
          "description": "Error Message",
          "example": "error"
        },
        "errorCode": {
          "type": "string",
          "description": "Error Message",
          "example": "TIB-NO-SUCH-PROPOSAL-xx1"
        },
        "errorType": {
          "type": "string",
          "description": "Type of error (Technical | Business)",
          "example": "Technical"
        },
        "contextInfo": {
          "type": "array",
          "items": {
            "$ref": "#/definitions/contextInfo"
          }
        }
      }
    },
    "contextInfo": {
      "type": "object",
      "required": [
        "name",
        "value"
      ],
      "properties": {
        "name": {
          "type": "string",
          "description": "name of the context attribute.",
          "example": "filename"
        },
        "value": {
          "type": "string",
          "description": "value of context attribute.",
          "example": "c:\\files\\file1.txt"
        }
      }
    }
  }
}