<?xml version="1.0" encoding="UTF-8"?>
<c:Customer xmlns:c="http://www.royallondon.com/xsd/idm/pensions/customer/v1" xmlns:a="http://www.royallondon.com/xsd/idm/pensions/address/v1" xmlns:p="http://www.royallondon.com/xsd/idm/pensions/partyindividual/v1" xmlns:m="http://www.royallondon.com/xsd/idm/pensions/common/v1" xmlns:xsi="http://www.w3.org/2001/XMLSchema-instance" xsi:schemaLocation="http://www.royallondon.com/xsd/idm/pensions/customer/v1 ../Schemas/idm/pensions/Customer_v1.xsd">
  <p:Title>Title</p:Title>
  <p:FirstName>FirstName</p:FirstName>
  <p:Surname>Surname</p:Surname>
  <p:DateOfBirth>2001-01-01</p:DateOfBirth>
  <p:PrimaryAddress>addr1</p:PrimaryAddress>
  <a:AddressList>
    <a:Address refId="addr1">
      <a:AddressId>
        <m:DynamicsId>DynamicsId</m:DynamicsId>
        <m:DynamicsNumber>DynamicsNumber</m:DynamicsNumber>
        <m:SonataId>SonataId</m:SonataId>
      </a:AddressId>
      <a:AddressLine1>AddressLine1</a:AddressLine1>
      <a:AddressLine2>AddressLine2</a:AddressLine2>
      <a:AddressLine3>AddressLine3</a:AddressLine3>
      <a:PostCode>PostCode</a:PostCode>
      <a:City>City</a:City>
      <m:Country>
        <m:CountryName>CountryName</m:CountryName>
        <m:CountryCode>CountryCode</m:CountryCode>
      </m:Country>
    </a:Address>
  </a:AddressList>
  <p:Gender>Gender</p:Gender>
  <c:CustomerId>
    <m:DynamicsId>DynamicsId</m:DynamicsId>
    <m:DynamicsNumber>DynamicsNumber</m:DynamicsNumber>
    <m:SonataId>SonataId</m:SonataId>
  </c:CustomerId>
  <c:AllowMarketing>true</c:AllowMarketing>
  <c:ComunicationPreference>true</c:ComunicationPreference>
  <p:MaritalStatus>MaritalStatus</p:MaritalStatus>
  <c:Telephone1>Telephone1</c:Telephone1>
  <c:MobilePhone>MobilePhone</c:MobilePhone>
  <c:EmailAddress1>EmailAddress1</c:EmailAddress1>
</c:Customer>
