﻿<?xml version="1.0" encoding="utf-8"?>
<configuration>
  <properties>
    <property name="//BT_PENSIONS_Products-service.module///services/BT_PENSIONS_Products/Products_v1/operation">
      <environment name="DEFAULT" value="retrieveProducts" />
    </property>
    <property name="//BT_PENSIONS_Products-service.module///services/BT_PENSIONS_Products/Products_v1/ftlProducts/endpoint">
      <environment name="DEFAULT" value="SyncResponseDyn_ep" />
    </property>
    <property name="//BT_PENSIONS_Products-service.module///services/BT_PENSIONS_Products/Products_v1/ftlProducts/contentMatcher">
      <environment name="DEFAULT" value="{&quot;channel&quot;:&quot;bt_pensions_products_findproducts_v1&quot;}" />
    </property>
    <property name="//BT_PENSIONS_Products-service.module///services/BT_PENSIONS_Products/Products_v1/ftlProducts/formatname">
      <environment name="DEFAULT" value="CSF" />
    </property>
    <property name="//BT_PENSIONS_Products-service.module///services/BT_PENSIONS_Products/Products_v1/ftlProducts/Advanced/ftlQueueDispatcherThreads">
      <environment name="DEFAULT" value="1" />
    </property>
    <property name="//BT_PENSIONS_Products-service.module///services/BT_PENSIONS_Products/Products_v1/ftlProducts/Advanced/activityWorkerThreads">
      <environment name="DEFAULT" value="50%" />
    </property>
    <property name="//BT_PENSIONS_Products-service.module///services/BT_PENSIONS_Products/Products_v1/ftlProducts/Advanced/subscriberName">
      <environment name="DEFAULT" value="" />
    </property>
    <property name="//BT_PENSIONS_Products-service.module///services/BT_PENSIONS_Products/Products_v1/ftlProducts/Advanced/ftlQueueSize">
      <environment name="DEFAULT" value="-1" />
    </property>
    <property name="//BT_PENSIONS_Products-service.module///services/BT_PENSIONS_Products/Products_v1/ftlProducts/Advanced/durableNames/durable_findProducts">
      <environment name="DEFAULT" value="bt_pensions_products_findproducts_v1" />
     </property>
     <property name="//BT_PENSIONS_Products-implement.module///services/BT_PENSIONS_Products/Products_v1/ftlRequest/format">
      <environment name="DEFAULT" value="CSF" />
    </property>
    <property name="//BT_PENSIONS_Products-implement.module///services/BT_PENSIONS_Products/Products_v1/ftlRequest/endpoint">
      <environment name="DEFAULT" value="SyncRequestDyn_ep" />
    </property>
    <property name="//BT_PENSIONS_Products-implement.module///services/BT_PENSIONS_Products/Products_v1/ftlRequest/channel">
      <environment name="DEFAULT" value="tt_pensions_sonata_products_findproducts_v1" />
    </property>
    <property name="//BT_PENSIONS_Products-implement.module///services/BT_PENSIONS_Products/Products_v1/ftlRequest/Advanced/activityTimeout">
      <environment name="DEFAULT" value="30000" />
    </property>
  </properties>
   <deployment>
    <appspace>
      <environment name="DEFAULT" value="RLG_AS_BT"/>
    </appspace>
	<uploadArchivePath>
      <environment name="DEFAULT" value="Products"/>
    </uploadArchivePath>
  </deployment>
</configuration>