﻿<?xml version="1.0" encoding="utf-8"?>
<configuration>
  <properties>
    <property name="//BT_PENSIONS_Applications-service.module///services/BT_PENSIONS_Applications/Applications_v1/ftlApplications/endpoint">
      <environment name="DEFAULT" value="SyncResponseDyn_ep" />
    </property>
    <property name="//BT_PENSIONS_Applications-service.module///services/BT_PENSIONS_Applications/Applications_v1/ftlApplications/contentMatcher_RetrieveApplication">
      <environment name="DEFAULT" value="{&quot;channel&quot;:&quot;bt_pensions_sms_applications_getapplication_v1&quot;}" />
    </property>
    <property name="//BT_PENSIONS_Applications-service.module///services/BT_PENSIONS_Applications/Applications_v1/ftlApplications/contentMatcher_RetrieveApplications">
      <environment name="DEFAULT" value="{&quot;channel&quot;:&quot;bt_pensions_sms_applications_findapplication_v1&quot;}" />
    </property>
    <property name="//BT_PENSIONS_Applications-service.module///services/BT_PENSIONS_Applications/Applications_v1/ftlApplications/contentMatcher_CreateApplication">
      <environment name="DEFAULT" value="{&quot;channel&quot;:&quot;bt_pensions_sms_applications_createapplication_v1&quot;}" />
    </property>
    <property name="//BT_PENSIONS_Applications-service.module///services/BT_PENSIONS_Applications/Applications_v1/ftlApplications/SoapFormat">
      <environment name="DEFAULT" value="CSF" />
    </property>
    <property name="//BT_PENSIONS_Applications-service.module///services/BT_PENSIONS_Applications/Applications_v1/ftlApplications/operationApplication">
      <environment name="DEFAULT" value="retrieveApplication" />
    </property>
    <property name="//BT_PENSIONS_Applications-service.module///services/BT_PENSIONS_Applications/Applications_v1/ftlApplications/operationCreate">
      <environment name="DEFAULT" value="createApplication" />
    </property>
    <property name="//BT_PENSIONS_Applications-service.module///services/BT_PENSIONS_Applications/Applications_v1/ftlApplications/operationListApplications">
      <environment name="DEFAULT" value="retrieveListOfApplications" />
    </property>
    <property name="//BT_PENSIONS_Applications-service.module///services/BT_PENSIONS_Applications/Applications_v1/ftlApplications/FTLConnection">
      <environment name="DEFAULT" value="LIB.RESOURCE.FTL.FTL_v1.ftl.FTLRealmServerConnection" />
    </property>
    <property name="//BT_PENSIONS_Applications-service.module///services/BT_PENSIONS_Applications/Applications_v1/ftlApplications/Advanced/ftlQueueSize">
      <environment name="DEFAULT" value="-1" />
    </property>
    <property name="//BT_PENSIONS_Applications-service.module///services/BT_PENSIONS_Applications/Applications_v1/ftlApplications/Advanced/activityWorkerThreads">
      <environment name="DEFAULT" value="50%" />
    </property>
    <property name="//BT_PENSIONS_Applications-service.module///services/BT_PENSIONS_Applications/Applications_v1/ftlApplications/Advanced/ftlQueueDispatcherThreads">
      <environment name="DEFAULT" value="1" />
    </property>
    <property name="//BT_PENSIONS_Applications-service.module///services/BT_PENSIONS_Applications/Applications_v1/ftlApplications/Advanced/subscribername">
      <environment name="DEFAULT" value="" />
    </property>
    <property name="//BT_PENSIONS_Applications-service.module///services/BT_PENSIONS_Applications/Applications_v1/ftlApplications/Advanced/durablename">
      <environment name="DEFAULT" value="" />
    </property>
    <property name="//BT_PENSIONS_Applications-service.module///services/BT_PENSIONS_Applications/Applications_v1/ftlApplications/Advanced/durableNames/durable_createApplications">
      <environment name="DEFAULT" value="bt_pensions_sms_applications_createapplication_v1" />
    </property>
    <property name="//BT_PENSIONS_Applications-service.module///services/BT_PENSIONS_Applications/Applications_v1/ftlApplications/Advanced/durableNames/durable_findApplications">
      <environment name="DEFAULT" value="bt_pensions_sms_applications_findapplication_v1" />
    </property>
    <property name="//BT_PENSIONS_Applications-service.module///services/BT_PENSIONS_Applications/Applications_v1/ftlApplications/Advanced/durableNames/durable_getApplications">
      <environment name="DEFAULT" value="bt_pensions_sms_applications_getapplication_v1" />
    </property>
    <property name="//BT_PENSIONS_Applications-implement.module///services/BT_PENSIONS_Applications/Applications_v1/Format">
      <environment name="DEFAULT" value="CSF" />
    </property>
    <property name="//BT_PENSIONS_Applications-implement.module///services/BT_PENSIONS_Applications/Applications_v1/Channel_RetrieveApplication">
      <environment name="DEFAULT" value="tt_pensions_sms_applications_getapplication_v1" />
    </property>
    <property name="//BT_PENSIONS_Applications-implement.module///services/BT_PENSIONS_Applications/Applications_v1/Channel_CreateApplication">
      <environment name="DEFAULT" value="tt_pensions_sms_applications_createapplication_v1" />
    </property>
    <property name="//BT_PENSIONS_Applications-implement.module///services/BT_PENSIONS_Applications/Applications_v1/Channel_RetrieveApplications">
      <environment name="DEFAULT" value="tt_pensions_sms_applications_findapplication_v1" />
    </property>
    <property name="//BT_PENSIONS_Applications-implement.module///services/BT_PENSIONS_Applications/Applications_v1/ftlRequest/endpoint">
      <environment name="DEFAULT" value="SyncRequestDyn_ep" />
    </property>
    <property name="//BT_PENSIONS_Applications-implement.module///services/BT_PENSIONS_Applications/Applications_v1/ftlRequest/FTLconnection">
      <environment name="DEFAULT" value="LIB.RESOURCE.FTLCLIENT.FTLCLIENT_v1.ftl.ClientFTLRealmServerConnection" />
    </property>
    <property name="//BT_PENSIONS_Applications-implement.module///services/BT_PENSIONS_Applications/Applications_v1/ftlRequest/Advanced/timeout">
      <environment name="DEFAULT" value="30000" />
    </property>
    </properties>
	<deployment>
    <appspace>
      <environment name="DEFAULT" value="RLG_AS_BT"/>
    </appspace>
	<uploadArchivePath>
      <environment name="DEFAULT" value="Applications"/>
    </uploadArchivePath>
  </deployment>
</configuration>