﻿<?xml version="1.0" encoding="utf-8"?>
<configuration>
  <properties>
    <property name="//PT_PENSIONS_Applicants-service.module///services/PT_PENSIONS_Applicants/Applicants_v1/applicantUri">
      <environment name="DEFAULT" value="/secure/api/sales/v1/applicants/" />
    </property>
    <property name="//PT_PENSIONS_Applicants-service.module///services/PT_PENSIONS_Applicants/Applicants_v1/contactsUri">
      <environment name="DEFAULT" value="/contacts/" />
    </property>
    <property name="//PT_PENSIONS_Applicants-service.module///services/PT_PENSIONS_Applicants/Applicants_v1/operations/createApplicant">
      <environment name="DEFAULT" value="createApplicant" />
    </property>
    <property name="//PT_PENSIONS_Applicants-service.module///services/PT_PENSIONS_Applicants/Applicants_v1/operations/modifyApplicant">
      <environment name="DEFAULT" value="modifyApplicant" />
    </property>
    <property name="//PT_PENSIONS_Applicants-service.module///services/PT_PENSIONS_Applicants/Applicants_v1/operations/deleteApplicant">
      <environment name="DEFAULT" value="deleteApplicant" />
    </property>
    <property name="//PT_PENSIONS_Applicants-service.module///services/PT_PENSIONS_Applicants/Applicants_v1/operations/findApplicants">
      <environment name="DEFAULT" value="findApplicants" />
    </property>
    <property name="//PT_PENSIONS_Applicants-service.module///services/PT_PENSIONS_Applicants/Applicants_v1/operations/getApplicant">
      <environment name="DEFAULT" value="getApplicant" />
    </property>
    <property name="//PT_PENSIONS_Applicants-service.module///services/PT_PENSIONS_Applicants/Applicants_v1/operations/findApplicantContacts">
      <environment name="DEFAULT" value="findApplicantContacts" />
    </property>
    <property name="//PT_PENSIONS_Applicants-service.module///services/PT_PENSIONS_Applicants/Applicants_v1/operations/updateApplicantContact">
      <environment name="DEFAULT" value="updateApplicantContact" />
    </property>
    <property name="//PT_PENSIONS_Applicants-service.module///services/PT_PENSIONS_Applicants/Applicants_v1/operations/createApplicantContact">
      <environment name="DEFAULT" value="createApplicantContact" />
    </property>
    <property name="//PT_PENSIONS_Applicants-service.module///services/PT_PENSIONS_Applicants/Applicants_v1/operations/updateApplicant">
      <environment name="DEFAULT" value="updateApplicant" />
    </property>
    <property name="//PT_PENSIONS_Applicants-service.module///services/PT_PENSIONS_Applicants/Applicants_v1/responseCodes/code200">
      <environment name="DEFAULT" value="OK" />
    </property>
    <property name="//PT_PENSIONS_Applicants-service.module///services/PT_PENSIONS_Applicants/Applicants_v1/responseCodes/code201">
      <environment name="DEFAULT" value="CREATED" />
    </property>
    <property name="//PT_PENSIONS_Applicants-service.module///services/PT_PENSIONS_Applicants/Applicants_v1/responseCodes/code204">
      <environment name="DEFAULT" value="NO-CONTENT" />
    </property>
    <property name="//PT_PENSIONS_Applicants-implement.module///services/PT_PENSIONS_Applicants/Applicants_v1/Channel_getContacts">
      <environment name="DEFAULT" value="bt_pensions_applicants_findapplicantcontacts_v1" />
    </property>
    <property name="//PT_PENSIONS_Applicants-implement.module///services/PT_PENSIONS_Applicants/Applicants_v1/channel_updateApplicant">
      <environment name="DEFAULT" value="bt_pensions_applicants_updateapplicant_v1" />
    </property>
    <property name="//PT_PENSIONS_Applicants-implement.module///services/PT_PENSIONS_Applicants/Applicants_v1/Channel_createApplicantContact">
      <environment name="DEFAULT" value="bt_pensions_applicants_createapplicantcontact_v1" />
    </property>
    <property name="//PT_PENSIONS_Applicants-implement.module///services/PT_PENSIONS_Applicants/Applicants_v1/Channel_deleteApplicant">
      <environment name="DEFAULT" value="bt_pensions_applicants_deleteapplicant_v1" />
    </property>
    <property name="//PT_PENSIONS_Applicants-implement.module///services/PT_PENSIONS_Applicants/Applicants_v1/Channel_getApplicant">
      <environment name="DEFAULT" value="bt_pensions_applicants_getapplicant_v1" />
    </property>
    <property name="//PT_PENSIONS_Applicants-implement.module///services/PT_PENSIONS_Applicants/Applicants_v1/Format">
      <environment name="DEFAULT" value="CSF" />
    </property>
    <property name="//PT_PENSIONS_Applicants-implement.module///services/PT_PENSIONS_Applicants/Applicants_v1/Channel_modifyApplicant">
      <environment name="DEFAULT" value="bt_pensions_applicants_modifyapplicant_v1" />
    </property>
    <property name="//PT_PENSIONS_Applicants-implement.module///services/PT_PENSIONS_Applicants/Applicants_v1/Channel_createApplicant">
      <environment name="DEFAULT" value="bt_pensions_applicants_createapplicant_v1" />
    </property>
    <property name="//PT_PENSIONS_Applicants-implement.module///services/PT_PENSIONS_Applicants/Applicants_v1/Channel_getApplicants">
      <environment name="DEFAULT" value="bt_pensions_applicants_findapplicants_v1" />
    </property>
    <property name="//PT_PENSIONS_Applicants-implement.module///services/PT_PENSIONS_Applicants/Applicants_v1/Channel_modifyContacts">
      <environment name="DEFAULT" value="bt_pensions_applicants_updateapplicantcontact_v1" />
    </property>
    <property name="//PT_PENSIONS_Applicants-implement.module///services/PT_PENSIONS_Applicants/Applicants_v1/ftlRequest/FtlConnection">
      <environment name="DEFAULT" value="LIB.RESOURCE.FTLCLIENT.FTLCLIENT_v1.ftl.ClientFTLRealmServerConnection" />
    </property>
    <property name="//PT_PENSIONS_Applicants-implement.module///services/PT_PENSIONS_Applicants/Applicants_v1/ftlRequest/endpoint">
      <environment name="DEFAULT" value="SyncRequestDyn_ep" />
    </property>
    <property name="//PT_PENSIONS_Applicants-implement.module///services/PT_PENSIONS_Applicants/Applicants_v1/ftlRequest/advanced/timeout">
      <environment name="DEFAULT" value="30000" />
    </property>
    <property name="//LIB_RESOURCE_HTTP-implement.module///resources/LIB_RESOURCE_HTTP/HTTP_v1/httpConnectorResource/port">
      <environment name="DEFAULT" value="~TIBVAL_HTTP_port~" />
    </property>
    <property name="//LIB_RESOURCE_HTTP-implement.module///resources/LIB_RESOURCE_HTTP/HTTP_v1/httpConnectorResource/host">
      <environment name="DEFAULT" value="~TIBVAL_HTTP_host~" />
    </property>
    </properties>
	<deployment>
    <appspace>
      <environment name="DEFAULT" value="RLG_AS_PT"/>
    </appspace>
	<uploadArchivePath>
      <environment name="DEFAULT" value="Applicants"/>
    </uploadArchivePath>
  </deployment>
</configuration>