{
  "swagger": "2.0",
  "info": {
    "version": "2.5",
    "title": "customer",
    "termsOfService": "governance-3"
  },
  "host": "adviser.royallondon.com",
  "basePath": "/secure/api",
  "schemes": [
    "https"
  ],
  "paths": {
    "/v2/customers": {
      "get": {
        "summary": "retrieve a list of customers",
        "parameters": [
          {
            "name": "expand",
            "in": "query",
            "required": false,
            "type": "string",
            "description": "Please refer to the sharepoint link http://rliprojects-portal/programme/scottishlife/ThinkBeyond/APIFactory/Project%20Documents/2.%20Solution%20Design/Integration%20Layer%20and%20APIs%20Technical%20Note_1.1.docx on usage of Expand, Sorting and paging approach"
          },
          {
            "name": "page",
            "in": "query",
            "required": false,
            "type": "number",
            "description": "Please refer to the sharepoint link http://rliprojects-portal/programme/scottishlife/ThinkBeyond/APIFactory/Project%20Documents/2.%20Solution%20Design/Integration%20Layer%20and%20APIs%20Technical%20Note_1.1.docx on usage of Expand, Sorting and paging approach"
          },
          {
            "name": "pageSize",
            "in": "query",
            "required": false,
            "type": "number",
            "description": "Please refer to the sharepoint link http://rliprojects-portal/programme/scottishlife/ThinkBeyond/APIFactory/Project%20Documents/2.%20Solution%20Design/Integration%20Layer%20and%20APIs%20Technical%20Note_1.1.docx on usage of Expand, Sorting and paging approach"
          },
          {
            "name": "sessionId",
            "in": "query",
            "required": false,
            "type": "string",
            "description": "Please refer to the sharepoint link http://rliprojects-portal/programme/scottishlife/ThinkBeyond/APIFactory/Project%20Documents/2.%20Solution%20Design/Integration%20Layer%20and%20APIs%20Technical%20Note_1.1.docx on usage of Expand, Sorting and paging approach"
          },
          {
            "name": "pageReset",
            "in": "query",
            "required": false,
            "type": "string",
            "description": "Please refer to the sharepoint link http://rliprojects-portal/programme/scottishlife/ThinkBeyond/APIFactory/Project%20Documents/2.%20Solution%20Design/Integration%20Layer%20and%20APIs%20Technical%20Note_1.1.docx on usage of Expand, Sorting and paging approach"
          },
          {
            "name": "firstName",
            "in": "query",
            "required": false,
            "type": "string"
          },
          {
            "name": "surname",
            "in": "query",
            "required": false,
            "type": "string"
          },
          {
            "name": "niNumber",
            "in": "query",
            "required": false,
            "type": "string"
          },
          {
            "name": "sortBy",
            "in": "query",
            "required": false,
            "type": "string"
          },
          {
            "name": "sortOrder",
            "in": "query",
            "required": false,
            "type": "string"
          },
          {
            "name": "freeSearch",
            "in": "query",
            "required": false,
            "type": "string"
          }
        ],
        "responses": {
          "200": {
            "description": "OK",
            "schema": {
              "$ref": "#/definitions/customersListResponse"
            }
          },
          "400": {
            "description": "The request was invalid or cannot be otherwise served.",
            "schema": {
              "$ref": "#/definitions/errorResponse"
            }
          },
          "401": {
            "description": "Authentication credentials were missing or incorrect.",
            "schema": {
              "$ref": "#/definitions/errorResponse"
            }
          },
          "500": {
            "description": "A server error was encountered during a downstream call by the API",
            "schema": {
              "$ref": "#/definitions/errorResponse"
            }
          }
        }
      },
      "post": {
        "summary": "create an customer",
        "parameters": [
          {
            "name": "body",
            "in": "body",
            "description": "customer entity to be created",
            "required": true,
            "schema": {
              "$ref": "#/definitions/createCustomerRequest"
            }
          }
        ],
        "responses": {
          "201": {
            "description": "Created",
            "schema": {
              "$ref": "#/definitions/commonResponse"
            }
          },
          "400": {
            "description": "The request was invalid or cannot be otherwise served.",
            "schema": {
              "$ref": "#/definitions/errorResponse"
            }
          },
          "401": {
            "description": "Authentication credentials were missing or incorrect.",
            "schema": {
              "$ref": "#/definitions/errorResponse"
            }
          },
          "500": {
            "description": "A server error was encountered during a downstream call by the API",
            "schema": {
              "$ref": "#/definitions/errorResponse"
            }
          }
        }
      }
    },
    "/v2/customers/{customerId}": {
      "get": {
        "summary": "retrieve customer details",
        "parameters": [
          {
            "name": "customerId",
            "in": "path",
            "required": true,
            "type": "string"
          }
        ],
        "responses": {
          "200": {
            "description": "OK",
            "schema": {
              "$ref": "#/definitions/customerDetails"
            }
          },
          "400": {
            "description": "The request was invalid or cannot be otherwise served.",
            "schema": {
              "$ref": "#/definitions/errorResponse"
            }
          },
          "401": {
            "description": "Authentication credentials were missing or incorrect.",
            "schema": {
              "$ref": "#/definitions/errorResponse"
            }
          },
          "404": {
            "description": "The URI requested is invalid or the resource requested does not exist.",
            "schema": {
              "$ref": "#/definitions/errorResponse"
            }
          },
          "500": {
            "description": "A server error was encountered during a downstream call by the API",
            "schema": {
              "$ref": "#/definitions/errorResponse"
            }
          }
        }
      },
      "patch": {
        "summary": "modify customer details",
        "parameters": [
          {
            "name": "customerId",
            "in": "path",
            "required": true,
            "type": "string"
          },
          {
            "name": "body",
            "in": "body",
            "description": "customer entity to be modifed",
            "required": true,
            "schema": {
              "$ref": "#/definitions/updateCustomerRequest"
            }
          }
        ],
        "responses": {
          "204": {
            "description": "No Content"
          },
          "400": {
            "description": "The request was invalid or cannot be otherwise served.",
            "schema": {
              "$ref": "#/definitions/errorResponse"
            }
          },
          "401": {
            "description": "Authentication credentials were missing or incorrect.",
            "schema": {
              "$ref": "#/definitions/errorResponse"
            }
          },
          "404": {
            "description": "The URI requested is invalid or the resource requested does not exist.",
            "schema": {
              "$ref": "#/definitions/errorResponse"
            }
          },
          "500": {
            "description": "A server error was encountered during a downstream call by the API",
            "schema": {
              "$ref": "#/definitions/errorResponse"
            }
          }
        }
      },
      "put": {
        "summary": "modify customer details",
        "parameters": [
          {
            "name": "customerId",
            "in": "path",
            "required": true,
            "type": "string"
          },
          {
            "name": "body",
            "in": "body",
            "description": "customer entity to be modified",
            "required": true,
            "schema": {
              "$ref": "#/definitions/updateCustomerRequest"
            }
          }
        ],
        "responses": {
          "204": {
            "description": "No Content"
          },
          "400": {
            "description": "The request was invalid or cannot be otherwise served.",
            "schema": {
              "$ref": "#/definitions/errorResponse"
            }
          },
          "401": {
            "description": "Authentication credentials were missing or incorrect.",
            "schema": {
              "$ref": "#/definitions/errorResponse"
            }
          },
          "404": {
            "description": "The URI requested is invalid or the resource requested does not exist.",
            "schema": {
              "$ref": "#/definitions/errorResponse"
            }
          },
          "500": {
            "description": "A server error was encountered during a downstream call by the API",
            "schema": {
              "$ref": "#/definitions/errorResponse"
            }
          }
        }
      }
    },
    "/v2/customers/{customerId}/contacts": {
      "get": {
        "summary": "retrieve customer contact details",
        "parameters": [
          {
            "name": "customerId",
            "in": "path",
            "required": true,
            "type": "string"
          }
        ],
        "responses": {
          "200": {
            "description": "OK",
            "schema": {
              "$ref": "#/definitions/contactsResponse"
            }
          },
          "400": {
            "description": "The request was invalid or cannot be otherwise served.",
            "schema": {
              "$ref": "#/definitions/errorResponse"
            }
          },
          "401": {
            "description": "Authentication credentials were missing or incorrect.",
            "schema": {
              "$ref": "#/definitions/errorResponse"
            }
          },
          "500": {
            "description": "A server error was encountered during a downstream call by the API",
            "schema": {
              "$ref": "#/definitions/errorResponse"
            }
          }
        }
      },
      "post": {
        "summary": "create customer contact details",
        "parameters": [
          {
            "name": "customerId",
            "in": "path",
            "required": true,
            "type": "string"
          },
          {
            "name": "body",
            "in": "body",
            "description": "customer contact entity to be created",
            "required": true,
            "schema": {
              "$ref": "#/definitions/contactRequest"
            }
          }
        ],
        "responses": {
          "201": {
            "description": "Created",
            "schema": {
              "$ref": "#/definitions/commonResponse"
            }
          },
          "400": {
            "description": "The request was invalid or cannot be otherwise served.",
            "schema": {
              "$ref": "#/definitions/errorResponse"
            }
          },
          "401": {
            "description": "Authentication credentials were missing or incorrect.",
            "schema": {
              "$ref": "#/definitions/errorResponse"
            }
          },
          "500": {
            "description": "A server error was encountered during a downstream call by the API",
            "schema": {
              "$ref": "#/definitions/errorResponse"
            }
          }
        }
      }
    },
    "/v2/customers/{customerId}/contacts/{contactId}": {
      "put": {
        "summary": "modify customer contact details",
        "parameters": [
          {
            "name": "customerId",
            "in": "path",
            "required": true,
            "type": "string"
          },
          {
            "name": "contactId",
            "in": "path",
            "required": true,
            "type": "string"
          },
          {
            "name": "body",
            "in": "body",
            "description": "customer contact entity to be modified",
            "required": true,
            "schema": {
              "$ref": "#/definitions/contactRequest"
            }
          }
        ],
        "responses": {
          "204": {
            "description": "No Content"
          },
          "400": {
            "description": "The request was invalid or cannot be otherwise served.",
            "schema": {
              "$ref": "#/definitions/errorResponse"
            }
          },
          "401": {
            "description": "Authentication credentials were missing or incorrect.",
            "schema": {
              "$ref": "#/definitions/errorResponse"
            }
          },
          "404": {
            "description": "The URI requested is invalid or the resource requested does not exist.",
            "schema": {
              "$ref": "#/definitions/errorResponse"
            }
          },
          "500": {
            "description": "A server error was encountered during a downstream call by the API",
            "schema": {
              "$ref": "#/definitions/errorResponse"
            }
          }
        }
      }
    },
    "/v2/customers/{customerId}/authorisedThirdParties": {
      "get": {
        "summary": "retrieve details of authorised third parties",
        "parameters": [
          {
            "name": "customerId",
            "in": "path",
            "description": "customer id",
            "type": "string",
            "required": true
          }
        ],
        "responses": {
          "200": {
            "description": "OK",
            "schema": {
              "$ref": "#/definitions/customerAuthorisedThirdParties"
            }
          },
          "400": {
            "description": "The request was invalid or cannot be otherwise served.",
            "schema": {
              "$ref": "#/definitions/errorResponse"
            }
          },
          "401": {
            "description": "Authentication credentials were missing or incorrect.",
            "schema": {
              "$ref": "#/definitions/errorResponse"
            }
          },
          "500": {
            "description": "A server error was encountered during a downstream call by the API",
            "schema": {
              "$ref": "#/definitions/errorResponse"
            }
          }
        }
      }
    },
    "/v2/customers/{customerId}/correspondence": {
      "get": {
        "summary": "retrieve a list of all correspondence for a customer",
        "parameters": [
          {
            "name": "customerId",
            "in": "path",
            "description": "customer id",
            "type": "string",
            "required": true
          },
          {
            "name": "page",
            "in": "query",
            "required": false,
            "type": "number",
            "description": "Please refer to the sharepoint link\nhttp://rliprojects-portal/programme/scottishlife/ThinkBeyond/APIFactory/Project%20Documents/2.%20Solution%20Design/Integration%20Layer%20and%20APIs%20Technical%20Note_1.1.docx\non usage of Expand, Sorting and paging approach\n"
          },
          {
            "name": "pageSize",
            "in": "query",
            "required": false,
            "type": "number",
            "description": "Please refer to the sharepoint link\nhttp://rliprojects-portal/programme/scottishlife/ThinkBeyond/APIFactory/Project%20Documents/2.%20Solution%20Design/Integration%20Layer%20and%20APIs%20Technical%20Note_1.1.docx\non usage of Expand, Sorting and paging approach\n"
          },
          {
            "name": "sessionId",
            "in": "query",
            "required": false,
            "type": "string",
            "description": "Please refer to the sharepoint link\nhttp://rliprojects-portal/programme/scottishlife/ThinkBeyond/APIFactory/Project%20Documents/2.%20Solution%20Design/Integration%20Layer%20and%20APIs%20Technical%20Note_1.1.docx\non usage of Expand, Sorting and paging approach\n"
          },
          {
            "name": "pageReset",
            "in": "query",
            "required": false,
            "type": "string",
            "description": "Please refer to the sharepoint link\nhttp://rliprojects-portal/programme/scottishlife/ThinkBeyond/APIFactory/Project%20Documents/2.%20Solution%20Design/Integration%20Layer%20and%20APIs%20Technical%20Note_1.1.docx\non usage of Expand, Sorting and paging approach\n"
          },
          {
            "name": "startDate",
            "in": "query",
            "required": false,
            "description": "Start of period (If not provided then should be joining date)",
            "type": "string",
            "format": "date",
            "default": "Joining date"
          },
          {
            "name": "endDate",
            "in": "query",
            "required": false,
            "description": "End of period (If not provided then this should be the current date)",
            "type": "string",
            "format": "date",
            "default": "Current date"
          },
          {
            "name": "correspondenceType",
            "in": "query",
            "required": false,
            "description": "Type of correspondence",
            "type": "string"
          }
        ],
        "responses": {
          "200": {
            "description": "OK",
            "schema": {
              "$ref": "#/definitions/customerCorrespondence"
            }
          },
          "400": {
            "description": "The request was invalid or cannot be otherwise served.",
            "schema": {
              "$ref": "#/definitions/errorResponse"
            }
          },
          "401": {
            "description": "Authentication credentials were missing or incorrect.",
            "schema": {
              "$ref": "#/definitions/errorResponse"
            }
          },
          "404": {
            "description": "The URI requested is invalid or the resource requested does not exist.",
            "schema": {
              "$ref": "#/definitions/errorResponse"
            }
          },
          "500": {
            "description": "A server error was encountered during a downstream call by the API",
            "schema": {
              "$ref": "#/definitions/errorResponse"
            }
          }
        }
      }
    }
  },
  "definitions": {
    "customerCorrespondence": {
      "properties": {
        "_metadata": {
          "$ref": "#/definitions/metadata"
        },
        "_items": {
          "type": "array",
          "items": {
            "$ref": "#/definitions/customerCorrespondenceData"
          }
        }
      }
    },
    "customerCorrespondenceData": {
      "required": [
        "id",
        "correspondenceType",
        "correspondenceCreationDate"
      ],
      "type": "object",
      "properties": {
        "id": {
          "type": "string",
          "description": "identifier of correspondence"
        },
        "correspondenceType": {
          "type": "string",
          "description": "Type of correspondence generated \n* AS\n"
        },
        "correspondenceCreationDate": {
          "type": "string",
          "format": "date",
          "description": "Date when the correspondence was created"
        },
        "correspondenceTitle": {
          "type": "string",
          "description": "Title of correspondence generated",
          "example": "Annual Summary"
        },
        "correspondenceLink": {
          "type": "string",
          "description": "Link to the correspondence"
        }
      }
    },
    "customerAuthorisedThirdParties": {
      "properties": {
        "_items": {
          "type": "array",
          "items": {
            "$ref": "#/definitions/customerAuthorisedThirdPartiesData"
          }
        },
        "earmarkingOrderFlag": {
          "type": "boolean",
          "example": true
        }
      }
    },
    "customerAuthorisedThirdPartiesData": {
      "type": "object",
      "properties": {
        "thirdPartyType": {
          "type": "string",
          "description": "type of third party\n* Legal Guardians\n* Power Of Attorney\n"
        },
        "firstName": {
          "type": "string",
          "description": "First name",
          "example": "John"
        },
        "surname": {
          "type": "string",
          "description": "Surname",
          "example": "Doe"
        },
        "address": {
          "$ref": "#/definitions/address"
        }
      }
    },
    "customersListResponse": {
      "properties": {
        "_metadata": {
          "$ref": "#/definitions/metadata"
        },
        "_items": {
          "type": "array",
          "items": {
            "$ref": "#/definitions/customersList"
          }
        }
      }
    },
    "commonResponse": {
      "properties": {
        "id": {
          "type": "string"
        },
        "href": {
          "type": "string"
        }
      }
    },
    "createCustomerRequest": {
      "required": [
        "firstName",
        "surname",
        "dateOfBirth",
        "maritalStatusType",
        "allowMarketingFlag",
        "paperlessCommunicationFlag"
      ],
      "properties": {
        "firstName": {
          "type": "string",
          "description": "first name"
        },
        "surname": {
          "type": "string",
          "description": "surname"
        },
        "niNumber": {
          "type": "string",
          "description": "National Insurance Number"
        },
        "titleType": {
          "type": "string",
          "description": "title"
        },
        "dateOfBirth": {
          "type": "string",
          "format": "date",
          "description": "date of birth"
        },
        "retirementAge": {
          "type": "number",
          "description": "the retirement age of the customer"
        },
        "ageConfirmedFlag": {
          "type": "boolean",
          "description": "Age has been proved by a Birth Certificate"
        },
        "educationalQualifications": {
          "type": "string",
          "description": "the qualifications of education"
        },
        "formerName": {
          "type": "string",
          "description": "previous and Maiden Name"
        },
        "retirementDate": {
          "type": "string",
          "format": "date",
          "description": "retirement date"
        },
        "maritalStatusType": {
          "type": "string",
          "description": "* Single\n* Married\n* Divorced\n* Parted\n* Widowed\n* Unknown\n"
        },
        "genderType": {
          "type": "string",
          "description": "* male\n* female\n"
        },
        "allowMarketingFlag": {
          "type": "boolean",
          "description": "allow marketing"
        },
        "paperlessCommunicationFlag": {
          "type": "boolean",
          "description": "Does the customer want to receive the majority of their communication via paperless channels"
        },
        "policies": {
          "type": "array",
          "items": {
            "$ref": "#/definitions/policyRequest"
          }
        }
      }
    },
    "updateCustomerRequest": {
      "properties": {
        "niNumber": {
          "type": "string",
          "description": "National Insurance Number"
        },
        "titleType": {
          "type": "string",
          "description": "title"
        },
        "retirementAge": {
          "type": "number",
          "description": "the retirement age of the customer"
        },
        "ageConfirmedFlag": {
          "type": "boolean",
          "description": "Age has been proved by a Birth Certificate"
        },
        "educationalQualifications": {
          "type": "string",
          "description": "the qualifications of education"
        },
        "formerName": {
          "type": "string",
          "description": "previous and Maiden Name"
        },
        "retirementDate": {
          "type": "string",
          "format": "date",
          "description": "retirement date"
        },
        "maritalStatusType": {
          "type": "string",
          "description": "* Single\n* Married\n* Divorced\n* Parted\n* Widowed\n* Unknown\n"
        },
        "genderType": {
          "type": "string",
          "description": "* male\n* female\n"
        },
        "allowMarketingFlag": {
          "type": "boolean",
          "description": "allow marketing"
        },
        "paperlessCommunicationFlag": {
          "type": "boolean",
          "description": "Does the customer want to receive the majority of their communication via paperless channels"
        }
      }
    },
    "customersList": {
      "required": [
        "id",
        "href",
        "firstName",
        "surname",
        "dateOfBirth"
      ],
      "properties": {
        "id": {
          "type": "string",
          "description": "identifier of customer"
        },
        "href": {
          "type": "string"
        },
        "firstName": {
          "type": "string",
          "description": "first name"
        },
        "surname": {
          "type": "string",
          "description": "surname"
        },
        "titleType": {
          "type": "string",
          "description": "Title"
        },
        "niNumber": {
          "type": "string",
          "description": "National Insurance Number"
        },
        "dateOfBirth": {
          "type": "string",
          "format": "date",
          "description": "Date of Birth"
        }
      }
    },
    "customerDetails": {
      "required": [
        "id",
        "href",
        "firstName",
        "surname",
        "dateOfBirth",
        "maritalStatusType",
        "allowMarketingFlag",
        "paperlessCommunicationFlag"
      ],
      "properties": {
        "id": {
          "type": "string",
          "description": "identifier of customer"
        },
        "href": {
          "type": "string"
        },
        "firstName": {
          "type": "string",
          "description": "first name"
        },
        "surname": {
          "type": "string",
          "description": "surname"
        },
        "titleType": {
          "type": "string",
          "description": "Title"
        },
        "niNumber": {
          "type": "string",
          "description": "National Insurance Number"
        },
        "dateOfBirth": {
          "type": "string",
          "format": "date",
          "description": "Date of Birth"
        },
        "retirementAge": {
          "type": "number",
          "description": "Retirement Age"
        },
        "ageConfirmedFlag": {
          "type": "boolean",
          "description": "Age has been proved by a Birth Certificate"
        },
        "educationalQualifications": {
          "type": "string",
          "description": "Educational Qualifications"
        },
        "formerName": {
          "type": "string",
          "description": "previous and Maiden Name"
        },
        "retirementDate": {
          "type": "string",
          "format": "date",
          "description": "Retirement Date"
        },
        "maritalStatusType": {
          "type": "string",
          "description": "* Single\n* Married\n* Divorced\n* Parted\n* Widowed\n* Unknown\n"
        },
        "genderType": {
          "type": "string",
          "description": "* male\n* female\n"
        },
        "allowMarketingFlag": {
          "type": "boolean",
          "description": "allow marketing"
        },
        "paperlessCommunicationFlag": {
          "type": "boolean",
          "description": "Does the customer want to receive the majority of their communication via paperless channels"
        },
        "joiningDate": {
          "type": "string",
          "format": "date"
        },
        "primaryAddressFlag": {
          "type": "boolean",
          "description": "Has the authorised third party has been selected as the ‘primary correspondence address’ instead of the customers address",
          "example": true
        },
        "policies": {
          "type": "array",
          "items": {
            "$ref": "#/definitions/policies"
          }
        }
      }
    },
    "alerts": {
      "properties": {
        "_items": {
          "type": "array",
          "items": {
            "$ref": "#/definitions/alertsDetail"
          }
        }
      }
    },
    "alertsDetail": {
      "type": "object",
      "required": [
        "alertType"
      ],
      "properties": {
        "alertType": {
          "description": "Type of alerts \n* PendingTransfer\n* IncreaseInRegularContribution\n* ForeignAddress\n",
          "type": "string"
        },
        "IncreaseInContributionDate": {
          "type": "string",
          "format": "date",
          "example": "2018-02-22T00:00:00.000Z"
        },
        "IncreaseInContributionPercent": {
          "type": "number",
          "format": "double",
          "example": 23
        },
        "contributionAmount": {
          "type": "number",
          "format": "double",
          "example": 1000
        }
      }
    },
    "policyRequest": {
      "type": "object",
      "properties": {
        "id": {
          "type": "string"
        }
      }
    },
    "policies": {
      "type": "object",
      "properties": {
        "id": {
          "type": "string",
          "description": "identifier of policy"
        },
        "href": {
          "type": "string"
        },
        "adviserId": {
          "type": "string",
          "description": "adviser Id for the policy."
        },
        "sourceType": {
          "type": "string",
          "description": "provides where the policy is available (Sonata/Oryx)."
        },
        "productName": {
          "type": "string",
          "description": "product name for the policy"
        }
      }
    },
    "contactRequest": {
      "properties": {
        "contactType": {
          "description": "contact type describes if the contact is address|phoneNumber\n(home/mobile/office)|email. contactValue attribute will be considered,\ndepending on type != address. address attribute will be considered,\ndepending on the type = address\n* mobilePhone\n* homePhone\n* faxNumber\n* businessPhone\n* email\n* address\n",
          "type": "string"
        },
        "contactValue": {
          "type": "string"
        },
        "address": {
          "$ref": "#/definitions/address"
        }
      }
    },
    "contactsResponse": {
      "properties": {
        "_items": {
          "type": "array",
          "items": {
            "$ref": "#/definitions/contacts"
          }
        }
      }
    },
    "contacts": {
      "properties": {
        "id": {
          "type": "string",
          "description": "identifier of contact"
        },
        "href": {
          "type": "string"
        },
        "contactType": {
          "description": "contact type describes if the contact is address|phoneNumber\n(home/mobile/office)|email. contactValue attribute will be considered,\ndepending on type != address. address attribute will be considered,\ndepending on the type = address\n* mobilePhone\n* homePhone\n* faxNumber\n* businessPhone\n* email\n* address\n",
          "type": "string"
        },
        "contactValue": {
          "type": "string",
          "example": "07923474817"
        },
        "address": {
          "$ref": "#/definitions/address"
        }
      }
    },
    "address": {
      "type": "object",
      "required": [
        "addressType",
        "addressLine1",
        "cityOrTown",
        "postcode",
        "countryType"
      ],
      "properties": {
        "addressType": {
          "type": "string",
          "description": "the type of the address\n* primaryAddress\n"
        },
        "addressLine1": {
          "type": "string",
          "description": "address line1"
        },
        "addressLine2": {
          "type": "string",
          "description": "address line2"
        },
        "addressLine3": {
          "type": "string",
          "description": "address line3"
        },
        "cityOrTown": {
          "type": "string",
          "description": "City or town"
        },
        "postcode": {
          "type": "string",
          "description": "postcode"
        },
        "countryType": {
          "type": "string",
          "description": "country"
        }
      }
    },
    "metadata": {
      "properties": {
        "itemsCount": {
          "type": "number",
          "example": 102,
          "description": "Indicates the total number of items within the resource collection."
        },
        "retrievedAt": {
          "type": "string",
          "format": "date-time",
          "example": "2017-10-10T01:20:30",
          "description": "A date-time object indicating when the contents of the list were retrieved from the system of record. For a paged list this may be some time before the current page of information was requested. Clients may use this field to decide if they believe a refresh is necessary"
        },
        "sessionId": {
          "type": "string",
          "example": "P1234567890",
          "description": "The unique identifier of the paging session. Clients must pass this contactValue when requesting pages of a cached list"
        },
        "pageNumber": {
          "type": "number",
          "example": 2,
          "description": "The current page number within the resource collection. The initial page is page 0"
        },
        "pageSize": {
          "type": "number",
          "example": 50,
          "description": "The size of each page that may be requested. This is specified by the client application when a paged list is created"
        },
        "pageMax": {
          "type": "number",
          "example": 2,
          "description": "The maximum page number that may be requested."
        }
      }
    },
    "errorResponse": {
      "type": "object",
      "required": [
        "errorId",
        "errorMsg",
        "errorCode",
        "errorType",
        "contextInfo"
      ],
      "properties": {
        "errorId": {
          "type": "string",
          "description": "Error ID.",
          "example": 123456789
        },
        "errorMsg": {
          "type": "string",
          "description": "Error Message",
          "example": "error"
        },
        "errorCode": {
          "type": "string",
          "description": "Error Message",
          "example": "TIB-NO-SUCH-customer-xx1"
        },
        "errorType": {
          "type": "string",
          "description": "Type of error \n* Technical \n* Business\n",
          "example": "Technical"
        },
        "contextInfo": {
          "type": "array",
          "items": {
            "$ref": "#/definitions/contextInfo"
          }
        }
      }
    },
    "contextInfo": {
      "type": "object",
      "required": [
        "name",
        "contactValue"
      ],
      "properties": {
        "name": {
          "type": "string",
          "description": "name of the context attribute.",
          "example": "filename"
        },
        "contactValue": {
          "type": "string",
          "description": "contactValue of context attribute.",
          "example": "c:\\files\\file1.txt"
        }
      }
    }
  }
}