{
  "swagger" : "2.0",
  "info" : {
    "version" : "1.0",
    "title" : "Summary about the new REST service.",
    "description" : "Summary about the new REST service."
  },
  "host" : "localhost:8080",
  "basePath" : "/",
  "schemes" : [ "http" ],
  "paths" : {
    "/secure/api/v1/advisers/{adviserId}" : {
      "get" : {
        "description" : "",
        "operationId" : "get-secure-api-v1-advisers",
        "consumes" : [ "application/json" ],
        "produces" : [ "application/json", "application/xml" ],
        "parameters" : [ {
          "name" : "adviserId",
          "in" : "path",
          "description" : "",
          "type" : "string",
          "required" : true
        } ],
        "responses" : {
          "200" : {
            "description" : "a adviserDetails to be returned",
            "schema" : {
              "$ref" : "#/definitions/adviserDetails"
            },
            "headers" : { }
          },
          "400" : {
            "description" : "The request was invalid or cannot be otherwise served.",
            "schema" : {
              "$ref" : "#/definitions/RESTException"
            }
          },
          "401" : {
            "description" : "Authentication credentials were missing or incorrect.",
            "schema" : {
              "$ref" : "#/definitions/RESTException"
            }
          },
          "404" : {
            "description" : "The URI requested is invalid or the resource requested does not exist.",
            "schema" : {
              "$ref" : "#/definitions/RESTException"
            }
          },
          "500" : {
            "description" : "A server error was encountered during a downstream call by the API",
            "schema" : {
              "$ref" : "#/definitions/RESTException"
            }
          }
        }
      }
    }
  },
  "definitions" : {
    "RESTException" : {
      "type" : "object",
      "properties" : { }
    },
    "address" : {
      "type" : "object",
      "properties" : {
        "country" : {
          "type" : "string"
        },
        "addressType" : {
          "type" : "string"
        },
        "postcode" : {
          "type" : "string"
        },
        "addressLine1" : {
          "type" : "string"
        },
        "addressLine2" : {
          "type" : "string"
        },
        "addressLine3" : {
          "type" : "string"
        },
        "cityOrTown" : {
          "type" : "string"
        }
      }
    },
    "adviserDetails" : {
      "type" : "object",
      "required" : [ "id" ],
      "properties" : {
        "firstName" : {
          "type" : "string"
        },
        "emailAddress" : {
          "type" : "string"
        },
        "phoneNumber" : {
          "type" : "string"
        },
        "address" : {
          "type" : "array",
          "items" : {
            "$ref" : "#/definitions/address",
            "uniqueItems" : false
          }
        },
        "surname" : {
          "type" : "string"
        },
        "id" : {
          "type" : "string"
        },
        "firms" : {
          "type" : "array",
          "items" : {
            "$ref" : "#/definitions/firms",
            "uniqueItems" : false
          }
        }
      }
    },
    "firms" : {
      "type" : "object",
      "properties" : {
        "firmId" : {
          "type" : "string"
        },
        "firmName" : {
          "type" : "string"
        }
      }
    }
  }
}