<?xml version="1.0" encoding="utf-8"?>
<configuration>
  <properties>
    <property name="//BT_PENSIONS_Customers-implement.module///services/BT_PENSIONS_Customers/Customers/getAccount/country">
      <environment name="DEFAULT" value="UK" />
    </property>
    <property name="//BT_PENSIONS_Customers-implement.module///services/BT_PENSIONS_Customers/Customers/getAccount/language">
      <environment name="DEFAULT" value="EN" />
    </property>
    <property name="//BT_PENSIONS_Customers-implement.module///services/BT_PENSIONS_Customers/Customers/getAccount/username">
      <environment name="DEFAULT" value="~TIBVAL_username~" />
    </property>
    <property name="//BT_PENSIONS_Customers-implement.module///services/BT_PENSIONS_Customers/Customers/getAccount/includeExternalReference">
      <environment name="DEFAULT" value="true" />
    </property>
    <property name="//BT_PENSIONS_Customers-implement.module///services/BT_PENSIONS_Customers/Customers/getAccount/databaseIdentifier">
      <environment name="DEFAULT" value="~TIBVAL_databaseIdentifier~" />
    </property>
    <property name="//BT_PENSIONS_Customers-implement.module///services/BT_PENSIONS_Customers/Customers/getAccount/includeProduct">
      <environment name="DEFAULT" value="true" />
    </property>
    <property name="//BT_PENSIONS_Customers-implement.module///services/BT_PENSIONS_Customers/Customers/ftlRequest/channel_createCustomer">
      <environment name="DEFAULT" value="tt_pensions_dyn_customers_createcustomer_v2" />
    </property>
    <property name="//BT_PENSIONS_Customers-implement.module///services/BT_PENSIONS_Customers/Customers/ftlRequest/format">
      <environment name="DEFAULT" value="CSF" />
    </property>
    <property name="//BT_PENSIONS_Customers-implement.module///services/BT_PENSIONS_Customers/Customers/ftlRequest/channel_retrieveCustomers">
      <environment name="DEFAULT" value="tt_pensions_dyn_customers_findcustomers_v2" />
    </property>
    <property name="//BT_PENSIONS_Customers-implement.module///services/BT_PENSIONS_Customers/Customers/ftlRequest/channel_createCustContacts">
      <environment name="DEFAULT" value="tt_pensions_dyn_customers_createcustomercontacts_v2" />
    </property>
    <property name="//BT_PENSIONS_Customers-implement.module///services/BT_PENSIONS_Customers/Customers/ftlRequest/channel_createEvent">
      <environment name="DEFAULT" value="tt_pensions_dyn_customers_createevent_v1" />
    </property>
    <property name="//BT_PENSIONS_Customers-implement.module///services/BT_PENSIONS_Customers/Customers/ftlRequest/channel_findAuthorisedThirdParties">
      <environment name="DEFAULT" value="tt_pensions_dyn_customers_findauthorisedthirdparties_v2" />
    </property>
    <property name="//BT_PENSIONS_Customers-implement.module///services/BT_PENSIONS_Customers/Customers/ftlRequest/channel_getAccountDetails">
      <environment name="DEFAULT" value="tt_pensions_sonata_getaccountdetails" />
    </property>
    <property name="//BT_PENSIONS_Customers-implement.module///services/BT_PENSIONS_Customers/Customers/ftlRequest/channel_retrieveCustomer">
      <environment name="DEFAULT" value="tt_pensions_dyn_customers_getcustomer_v2" />
    </property>
    <property name="//BT_PENSIONS_Customers-implement.module///services/BT_PENSIONS_Customers/Customers/ftlRequest/channel_updateCustomer">
      <environment name="DEFAULT" value="tt_pensions_dyn_customers_updatecustomer_v2" />
    </property>
    <property name="//BT_PENSIONS_Customers-implement.module///services/BT_PENSIONS_Customers/Customers/ftlRequest/channel_findCorrespondence">
      <environment name="DEFAULT" value="tt_pensions_dyn_customers_findcorrespondence_v2" />
    </property>
    <property name="//BT_PENSIONS_Customers-implement.module///services/BT_PENSIONS_Customers/Customers/ftlRequest/formatName">
      <environment name="DEFAULT" value="" />
    </property>
    <property name="//BT_PENSIONS_Customers-implement.module///services/BT_PENSIONS_Customers/Customers/ftlRequest/channel_retrieveCustContacts">
      <environment name="DEFAULT" value="tt_pensions_dyn_customers_findcustomercontacts_v2" />
    </property>
    <property name="//BT_PENSIONS_Customers-implement.module///services/BT_PENSIONS_Customers/Customers/ftlRequest/channel_modifyCustomer">
      <environment name="DEFAULT" value="tt_pensions_dyn_customers_modifycustomer_v2" />
    </property>
    <property name="//BT_PENSIONS_Customers-implement.module///services/BT_PENSIONS_Customers/Customers/ftlRequest/channel_modifyCustContacts">
      <environment name="DEFAULT" value="tt_pensions_dyn_customers_modifycustomercontacts_v2" />
    </property>
    <property name="//BT_PENSIONS_Customers-implement.module///services/BT_PENSIONS_Customers/Customers/ftlRequest/endpoint">
      <environment name="DEFAULT" value="SyncRequestDyn_ep" />
    </property>
    <property name="//BT_PENSIONS_Customers-implement.module///services/BT_PENSIONS_Customers/Customers/ftlRequest/channel_getAccountList">
      <environment name="DEFAULT" value="tt_pensions_sonata_getaccountlist" />
    </property>
    <property name="//BT_PENSIONS_Customers-implement.module///services/BT_PENSIONS_Customers/Customers/ftlRequest/advanced/activityTimeout">
      <environment name="DEFAULT" value="30000" />
    </property>
    <property name="//BT_PENSIONS_Customers-implement.module///services/BT_PENSIONS_Customers/Customers/createEvent/InitiatorType">
      <environment name="DEFAULT" value="853790001" />
    </property>
    <property name="//BT_PENSIONS_Customers-implement.module///services/BT_PENSIONS_Customers/Customers/createEvent/EventSource">
      <environment name="DEFAULT" value="853790001" />
    </property>
    <property name="//BT_PENSIONS_Customers-implement.module///services/BT_PENSIONS_Customers/Customers/createEvent/eventName/address">
      <environment name="DEFAULT" value="Address Change" />
    </property>
    <property name="//BT_PENSIONS_Customers-implement.module///services/BT_PENSIONS_Customers/Customers/createEvent/eventName/mobilePhone">
      <environment name="DEFAULT" value="Mobile phone change" />
    </property>
    <property name="//BT_PENSIONS_Customers-implement.module///services/BT_PENSIONS_Customers/Customers/createEvent/eventName/homePhone">
      <environment name="DEFAULT" value="Home phone change" />
    </property>
    <property name="//BT_PENSIONS_Customers-implement.module///services/BT_PENSIONS_Customers/Customers/createEvent/eventName/fax">
      <environment name="DEFAULT" value="Fax change" />
    </property>
    <property name="//BT_PENSIONS_Customers-implement.module///services/BT_PENSIONS_Customers/Customers/createEvent/eventName/email">
      <environment name="DEFAULT" value="Email Change" />
    </property>
    <property name="//BT_PENSIONS_Customers-implement.module///services/BT_PENSIONS_Customers/Customers/createEvent/eventName/name">
      <environment name="DEFAULT" value="Name change" />
    </property>
    <property name="//BT_PENSIONS_Customers-implement.module///services/BT_PENSIONS_Customers/Customers/createEvent/eventName/personalDetails">
      <environment name="DEFAULT" value="Personal details Change" />
    </property>
    <property name="//BT_PENSIONS_Customers-implement.module///services/BT_PENSIONS_Customers/Customers/createEvent/description/mobilePhone">
      <environment name="DEFAULT" value="Mobile phone has been changed" />
    </property>
    <property name="//BT_PENSIONS_Customers-implement.module///services/BT_PENSIONS_Customers/Customers/createEvent/description/homePhone">
      <environment name="DEFAULT" value="Home phone has been changed" />
    </property>
    <property name="//BT_PENSIONS_Customers-implement.module///services/BT_PENSIONS_Customers/Customers/createEvent/description/address">
      <environment name="DEFAULT" value="Address has been changed" />
    </property>
    <property name="//BT_PENSIONS_Customers-implement.module///services/BT_PENSIONS_Customers/Customers/createEvent/description/fax">
      <environment name="DEFAULT" value="Fax has been changed" />
    </property>
    <property name="//BT_PENSIONS_Customers-implement.module///services/BT_PENSIONS_Customers/Customers/createEvent/description/email">
      <environment name="DEFAULT" value="Email has been changed" />
    </property>
    <property name="//BT_PENSIONS_Customers-implement.module///services/BT_PENSIONS_Customers/Customers/createEvent/description/personalDetails">
      <environment name="DEFAULT" value="Personal details have been changed" />
    </property>
    <property name="//BT_PENSIONS_Customers-implement.module///services/BT_PENSIONS_Customers/Customers/createEvent/description/name">
      <environment name="DEFAULT" value="Name has been changed" />
    </property>
    <property name="//BT_PENSIONS_Customers-implement.module///services/BT_PENSIONS_Customers/Customers/createEvent/externalEventType/address">
      <environment name="DEFAULT" value="ADD" />
    </property>
    <property name="//BT_PENSIONS_Customers-implement.module///services/BT_PENSIONS_Customers/Customers/createEvent/externalEventType/fax">
      <environment name="DEFAULT" value="PHO" />
    </property>
    <property name="//BT_PENSIONS_Customers-implement.module///services/BT_PENSIONS_Customers/Customers/createEvent/externalEventType/mobilePhone">
      <environment name="DEFAULT" value="PHO" />
    </property>
    <property name="//BT_PENSIONS_Customers-implement.module///services/BT_PENSIONS_Customers/Customers/createEvent/externalEventType/homePhone">
      <environment name="DEFAULT" value="PHO" />
    </property>
    <property name="//BT_PENSIONS_Customers-implement.module///services/BT_PENSIONS_Customers/Customers/createEvent/externalEventType/email">
      <environment name="DEFAULT" value="EMA" />
    </property>
    <property name="//BT_PENSIONS_Customers-implement.module///services/BT_PENSIONS_Customers/Customers/createEvent/externalEventType/personalDetails">
      <environment name="DEFAULT" value="PER" />
    </property>
    <property name="//BT_PENSIONS_Customers-implement.module///services/BT_PENSIONS_Customers/Customers/createEvent/externalEventType/name">
      <environment name="DEFAULT" value="NAM" />
    </property>
    <property name="//BT_PENSIONS_Customers-service.module///services/BT_PENSIONS_Customers/Customers/ftlCustomers/channel_findAuthorisedThirdParties">
      <environment name="DEFAULT" value="{&quot;channel&quot;:&quot;bt_pensions_customers_findauthorizedthirdparties_v2&quot;}" />
    </property>
    <property name="//BT_PENSIONS_Customers-service.module///services/BT_PENSIONS_Customers/Customers/ftlCustomers/channel_retrieveCustomer">
      <environment name="DEFAULT" value="{&quot;channel&quot;:&quot;bt_pensions_customers_getcustomer_v2&quot;}" />
    </property>
    <property name="//BT_PENSIONS_Customers-service.module///services/BT_PENSIONS_Customers/Customers/ftlCustomers/channel_retrieveCustomers">
      <environment name="DEFAULT" value="{&quot;channel&quot;:&quot;bt_pensions_customers_findcustomers_v2&quot;}" />
    </property>
    <property name="//BT_PENSIONS_Customers-service.module///services/BT_PENSIONS_Customers/Customers/ftlCustomers/formatName">
      <environment name="DEFAULT" value="" />
    </property>
    <property name="//BT_PENSIONS_Customers-service.module///services/BT_PENSIONS_Customers/Customers/ftlCustomers/channel_retrieveCustContacts">
      <environment name="DEFAULT" value="{&quot;channel&quot;:&quot;bt_pensions_customers_findcustomercontacts_v2&quot;}" />
    </property>
    <property name="//BT_PENSIONS_Customers-service.module///services/BT_PENSIONS_Customers/Customers/ftlCustomers/endpoint">
      <environment name="DEFAULT" value="SyncResponseDyn_ep" />
    </property>
    <property name="//BT_PENSIONS_Customers-service.module///services/BT_PENSIONS_Customers/Customers/ftlCustomers/channel_createCustomer">
      <environment name="DEFAULT" value="{&quot;channel&quot;:&quot;bt_pensions_customers_createcustomer_v2&quot;}" />
    </property>
    <property name="//BT_PENSIONS_Customers-service.module///services/BT_PENSIONS_Customers/Customers/ftlCustomers/channel_findCorrespondence">
      <environment name="DEFAULT" value="{&quot;channel&quot;:&quot;bt_pensions_customers_findcorrespondence_v2&quot;}" />
    </property>
    <property name="//BT_PENSIONS_Customers-service.module///services/BT_PENSIONS_Customers/Customers/ftlCustomers/format">
      <environment name="DEFAULT" value="CSF" />
    </property>
    <property name="//BT_PENSIONS_Customers-service.module///services/BT_PENSIONS_Customers/Customers/ftlCustomers/channel_updateCustomer">
      <environment name="DEFAULT" value="{&quot;channel&quot;:&quot;bt_pensions_customers_updatecustomer_v2&quot;}" />
    </property>
    <property name="//BT_PENSIONS_Customers-service.module///services/BT_PENSIONS_Customers/Customers/ftlCustomers/channel_modifyCustContact">
      <environment name="DEFAULT" value="{&quot;channel&quot;:&quot;bt_pensions_customers_modifycustomercontacts_v2&quot;}" />
    </property>
    <property name="//BT_PENSIONS_Customers-service.module///services/BT_PENSIONS_Customers/Customers/ftlCustomers/channel_modifyCustomer">
      <environment name="DEFAULT" value="{&quot;channel&quot;:&quot;bt_pensions_customers_modifycustomer_v2&quot;}" />
    </property>
    <property name="//BT_PENSIONS_Customers-service.module///services/BT_PENSIONS_Customers/Customers/ftlCustomers/channel_createCustContact">
      <environment name="DEFAULT" value="{&quot;channel&quot;:&quot;bt_pensions_customers_createcustomercontacts_v2&quot;}" />
    </property>
    <property name="//BT_PENSIONS_Customers-service.module///services/BT_PENSIONS_Customers/Customers/ftlCustomers/advanced/ftlQueueSize">
      <environment name="DEFAULT" value="-1" />
    </property>
    <property name="//BT_PENSIONS_Customers-service.module///services/BT_PENSIONS_Customers/Customers/ftlCustomers/advanced/subscriberName">
      <environment name="DEFAULT" value="" />
    </property>
    <property name="//BT_PENSIONS_Customers-service.module///services/BT_PENSIONS_Customers/Customers/ftlCustomers/advanced/ftlQueueDispatcherThreads">
      <environment name="DEFAULT" value="1" />
    </property>
    <property name="//BT_PENSIONS_Customers-service.module///services/BT_PENSIONS_Customers/Customers/ftlCustomers/advanced/activityWorkerThreads">
      <environment name="DEFAULT" value="50%" />
    </property>
    <property name="//BT_PENSIONS_Customers-service.module///services/BT_PENSIONS_Customers/Customers/ftlCustomers/advanced/durableNames/durable_CreateCustomerContacts">
      <environment name="DEFAULT" value="bt_pensions_customers_createcustomercontacts_v2" />
    </property>
    <property name="//BT_PENSIONS_Customers-service.module///services/BT_PENSIONS_Customers/Customers/ftlCustomers/advanced/durableNames/durable_FindCorrespondence">
      <environment name="DEFAULT" value="bt_pensions_customers_findcorrespondence_v2" />
    </property>
    <property name="//BT_PENSIONS_Customers-service.module///services/BT_PENSIONS_Customers/Customers/ftlCustomers/advanced/durableNames/durable_FindCustomers">
      <environment name="DEFAULT" value="bt_pensions_customers_findcustomers_v2" />
    </property>
    <property name="//BT_PENSIONS_Customers-service.module///services/BT_PENSIONS_Customers/Customers/ftlCustomers/advanced/durableNames/durable_FindCustomerContacts">
      <environment name="DEFAULT" value="bt_pensions_customers_findcustomercontacts_v2" />
    </property>
    <property name="//BT_PENSIONS_Customers-service.module///services/BT_PENSIONS_Customers/Customers/ftlCustomers/advanced/durableNames/durable_ModifyCustomerContacts">
      <environment name="DEFAULT" value="bt_pensions_customers_modifycustomercontacts_v2" />
    </property>
    <property name="//BT_PENSIONS_Customers-service.module///services/BT_PENSIONS_Customers/Customers/ftlCustomers/advanced/durableNames/durable_CreateCustomer">
      <environment name="DEFAULT" value="bt_pensions_customers_createcustomer_v2" />
    </property>
    <property name="//BT_PENSIONS_Customers-service.module///services/BT_PENSIONS_Customers/Customers/ftlCustomers/advanced/durableNames/durable_FindAuthorisedThirdParties">
      <environment name="DEFAULT" value="bt_pensions_customers_findauthorisedthirdparties_v2" />
    </property>
    <property name="//BT_PENSIONS_Customers-service.module///services/BT_PENSIONS_Customers/Customers/ftlCustomers/advanced/durableNames/durable_UpdateCustomer">
      <environment name="DEFAULT" value="bt_pensions_customers_updatecustomer_v2" />
    </property>
    <property name="//BT_PENSIONS_Customers-service.module///services/BT_PENSIONS_Customers/Customers/ftlCustomers/advanced/durableNames/durable_GetCustomer">
      <environment name="DEFAULT" value="bt_pensions_customers_getcustomer_v2" />
    </property>
    <property name="//BT_PENSIONS_Customers-service.module///services/BT_PENSIONS_Customers/Customers/ftlCustomers/advanced/durableNames/durable_ModifyCustomer">
      <environment name="DEFAULT" value="bt_pensions_customers_modifycustomer_v2" />
    </property>
    <property name="//BT_PENSIONS_Customers-service.module///services/BT_PENSIONS_Customers/Customers/operations/findCorrespondence">
      <environment name="DEFAULT" value="FindCorrespondence" />
    </property>
    <property name="//BT_PENSIONS_Customers-service.module///services/BT_PENSIONS_Customers/Customers/operations/updateCustomer">
      <environment name="DEFAULT" value="UpdateCustomer" />
    </property>
    <property name="//BT_PENSIONS_Customers-service.module///services/BT_PENSIONS_Customers/Customers/operations/modifyCustomerContacts">
      <environment name="DEFAULT" value="ModifyCustomerContacts" />
    </property>
    <property name="//BT_PENSIONS_Customers-service.module///services/BT_PENSIONS_Customers/Customers/operations/createCustomerContacts">
      <environment name="DEFAULT" value="CreateCustomerContacts" />
    </property>
    <property name="//BT_PENSIONS_Customers-service.module///services/BT_PENSIONS_Customers/Customers/operations/getCustomer">
      <environment name="DEFAULT" value="GetCustomer" />
    </property>
    <property name="//BT_PENSIONS_Customers-service.module///services/BT_PENSIONS_Customers/Customers/operations/findCustomerContacts">
      <environment name="DEFAULT" value="FindCustomerContacts" />
    </property>
    <property name="//BT_PENSIONS_Customers-service.module///services/BT_PENSIONS_Customers/Customers/operations/findCustomers">
      <environment name="DEFAULT" value="FindCustomers" />
    </property>
    <property name="//BT_PENSIONS_Customers-service.module///services/BT_PENSIONS_Customers/Customers/operations/createCustomer">
      <environment name="DEFAULT" value="CreateCustomer" />
    </property>
    <property name="//BT_PENSIONS_Customers-service.module///services/BT_PENSIONS_Customers/Customers/operations/modifyCustomer">
      <environment name="DEFAULT" value="ModifyCustomer" />
    </property>
    <property name="//BT_PENSIONS_Customers-service.module///services/BT_PENSIONS_Customers/Customers/operations/findAuthorisedThirdParties">
      <environment name="DEFAULT" value="FindAuthorisedThirdParties" />
    </property>
  </properties>
  <deployment>
    <appspace>
      <environment name="DEFAULT" value="RLG_AS_BT"/>
    </appspace>
	<uploadArchivePath>
      <environment name="DEFAULT" value="Customers"/>
    </uploadArchivePath>
  </deployment>
</configuration>